指标名称,中国银行:人民币即期外汇牌价:现汇卖出价(10:00):美元兑人民币
2005-12-30,8.0854
2005-12-31,8.0847
2006-01-01,8.0847
2006-01-02,8.0847
2006-01-03,8.0847
2006-01-04,8.084
2006-01-05,8.0809
2006-01-06,8.0804
2006-01-07,8.0804
2006-01-08,8.0804
2006-01-09,8.0794
2006-01-10,8.0819
2006-01-11,8.0834
2006-01-12,8.0814
2006-01-13,8.0827
2006-01-14,8.0827
2006-01-15,8.0827
2006-01-16,8.0813
2006-01-17,8.082
2006-01-18,8.0849
2006-01-19,8.0831
2006-01-20,8.0797
2006-01-21,8.0797
2006-01-22,8.0797
2006-01-23,8.0784
2006-01-24,8.0769
2006-01-25,8.0774
2006-01-26,8.0764
2006-01-27,8.0754
2006-01-28,8.0752
2006-01-29,8.0752
2006-01-30,8.0752
2006-01-31,8.0752
2006-02-01,8.0752
2006-02-02,8.0752
2006-02-03,8.0752
2006-02-04,8.0752
2006-02-05,8.0752
2006-02-06,8.0709
2006-02-07,8.0717
2006-02-08,8.0689
2006-02-09,8.0704
2006-02-10,8.0655
2006-02-11,8.0665
2006-02-12,8.0665
2006-02-13,8.0616
2006-02-14,8.0621
2006-02-15,8.0625
2006-02-16,8.0639
2006-02-17,8.0636
2006-02-18,8.0636
2006-02-19,8.0636
2006-02-20,8.0627
2006-02-21,8.0629
2006-02-22,8.0631
2006-02-23,8.0629
2006-02-24,8.0569
2006-02-25,8.0569
2006-02-26,8.0569
2006-02-27,8.0554
2006-02-28,8.0559
2006-03-01,8.0517
2006-03-02,8.0538
2006-03-03,8.0519
2006-03-04,8.0519
2006-03-05,8.0519
2006-03-06,8.0526
2006-03-07,8.0569
2006-03-08,8.0619
2006-03-09,8.0619
2006-03-10,8.0641
2006-03-11,8.0641
2006-03-12,8.0641
2006-03-13,8.0647
2006-03-14,8.0619
2006-03-15,8.0532
2006-03-16,8.0509
2006-03-17,8.043
2006-03-18,8.043
2006-03-19,8.043
2006-03-20,8.0393
2006-03-21,8.0415
2006-03-22,8.0445
2006-03-23,8.0432
2006-03-24,8.0469
2006-03-25,8.0469
2006-03-26,8.0469
2006-03-27,8.0388
2006-03-28,8.0355
2006-03-29,8.0424
2006-03-30,8.0413
2006-03-31,8.0313
2006-04-01,8.0313
2006-04-02,8.0313
2006-04-03,8.0353
2006-04-04,8.0337
2006-04-05,8.0259
2006-04-06,8.0241
2006-04-07,8.0273
2006-04-08,8.0273
2006-04-09,8.0273
2006-04-10,8.0188
2006-04-11,8.0203
2006-04-12,8.0263
2006-04-13,8.0348
2006-04-14,8.0311
2006-04-15,8.0311
2006-04-16,8.0311
2006-04-17,8.0301
2006-04-18,8.0348
2006-04-19,8.0285
2006-04-20,8.0269
2006-04-21,8.0323
2006-04-22,8.0323
2006-04-23,8.0323
2006-04-24,8.0328
2006-04-25,8.0288
2006-04-26,8.0343
2006-04-27,8.0348
2006-04-28,8.0308
2006-04-29,8.0308
2006-04-30,8.0308
2006-05-01,8.0308
2006-05-02,8.0308
2006-05-03,8.0308
2006-05-04,8.0308
2006-05-05,8.0308
2006-05-06,8.0308
2006-05-07,8.0308
2006-05-08,8.0223
2006-05-09,8.0198
2006-05-10,8.0183
2006-05-11,8.0198
2006-05-12,8.0209
2006-05-13,8.0209
2006-05-14,8.0209
2006-05-15,8.013
2006-05-16,8.0198
2006-05-17,8.0178
2006-05-18,8.0258
2006-05-19,8.0328
2006-05-20,8.0328
2006-05-21,8.0328
2006-05-22,8.0388
2006-05-23,8.0388
2006-05-24,8.0398
2006-05-25,8.0398
2006-05-26,8.0388
2006-05-27,8.0388
2006-05-28,8.0388
2006-05-29,8.0393
2006-05-30,8.0449
2006-05-31,8.0336
2006-06-01,8.0358
2006-06-02,8.0403
2006-06-03,8.0403
2006-06-04,8.0403
2006-06-05,8.0228
2006-06-06,8.0296
2006-06-07,8.0316
2006-06-08,8.0288
2006-06-09,8.0268
2006-06-10,8.0268
2006-06-11,8.0268
2006-06-12,8.0309
2006-06-13,8.0193
2006-06-14,8.0158
2006-06-15,8.0153
2006-06-16,8.0138
2006-06-17,8.0138
2006-06-18,8.0138
2006-06-19,8.0198
2006-06-20,8.0178
2006-06-21,8.0118
2006-06-22,8.0108
2006-06-23,8.0148
2006-06-24,8.0148
2006-06-25,8.0148
2006-06-26,8.0168
2006-06-27,8.0139
2006-06-28,8.0133
2006-06-29,8.0128
2006-06-30,8.0083
2006-07-01,8.0104
2006-07-02,8.0104
2006-07-03,8.0133
2006-07-04,8.0138
2006-07-05,8.0108
2006-07-06,8.0063
2006-07-07,7.9998
2006-07-08,7.9998
2006-07-09,7.9998
2006-07-10,8.0031
2006-07-11,8.0073
2006-07-12,8.0064
2006-07-13,8.008
2006-07-14,8.0104
2006-07-15,8.0104
2006-07-16,8.0104
2006-07-17,8.0183
2006-07-18,8.0128
2006-07-19,8.0183
2006-07-20,8.0083
2006-07-21,7.9978
2006-07-22,7.9978
2006-07-23,7.9978
2006-07-24,8.0023
2006-07-25,8.0018
2006-07-26,7.9988
2006-07-27,7.989
2006-07-28,7.9867
2006-07-29,7.9867
2006-07-30,7.9867
2006-07-31,7.9817
2006-08-01,7.9883
2006-08-02,7.9827
2006-08-03,7.9878
2006-08-04,7.9908
2006-08-05,7.9908
2006-08-06,7.9908
2006-08-07,7.9846
2006-08-08,7.9857
2006-08-09,7.9923
2006-08-10,7.9795
2006-08-11,7.9872
2006-08-12,7.9872
2006-08-13,7.9872
2006-08-14,7.9948
2006-08-15,8.0143
2006-08-16,8.0033
2006-08-17,7.9852
2006-08-18,7.9898
2006-08-19,7.9898
2006-08-20,7.9898
2006-08-21,7.9797
2006-08-22,7.9819
2006-08-23,7.985
2006-08-24,7.9867
2006-08-25,7.9908
2006-08-26,7.9913
2006-08-27,7.9913
2006-08-28,7.9843
2006-08-29,7.9772
2006-08-30,7.9735
2006-08-31,7.9677
2006-09-01,7.9687
2006-09-02,7.9687
2006-09-03,7.9687
2006-09-04,7.9542
2006-09-05,7.9572
2006-09-06,7.9597
2006-09-07,7.9547
2006-09-08,7.9637
2006-09-09,7.9637
2006-09-10,7.9637
2006-09-11,7.9692
2006-09-12,7.9617
2006-09-13,7.9635
2006-09-14,7.9612
2006-09-15,7.9587
2006-09-16,7.9587
2006-09-17,7.9587
2006-09-18,7.9615
2006-09-19,7.9505
2006-09-20,7.9412
2006-09-21,7.938
2006-09-22,7.9334
2006-09-23,7.9334
2006-09-24,7.9334
2006-09-25,7.9326
2006-09-26,7.9266
2006-09-27,7.9186
2006-09-28,7.9111
2006-09-29,7.9233
2006-09-30,7.9233
2006-10-01,7.9233
2006-10-02,7.9233
2006-10-03,7.9233
2006-10-04,7.9233
2006-10-05,7.9233
2006-10-06,7.9233
2006-10-07,7.9233
2006-10-08,7.9233
2006-10-09,7.9136
2006-10-10,7.9274
2006-10-11,7.9281
2006-10-12,7.9281
2006-10-13,7.9146
2006-10-14,7.9146
2006-10-15,7.9146
2006-10-16,7.9281
2006-10-17,7.9226
2006-10-18,7.9216
2006-10-19,7.9261
2006-10-20,7.9141
2006-10-21,7.9141
2006-10-22,7.9141
2006-10-23,7.9134
2006-10-24,7.9201
2006-10-25,7.9136
2006-10-26,7.9086
2006-10-27,7.9041
2006-10-28,7.9041
2006-10-29,7.9017
2006-10-30,7.8912
2006-10-31,7.8939
2006-11-01,7.8883
2006-11-02,7.8881
2006-11-03,7.8851
2006-11-04,7.8851
2006-11-05,7.8851
2006-11-06,7.895
2006-11-07,7.8901
2006-11-08,7.8831
2006-11-09,7.8843
2006-11-10,7.8813
2006-11-11,7.8813
2006-11-12,7.8813
2006-11-13,7.8806
2006-11-14,7.8814
2006-11-15,7.8831
2006-11-16,7.8856
2006-11-17,7.8861
2006-11-18,7.8861
2006-11-19,7.8861
2006-11-20,7.8886
2006-11-21,7.8909
2006-11-22,7.8791
2006-11-23,7.8748
2006-11-24,7.8633
2006-11-25,7.8633
2006-11-26,7.8633
2006-11-27,7.8583
2006-11-28,7.8543
2006-11-29,7.8463
2006-11-30,7.8453
2006-12-01,7.8493
2006-12-02,7.8493
2006-12-03,7.8493
2006-12-04,7.8418
2006-12-05,7.8343
2006-12-06,7.8379
2006-12-07,7.8378
2006-12-08,7.8373
2006-12-09,7.8373
2006-12-10,7.8373
2006-12-11,7.8498
2006-12-12,7.8443
2006-12-13,7.8418
2006-12-14,7.8343
2006-12-15,7.8418
2006-12-16,7.8418
2006-12-17,7.8418
2006-12-18,7.8345
2006-12-19,7.8373
2006-12-20,7.8293
2006-12-21,7.8323
2006-12-22,7.8328
2006-12-23,7.8328
2006-12-24,7.8328
2006-12-25,7.8383
2006-12-26,7.8343
2006-12-27,7.8363
2006-12-28,7.8283
2006-12-29,7.8172
2006-12-30,7.823
2006-12-31,7.823
2007-01-01,7.823
2007-01-02,7.823
2007-01-03,7.823
2007-01-04,7.8217
2007-01-05,7.8192
2007-01-06,7.8192
2007-01-07,7.8192
2007-01-08,7.8313
2007-01-09,7.8202
2007-01-10,7.8217
2007-01-11,7.8087
2007-01-12,7.8117
2007-01-13,7.8117
2007-01-14,7.8117
2007-01-15,7.8072
2007-01-16,7.8037
2007-01-17,7.7912
2007-01-18,7.7852
2007-01-19,7.788
2007-01-20,7.788
2007-01-21,7.788
2007-01-22,7.7877
2007-01-23,7.7917
2007-01-24,7.7867
2007-01-25,7.7842
2007-01-26,7.7902
2007-01-27,7.7902
2007-01-28,7.7902
2007-01-29,7.7887
2007-01-30,7.7892
2007-01-31,7.7882
2007-02-01,7.7702
2007-02-02,7.7702
2007-02-03,7.7702
2007-02-04,7.7702
2007-02-05,7.7732
2007-02-06,7.7692
2007-02-07,7.7611
2007-02-08,7.7622
2007-02-09,7.7631
2007-02-10,7.7631
2007-02-11,7.7631
2007-02-12,7.7712
2007-02-13,7.7732
2007-02-14,7.7717
2007-02-15,7.7697
2007-02-16,7.7549
2007-02-17,7.7549
2007-02-18,7.7549
2007-02-19,7.7549
2007-02-20,7.7549
2007-02-21,7.7549
2007-02-22,7.7549
2007-02-23,7.7549
2007-02-24,7.7549
2007-02-25,7.7549
2007-02-26,7.7626
2007-02-27,7.7581
2007-02-28,7.755
2007-03-01,7.7565
2007-03-02,7.7608
2007-03-03,7.7608
2007-03-04,7.7608
2007-03-05,7.7605
2007-03-06,7.757
2007-03-07,7.756
2007-03-08,7.7551
2007-03-09,7.76
2007-03-10,7.76
2007-03-11,7.76
2007-03-12,7.7605
2007-03-13,7.7605
2007-03-14,7.7515
2007-03-15,7.758
2007-03-16,7.7505
2007-03-17,7.7505
2007-03-18,7.7505
2007-03-19,7.7515
2007-03-20,7.753
2007-03-21,7.7485
2007-03-22,7.7435
2007-03-23,7.7435
2007-03-24,7.7435
2007-03-25,7.7435
2007-03-26,7.7545
2007-03-27,7.749
2007-03-28,7.7445
2007-03-29,7.7431
2007-03-30,7.747
2007-03-31,7.747
2007-04-01,7.747
2007-04-02,7.7485
2007-04-03,7.747
2007-04-04,7.7483
2007-04-05,7.7397
2007-04-06,7.7372
2007-04-07,7.7372
2007-04-08,7.7372
2007-04-09,7.7445
2007-04-10,7.7459
2007-04-11,7.7415
2007-04-12,7.741
2007-04-13,7.7369
2007-04-14,7.7369
2007-04-15,7.7369
2007-04-16,7.7455
2007-04-17,7.745
2007-04-18,7.7364
2007-04-19,7.7353
2007-04-20,7.7339
2007-04-21,7.7339
2007-04-22,7.7339
2007-04-23,7.7384
2007-04-24,7.741
2007-04-25,7.7314
2007-04-26,7.7369
2007-04-27,7.7289
2007-04-28,7.7293
2007-04-29,7.7293
2007-04-30,7.7189
2007-05-01,7.7209
2007-05-02,7.7209
2007-05-03,7.7209
2007-05-04,7.7209
2007-05-05,7.7209
2007-05-06,7.7209
2007-05-07,7.7209
2007-05-08,7.7114
2007-05-09,7.7089
2007-05-10,7.709
2007-05-11,7.6924
2007-05-12,7.6924
2007-05-13,7.6924
2007-05-14,7.6892
2007-05-15,7.7019
2007-05-16,7.6969
2007-05-17,7.6873
2007-05-18,7.6836
2007-05-19,7.6836
2007-05-20,7.6836
2007-05-21,7.6805
2007-05-22,7.6704
2007-05-23,7.6688
2007-05-24,7.6673
2007-05-25,7.6676
2007-05-26,7.6676
2007-05-27,7.6676
2007-05-28,7.6608
2007-05-29,7.6643
2007-05-30,7.6618
2007-05-31,7.6618
2007-06-01,7.6625
2007-06-02,7.6625
2007-06-03,7.6625
2007-06-04,7.6663
2007-06-05,7.6573
2007-06-06,7.6503
2007-06-07,7.6633
2007-06-08,7.6708
2007-06-09,7.6708
2007-06-10,7.6708
2007-06-11,7.6783
2007-06-12,7.6583
2007-06-13,7.6438
2007-06-14,7.6523
2007-06-15,7.6403
2007-06-16,7.6403
2007-06-17,7.6403
2007-06-18,7.6433
2007-06-19,7.6332
2007-06-20,7.6332
2007-06-21,7.6342
2007-06-22,7.6363
2007-06-23,7.6363
2007-06-24,7.6363
2007-06-25,7.6352
2007-06-26,7.6308
2007-06-27,7.6327
2007-06-28,7.633
2007-06-29,7.6287
2007-06-30,7.6287
2007-07-01,7.6287
2007-07-02,7.6203
2007-07-03,7.6097
2007-07-04,7.6104
2007-07-05,7.6132
2007-07-06,7.6165
2007-07-07,7.6165
2007-07-08,7.6165
2007-07-09,7.6172
2007-07-10,7.5967
2007-07-11,7.5783
2007-07-12,7.5819
2007-07-13,7.5851
2007-07-14,7.5851
2007-07-15,7.5851
2007-07-16,7.5821
2007-07-17,7.5774
2007-07-18,7.579
2007-07-19,7.5784
2007-07-20,7.5866
2007-07-21,7.5866
2007-07-22,7.5866
2007-07-23,7.5771
2007-07-24,7.5781
2007-07-25,7.5721
2007-07-26,7.5802
2007-07-27,7.5761
2007-07-28,7.5761
2007-07-29,7.5761
2007-07-30,7.5826
2007-07-31,7.5871
2007-08-01,7.5861
2007-08-02,7.5854
2007-08-03,7.5811
2007-08-04,7.5811
2007-08-05,7.5811
2007-08-06,7.5749
2007-08-07,7.5846
2007-08-08,7.5902
2007-08-09,7.5796
2007-08-10,7.5881
2007-08-11,7.5881
2007-08-12,7.5881
2007-08-13,7.5957
2007-08-14,7.5896
2007-08-15,7.6002
2007-08-16,7.615
2007-08-17,7.6126
2007-08-18,7.6092
2007-08-19,7.6092
2007-08-20,7.603
2007-08-21,7.6059
2007-08-22,7.6147
2007-08-23,7.5999
2007-08-24,7.5816
2007-08-25,7.5816
2007-08-26,7.5816
2007-08-27,7.5759
2007-08-28,7.5701
2007-08-29,7.5638
2007-08-30,7.5561
2007-08-31,7.5631
2007-09-01,7.5758
2007-09-02,7.5758
2007-09-03,7.5596
2007-09-04,7.5653
2007-09-05,7.5651
2007-09-06,7.5531
2007-09-07,7.5541
2007-09-08,7.5541
2007-09-09,7.5541
2007-09-10,7.5364
2007-09-11,7.5382
2007-09-12,7.537
2007-09-13,7.5259
2007-09-14,7.531
2007-09-15,7.531
2007-09-16,7.531
2007-09-17,7.5375
2007-09-18,7.538
2007-09-19,7.5285
2007-09-20,7.5282
2007-09-21,7.518
2007-09-22,7.518
2007-09-23,7.518
2007-09-24,7.5259
2007-09-25,7.5258
2007-09-26,7.526
2007-09-27,7.5285
2007-09-28,7.5205
2007-09-29,7.5205
2007-09-30,7.5205
2007-10-01,7.5258
2007-10-02,7.5258
2007-10-03,7.5258
2007-10-04,7.5205
2007-10-05,7.5205
2007-10-06,7.5205
2007-10-07,7.5205
2007-10-08,7.5185
2007-10-09,7.531
2007-10-10,7.526
2007-10-11,7.5185
2007-10-12,7.5264
2007-10-13,7.5264
2007-10-14,7.5264
2007-10-15,7.535
2007-10-16,7.533
2007-10-17,7.5306
2007-10-18,7.5261
2007-10-19,7.5224
2007-10-20,7.5224
2007-10-21,7.5224
2007-10-22,7.524
2007-10-23,7.5185
2007-10-24,7.5085
2007-10-25,7.4962
2007-10-26,7.503
2007-10-27,7.503
2007-10-28,7.503
2007-10-29,7.4849
2007-10-30,7.4849
2007-10-31,7.4769
2007-11-01,7.4679
2007-11-02,7.4689
2007-11-03,7.4689
2007-11-04,7.4689
2007-11-05,7.4669
2007-11-06,7.4659
2007-11-07,7.4559
2007-11-08,7.4355
2007-11-09,7.4228
2007-11-10,7.4228
2007-11-11,7.4228
2007-11-12,7.4248
2007-11-13,7.4458
2007-11-14,7.4396
2007-11-15,7.4368
2007-11-16,7.4406
2007-11-17,7.4406
2007-11-18,7.4406
2007-11-19,7.4419
2007-11-20,7.4348
2007-11-21,7.4248
2007-11-22,7.4258
2007-11-23,7.4168
2007-11-24,7.4168
2007-11-25,7.4168
2007-11-26,7.4068
2007-11-27,7.3958
2007-11-28,7.4058
2007-11-29,7.3988
2007-11-30,7.4098
2007-12-01,7.4098
2007-12-02,7.4098
2007-12-03,7.4148
2007-12-04,7.4098
2007-12-05,7.3998
2007-12-06,7.4218
2007-12-07,7.4148
2007-12-08,7.4148
2007-12-09,7.4148
2007-12-10,7.4078
2007-12-11,7.3928
2007-12-12,7.3862
2007-12-13,7.3817
2007-12-14,7.3827
2007-12-15,7.3827
2007-12-16,7.3827
2007-12-17,7.3968
2007-12-18,7.3968
2007-12-19,7.3877
2007-12-20,7.3827
2007-12-21,7.3797
2007-12-22,7.3797
2007-12-23,7.3797
2007-12-24,7.3567
2007-12-25,7.3397
2007-12-26,7.3597
2007-12-27,7.3311
2007-12-28,7.3166
2007-12-29,7.3192
2007-12-30,7.3192
2007-12-31,7.3192
2008-01-01,7.3192
2008-01-02,7.3056
2008-01-03,7.2845
2008-01-04,7.2855
2008-01-05,7.2855
2008-01-06,7.2855
2008-01-07,7.2805
2008-01-08,7.2765
2008-01-09,7.2765
2008-01-10,7.2835
2008-01-11,7.2745
2008-01-12,7.2817
2008-01-13,7.2745
2008-01-14,7.2645
2008-01-15,7.2535
2008-01-16,7.2445
2008-01-17,7.263
2008-01-18,7.2545
2008-01-19,7.2545
2008-01-20,7.2545
2008-01-21,7.251
2008-01-22,7.2495
2008-01-23,7.2445
2008-01-24,7.2379
2008-01-25,7.2194
2008-01-26,7.2194
2008-01-27,7.2194
2008-01-28,7.2094
2008-01-29,7.2104
2008-01-30,7.2044
2008-01-31,7.1944
2008-02-01,7.1944
2008-02-02,7.1944
2008-02-03,7.1944
2008-02-04,7.2019
2008-02-05,7.1984
2008-02-06,7.2034
2008-02-07,7.2034
2008-02-08,7.1984
2008-02-09,7.1984
2008-02-10,7.1984
2008-02-11,7.1984
2008-02-12,7.1984
2008-02-13,7.2096
2008-02-14,7.2024
2008-02-15,7.1907
2008-02-16,7.1907
2008-02-17,7.1907
2008-02-18,7.1743
2008-02-19,7.1693
2008-02-20,7.1553
2008-02-21,7.1543
2008-02-22,7.1543
2008-02-23,7.1543
2008-02-24,7.1543
2008-02-25,7.1623
2008-02-26,7.1663
2008-02-27,7.1543
2008-02-28,7.1242
2008-02-29,7.12
2008-03-01,7.12
2008-03-02,7.12
2008-03-03,7.1162
2008-03-04,7.1202
2008-03-05,7.1202
2008-03-06,7.1201
2008-03-07,7.1202
2008-03-08,7.1202
2008-03-09,7.1202
2008-03-10,7.1142
2008-03-11,7.1142
2008-03-12,7.1142
2008-03-13,7.1022
2008-03-14,7.1012
2008-03-15,7.1024
2008-03-16,7.1024
2008-03-17,7.0942
2008-03-18,7.0942
2008-03-19,7.0741
2008-03-20,7.0641
2008-03-21,7.0661
2008-03-22,7.0734
2008-03-23,7.0734
2008-03-24,7.0696
2008-03-25,7.0589
2008-03-26,7.036
2008-03-27,7.025
2008-03-28,7.024
2008-03-29,7.024
2008-03-30,7.024
2008-03-31,7.026
2008-04-01,7.024
2008-04-02,7.029
2008-04-03,7.027
2008-04-04,7.027
2008-04-05,7.027
2008-04-06,7.027
2008-04-07,7.0155
2008-04-08,7.014
2008-04-09,7.014
2008-04-10,7.005
2008-04-11,7.018
2008-04-12,7.014
2008-04-13,7.014
2008-04-14,7.011
2008-04-15,7.006
2008-04-16,7.0058
2008-04-17,6.996
2008-04-18,7.006
2008-04-19,7.006
2008-04-20,7.006
2008-04-21,7.013
2008-04-22,7.002
2008-04-23,6.996
2008-04-24,7.004
2008-04-25,7.012
2008-04-26,7.012
2008-04-27,7.012
2008-04-28,7.014
2008-04-29,6.996
2008-04-30,7.0015
2008-05-01,7.0015
2008-05-02,7.0015
2008-05-03,7.0015
2008-05-04,7.0015
2008-05-05,7.004
2008-05-06,7.0013
2008-05-07,6.9988
2008-05-08,7.017
2008-05-09,7.0058
2008-05-10,7.0058
2008-05-11,7.0058
2008-05-12,7.0
2008-05-13,7.0027
2008-05-14,7.014
2008-05-15,7.006
2008-05-16,6.998
2008-05-17,6.998
2008-05-18,6.998
2008-05-19,6.9879
2008-05-20,6.9879
2008-05-21,6.9719
2008-05-22,6.9569
2008-05-23,6.9569
2008-05-24,6.9569
2008-05-25,6.9569
2008-05-26,6.9519
2008-05-27,6.9619
2008-05-28,6.9579
2008-05-29,6.9494
2008-05-30,6.9569
2008-05-31,6.9569
2008-06-01,6.9569
2008-06-02,6.9439
2008-06-03,6.9389
2008-06-04,6.9495
2008-06-05,6.9549
2008-06-06,6.9368
2008-06-07,6.9368
2008-06-08,6.9368
2008-06-09,6.9368
2008-06-10,6.9337
2008-06-11,6.9322
2008-06-12,6.9203
2008-06-13,6.9138
2008-06-14,6.9138
2008-06-15,6.9138
2008-06-16,6.9118
2008-06-17,6.9038
2008-06-18,6.8938
2008-06-19,6.8908
2008-06-20,6.8938
2008-06-21,6.8938
2008-06-22,6.8938
2008-06-23,6.8837
2008-06-24,6.8817
2008-06-25,6.8767
2008-06-26,6.8757
2008-06-27,6.8737
2008-06-28,6.8737
2008-06-29,6.8737
2008-06-30,6.8657
2008-07-01,6.8687
2008-07-02,6.8637
2008-07-03,6.8637
2008-07-04,6.8707
2008-07-05,6.8707
2008-07-06,6.8707
2008-07-07,6.8699
2008-07-08,6.8637
2008-07-09,6.8687
2008-07-10,6.8565
2008-07-11,6.8457
2008-07-12,6.8457
2008-07-13,6.8457
2008-07-14,6.8437
2008-07-15,6.8336
2008-07-16,6.8236
2008-07-17,6.8325
2008-07-18,6.8305
2008-07-19,6.8305
2008-07-20,6.8305
2008-07-21,6.8387
2008-07-22,6.8336
2008-07-23,6.8407
2008-07-24,6.8417
2008-07-25,6.8316
2008-07-26,6.8316
2008-07-27,6.8316
2008-07-28,6.8437
2008-07-29,6.8366
2008-07-30,6.8387
2008-07-31,6.8437
2008-08-01,6.8537
2008-08-02,6.8537
2008-08-03,6.8537
2008-08-04,6.8637
2008-08-05,6.8667
2008-08-06,6.8637
2008-08-07,6.8712
2008-08-08,6.8722
2008-08-09,6.8722
2008-08-10,6.8722
2008-08-11,6.8687
2008-08-12,6.8769
2008-08-13,6.8687
2008-08-14,6.8737
2008-08-15,6.8837
2008-08-16,6.8837
2008-08-17,6.8837
2008-08-18,6.8837
2008-08-19,6.8757
2008-08-20,6.8683
2008-08-21,6.8587
2008-08-22,6.8457
2008-08-23,6.8457
2008-08-24,6.8457
2008-08-25,6.8537
2008-08-26,6.8587
2008-08-27,6.8487
2008-08-28,6.8387
2008-08-29,6.8482
2008-08-30,6.8482
2008-08-31,6.8482
2008-09-01,6.8393
2008-09-02,6.8537
2008-09-03,6.8537
2008-09-04,6.8487
2008-09-05,6.8537
2008-09-06,6.8537
2008-09-07,6.8537
2008-09-08,6.857
2008-09-09,6.8487
2008-09-10,6.8517
2008-09-11,6.8602
2008-09-12,6.8547
2008-09-13,6.8547
2008-09-14,6.8547
2008-09-15,6.8547
2008-09-16,6.8537
2008-09-17,6.8487
2008-09-18,6.8437
2008-09-19,6.8457
2008-09-20,6.8457
2008-09-21,6.8457
2008-09-22,6.8437
2008-09-23,6.8236
2008-09-24,6.8336
2008-09-25,6.8286
2008-09-26,6.8387
2008-09-27,6.8387
2008-09-28,6.8387
2008-09-29,6.8387
2008-09-30,6.8319
2008-10-01,6.8387
2008-10-02,6.8387
2008-10-03,6.8387
2008-10-04,6.8387
2008-10-05,6.8387
2008-10-06,6.8487
2008-10-07,6.8305
2008-10-08,6.8307
2008-10-09,6.8336
2008-10-10,6.8494
2008-10-11,6.8494
2008-10-12,6.8494
2008-10-13,6.8395
2008-10-14,6.8437
2008-10-15,6.8437
2008-10-16,6.8417
2008-10-17,6.8477
2008-10-18,6.8477
2008-10-19,6.8477
2008-10-20,6.8434
2008-10-21,6.8457
2008-10-22,6.8476
2008-10-23,6.8491
2008-10-24,6.8537
2008-10-25,6.8537
2008-10-26,6.8537
2008-10-27,6.8587
2008-10-28,6.8506
2008-10-29,6.8572
2008-10-30,6.8507
2008-10-31,6.8517
2008-11-01,6.8517
2008-11-02,6.8517
2008-11-03,6.8492
2008-11-04,6.8492
2008-11-05,6.8417
2008-11-06,6.8389
2008-11-07,6.8392
2008-11-08,6.8392
2008-11-09,6.8392
2008-11-10,6.8389
2008-11-11,6.8387
2008-11-12,6.8437
2008-11-13,6.8427
2008-11-14,6.8376
2008-11-15,6.8376
2008-11-16,6.8376
2008-11-17,6.8417
2008-11-18,6.8413
2008-11-19,6.8427
2008-11-20,6.8447
2008-11-21,6.8427
2008-11-22,6.8427
2008-11-23,6.8427
2008-11-24,6.8423
2008-11-25,6.8397
2008-11-26,6.8417
2008-11-27,6.8417
2008-11-28,6.8472
2008-11-29,6.8472
2008-11-30,6.8472
2008-12-01,6.8837
2008-12-02,6.8898
2008-12-03,6.8968
2008-12-04,6.8968
2008-12-05,6.8888
2008-12-06,6.8888
2008-12-07,6.8888
2008-12-08,6.8888
2008-12-09,6.8867
2008-12-10,6.8737
2008-12-11,6.8637
2008-12-12,6.8567
2008-12-13,6.8567
2008-12-14,6.8567
2008-12-15,6.8617
2008-12-16,6.8597
2008-12-17,6.8487
2008-12-18,6.8437
2008-12-19,6.8537
2008-12-20,6.8537
2008-12-21,6.8537
2008-12-22,6.8627
2008-12-23,6.8622
2008-12-24,6.8537
2008-12-25,6.845
2008-12-26,6.8537
2008-12-27,6.8537
2008-12-28,6.8537
2008-12-29,6.8597
2008-12-30,6.849
2008-12-31,6.8361
2009-01-01,6.8361
2009-01-02,6.8361
2009-01-03,6.8361
2009-01-04,6.8361
2009-01-05,6.8447
2009-01-06,6.8497
2009-01-07,6.8477
2009-01-08,6.8482
2009-01-09,6.8487
2009-01-10,6.8487
2009-01-11,6.8487
2009-01-12,6.8507
2009-01-13,6.8477
2009-01-14,6.8477
2009-01-15,6.8487
2009-01-16,6.8507
2009-01-17,6.8507
2009-01-18,6.8507
2009-01-19,6.8496
2009-01-20,6.8522
2009-01-21,6.8515
2009-01-22,6.8507
2009-01-23,6.8557
2009-01-24,6.8557
2009-01-25,6.8557
2009-01-26,6.8557
2009-01-27,6.8557
2009-01-28,6.8557
2009-01-29,6.8557
2009-01-30,6.8557
2009-01-31,6.8557
2009-02-01,6.8557
2009-02-02,6.8587
2009-02-03,6.8537
2009-02-04,6.8477
2009-02-05,6.8497
2009-02-06,6.8477
2009-02-07,6.8477
2009-02-08,6.8477
2009-02-09,6.8475
2009-02-10,6.8462
2009-02-11,6.8467
2009-02-12,6.8472
2009-02-13,6.8472
2009-02-14,6.8472
2009-02-15,6.8472
2009-02-16,6.8477
2009-02-17,6.8502
2009-02-18,6.8502
2009-02-19,6.8487
2009-02-20,6.8497
2009-02-21,6.8497
2009-02-22,6.8497
2009-02-23,6.8497
2009-02-24,6.8512
2009-02-25,6.8512
2009-02-26,6.8532
2009-02-27,6.8532
2009-02-28,6.8532
2009-03-01,6.8532
2009-03-02,6.8572
2009-03-03,6.8547
2009-03-04,6.8567
2009-03-05,6.8517
2009-03-06,6.8537
2009-03-07,6.8537
2009-03-08,6.8537
2009-03-09,6.8537
2009-03-10,6.8537
2009-03-11,6.8537
2009-03-12,6.8522
2009-03-13,6.8517
2009-03-14,6.8517
2009-03-15,6.8517
2009-03-16,6.8517
2009-03-17,6.8507
2009-03-18,6.8482
2009-03-19,6.8422
2009-03-20,6.8407
2009-03-21,6.8407
2009-03-22,6.8407
2009-03-23,6.8467
2009-03-24,6.8433
2009-03-25,6.8446
2009-03-26,6.8455
2009-03-27,6.8462
2009-03-28,6.8462
2009-03-29,6.8462
2009-03-30,6.8487
2009-03-31,6.8473
2009-04-01,6.8477
2009-04-02,6.8477
2009-04-03,6.8472
2009-04-04,6.8472
2009-04-05,6.8472
2009-04-06,6.8472
2009-04-07,6.8497
2009-04-08,6.8497
2009-04-09,6.8482
2009-04-10,6.8473
2009-04-11,6.8473
2009-04-12,6.8473
2009-04-13,6.8477
2009-04-14,6.8442
2009-04-15,6.8457
2009-04-16,6.8462
2009-04-17,6.8463
2009-04-18,6.8462
2009-04-19,6.8463
2009-04-20,6.8471
2009-04-21,6.8452
2009-04-22,6.8437
2009-04-23,6.8432
2009-04-24,6.8407
2009-04-25,6.8407
2009-04-26,6.8407
2009-04-27,6.8397
2009-04-28,6.8397
2009-04-29,6.8376
2009-04-30,6.8366
2009-05-01,6.8366
2009-05-02,6.8366
2009-05-03,6.8366
2009-05-04,6.8361
2009-05-05,6.8336
2009-05-06,6.8351
2009-05-07,6.8356
2009-05-08,6.8356
2009-05-09,6.8356
2009-05-10,6.8356
2009-05-11,6.8361
2009-05-12,6.8352
2009-05-13,6.8361
2009-05-14,6.8385
2009-05-15,6.8397
2009-05-16,6.8397
2009-05-17,6.8397
2009-05-18,6.8397
2009-05-19,6.8382
2009-05-20,6.8387
2009-05-21,6.8383
2009-05-22,6.8368
2009-05-23,6.8367
2009-05-24,6.8367
2009-05-25,6.8371
2009-05-26,6.8445
2009-05-27,6.8417
2009-05-28,6.8417
2009-05-29,6.8417
2009-05-30,6.8417
2009-05-31,6.8417
2009-06-01,6.8402
2009-06-02,6.8437
2009-06-03,6.8437
2009-06-04,6.8457
2009-06-05,6.8467
2009-06-06,6.8467
2009-06-07,6.8467
2009-06-08,6.8507
2009-06-09,6.8489
2009-06-10,6.8467
2009-06-11,6.8493
2009-06-12,6.8476
2009-06-13,6.8476
2009-06-14,6.8476
2009-06-15,6.8477
2009-06-16,6.8464
2009-06-17,6.8497
2009-06-18,6.8482
2009-06-19,6.8487
2009-06-20,6.8487
2009-06-21,6.8487
2009-06-22,6.8487
2009-06-23,6.8487
2009-06-24,6.8457
2009-06-25,6.8467
2009-06-26,6.8465
2009-06-27,6.8465
2009-06-28,6.8473
2009-06-29,6.8475
2009-06-30,6.8444
2009-07-01,6.8462
2009-07-02,6.8449
2009-07-03,6.8457
2009-07-04,6.8457
2009-07-05,6.8457
2009-07-06,6.848
2009-07-07,6.8457
2009-07-08,6.8457
2009-07-09,6.8447
2009-07-10,6.8455
2009-07-11,6.8455
2009-07-12,6.8455
2009-07-13,6.8457
2009-07-14,6.8464
2009-07-15,6.8454
2009-07-16,6.8442
2009-07-17,6.8454
2009-07-18,6.8454
2009-07-19,6.8454
2009-07-20,6.8448
2009-07-21,6.8447
2009-07-22,6.8445
2009-07-23,6.8447
2009-07-24,6.8447
2009-07-25,6.8447
2009-07-26,6.8447
2009-07-27,6.8447
2009-07-28,6.8445
2009-07-29,6.8447
2009-07-30,6.8457
2009-07-31,6.8457
2009-08-01,6.8457
2009-08-02,6.8457
2009-08-03,6.8445
2009-08-04,6.8437
2009-08-05,6.8442
2009-08-06,6.8447
2009-08-07,6.8452
2009-08-08,6.8452
2009-08-09,6.8452
2009-08-10,6.848
2009-08-11,6.8487
2009-08-12,6.8487
2009-08-13,6.8471
2009-08-14,6.8467
2009-08-15,6.8467
2009-08-16,6.8467
2009-08-17,6.8487
2009-08-18,6.8474
2009-08-19,6.8467
2009-08-20,6.8454
2009-08-21,6.8447
2009-08-22,6.8447
2009-08-23,6.8447
2009-08-24,6.8447
2009-08-25,6.8452
2009-08-26,6.8447
2009-08-27,6.8452
2009-08-28,6.8439
2009-08-29,6.8439
2009-08-30,6.8439
2009-08-31,6.8442
2009-09-01,6.8445
2009-09-02,6.8446
2009-09-03,6.8442
2009-09-04,6.8437
2009-09-05,6.8437
2009-09-06,6.8437
2009-09-07,6.8437
2009-09-08,6.8412
2009-09-09,6.8421
2009-09-10,6.843
2009-09-11,6.8427
2009-09-12,6.8427
2009-09-13,6.8427
2009-09-14,6.8422
2009-09-15,6.8427
2009-09-16,6.8395
2009-09-17,6.8401
2009-09-18,6.8414
2009-09-19,6.8414
2009-09-20,6.8414
2009-09-21,6.8427
2009-09-22,6.8407
2009-09-23,6.8397
2009-09-24,6.8411
2009-09-25,6.8417
2009-09-26,6.8417
2009-09-27,6.8417
2009-09-28,6.8411
2009-09-29,6.8415
2009-09-30,6.8397
2009-10-01,6.8397
2009-10-02,6.8397
2009-10-03,6.8397
2009-10-04,6.8397
2009-10-05,6.8397
2009-10-06,6.8397
2009-10-07,6.8397
2009-10-08,6.8397
2009-10-09,6.8391
2009-10-10,6.8391
2009-10-11,6.8391
2009-10-12,6.8376
2009-10-13,6.8397
2009-10-14,6.8399
2009-10-15,6.8417
2009-10-16,6.8405
2009-10-17,6.8405
2009-10-18,6.8405
2009-10-19,6.8405
2009-10-20,6.8403
2009-10-21,6.8407
2009-10-22,6.8417
2009-10-23,6.8417
2009-10-24,6.8417
2009-10-25,6.8417
2009-10-26,6.8412
2009-10-27,6.8423
2009-10-28,6.8417
2009-10-29,6.8413
2009-10-30,6.8411
2009-10-31,6.8411
2009-11-01,6.8411
2009-11-02,6.8415
2009-11-03,6.8416
2009-11-04,6.8407
2009-11-05,6.8412
2009-11-06,6.8409
2009-11-07,6.8409
2009-11-08,6.8409
2009-11-09,6.8408
2009-11-10,6.8405
2009-11-11,6.8397
2009-11-12,6.8403
2009-11-13,6.8399
2009-11-14,6.8399
2009-11-15,6.8399
2009-11-16,6.8405
2009-11-17,6.8407
2009-11-18,6.8407
2009-11-19,6.8412
2009-11-20,6.8412
2009-11-21,6.8412
2009-11-22,6.8412
2009-11-23,6.8412
2009-11-24,6.8417
2009-11-25,6.8407
2009-11-26,6.8397
2009-11-27,6.8412
2009-11-28,6.842
2009-11-29,6.842
2009-11-30,6.8409
2009-12-01,6.8397
2009-12-02,6.8397
2009-12-03,6.8402
2009-12-04,6.8407
2009-12-05,6.8407
2009-12-06,6.8407
2009-12-07,6.8422
2009-12-08,6.8412
2009-12-09,6.8414
2009-12-10,6.8402
2009-12-11,6.8412
2009-12-12,6.8412
2009-12-13,6.8412
2009-12-14,6.8417
2009-12-15,6.8415
2009-12-16,6.8417
2009-12-17,6.8421
2009-12-18,6.8416
2009-12-19,6.8421
2009-12-20,6.8421
2009-12-21,6.8417
2009-12-22,6.8418
2009-12-23,6.8419
2009-12-24,6.8417
2009-12-25,6.8407
2009-12-26,6.8407
2009-12-27,6.8407
2009-12-28,6.8422
2009-12-29,6.8427
2009-12-30,6.839
2009-12-31,6.8405
2010-01-01,6.8405
2010-01-02,6.8405
2010-01-03,6.8405
2010-01-04,6.8407
2010-01-05,6.8409
2010-01-06,6.8412
2010-01-07,6.8413
2010-01-08,6.841
2010-01-09,6.841
2010-01-10,6.841
2010-01-11,6.8403
2010-01-12,6.8408
2010-01-13,6.8405
2010-01-14,6.8407
2010-01-15,6.8406
2010-01-16,6.8397
2010-01-17,6.8397
2010-01-18,6.8407
2010-01-19,6.8407
2010-01-20,6.8409
2010-01-21,6.8405
2010-01-22,6.8406
2010-01-23,6.8406
2010-01-24,6.8406
2010-01-25,6.8405
2010-01-26,6.8405
2010-01-27,6.8406
2010-01-28,6.8406
2010-01-29,6.8405
2010-01-30,6.8405
2010-01-31,6.8405
2010-02-01,6.841
2010-02-02,6.8407
2010-02-03,6.8403
2010-02-04,6.8406
2010-02-05,6.8408
2010-02-06,6.8408
2010-02-07,6.8408
2010-02-08,6.8402
2010-02-09,6.8404
2010-02-10,6.8431
2010-02-11,6.8472
2010-02-12,6.8447
2010-02-13,6.8447
2010-02-14,6.8447
2010-02-15,6.8447
2010-02-16,6.8447
2010-02-17,6.8447
2010-02-18,6.8447
2010-02-19,6.8447
2010-02-20,6.8447
2010-02-21,6.8447
2010-02-22,6.8401
2010-02-23,6.8402
2010-02-24,6.8407
2010-02-25,6.8407
2010-02-26,6.8397
2010-02-27,6.8402
2010-02-28,6.8402
2010-03-01,6.84
2010-03-02,6.8403
2010-03-03,6.8393
2010-03-04,6.8402
2010-03-05,6.8402
2010-03-06,6.8402
2010-03-07,6.8402
2010-03-08,6.8401
2010-03-09,6.84
2010-03-10,6.8397
2010-03-11,6.8402
2010-03-12,6.839
2010-03-13,6.839
2010-03-14,6.839
2010-03-15,6.8399
2010-03-16,6.8394
2010-03-17,6.8397
2010-03-18,6.8396
2010-03-19,6.8402
2010-03-20,6.8402
2010-03-21,6.8402
2010-03-22,6.8401
2010-03-23,6.8402
2010-03-24,6.8402
2010-03-25,6.8404
2010-03-26,6.8405
2010-03-27,6.8405
2010-03-28,6.8405
2010-03-29,6.8401
2010-03-30,6.8397
2010-03-31,6.8395
2010-04-01,6.8397
2010-04-02,6.8393
2010-04-03,6.8393
2010-04-04,6.8393
2010-04-05,6.8393
2010-04-06,6.8392
2010-04-07,6.8392
2010-04-08,6.8376
2010-04-09,6.8372
2010-04-10,6.8372
2010-04-11,6.8372
2010-04-12,6.8394
2010-04-13,6.8391
2010-04-14,6.8396
2010-04-15,6.8395
2010-04-16,6.8392
2010-04-17,6.8392
2010-04-18,6.8392
2010-04-19,6.8405
2010-04-20,6.839
2010-04-21,6.8405
2010-04-22,6.84
2010-04-23,6.8408
2010-04-24,6.8408
2010-04-25,6.8408
2010-04-26,6.8402
2010-04-27,6.8392
2010-04-28,6.839
2010-04-29,6.8396
2010-04-30,6.8389
2010-05-01,6.8389
2010-05-02,6.8389
2010-05-03,6.8389
2010-05-04,6.8402
2010-05-05,6.84
2010-05-06,6.84
2010-05-07,6.8394
2010-05-08,6.8394
2010-05-09,6.8394
2010-05-10,6.8402
2010-05-11,6.8418
2010-05-12,6.8402
2010-05-13,6.8407
2010-05-14,6.8402
2010-05-15,6.8402
2010-05-16,6.8402
2010-05-17,6.8411
2010-05-18,6.8407
2010-05-19,6.841
2010-05-20,6.8412
2010-05-21,6.8413
2010-05-22,6.8413
2010-05-23,6.8413
2010-05-24,6.842
2010-05-25,6.8447
2010-05-26,6.8425
2010-05-27,6.8445
2010-05-28,6.8449
2010-05-29,6.8449
2010-05-30,6.8449
2010-05-31,6.8415
2010-06-01,6.8437
2010-06-02,6.8432
2010-06-03,6.8417
2010-06-04,6.8423
2010-06-05,6.8423
2010-06-06,6.8423
2010-06-07,6.8447
2010-06-08,6.8432
2010-06-09,6.8418
2010-06-10,6.8437
2010-06-11,6.8456
2010-06-12,6.8456
2010-06-13,6.8456
2010-06-14,6.8456
2010-06-15,6.8456
2010-06-16,6.8456
2010-06-17,6.8428
2010-06-18,6.8396
2010-06-19,6.8397
2010-06-20,6.8397
2010-06-21,6.811
2010-06-22,6.8266
2010-06-23,6.8256
2010-06-24,6.8126
2010-06-25,6.8036
2010-06-26,6.8036
2010-06-27,6.8036
2010-06-28,6.8091
2010-06-29,6.8106
2010-06-30,6.7951
2010-07-01,6.7945
2010-07-02,6.7845
2010-07-03,6.7845
2010-07-04,6.7845
2010-07-05,6.7886
2010-07-06,6.7936
2010-07-07,6.791
2010-07-08,6.7897
2010-07-09,6.787
2010-07-10,6.787
2010-07-11,6.787
2010-07-12,6.7845
2010-07-13,6.7857
2010-07-14,6.7888
2010-07-15,6.7913
2010-07-16,6.7886
2010-07-17,6.7886
2010-07-18,6.7886
2010-07-19,6.7912
2010-07-20,6.7916
2010-07-21,6.7896
2010-07-22,6.7936
2010-07-23,6.7936
2010-07-24,6.7936
2010-07-25,6.7936
2010-07-26,6.7926
2010-07-27,6.7921
2010-07-28,6.7911
2010-07-29,6.7896
2010-07-30,6.7886
2010-07-31,6.7886
2010-08-01,6.7886
2010-08-02,6.7877
2010-08-03,6.7865
2010-08-04,6.7855
2010-08-05,6.785
2010-08-06,6.782
2010-08-07,6.782
2010-08-08,6.782
2010-08-09,6.7805
2010-08-10,6.7855
2010-08-11,6.7886
2010-08-12,6.7986
2010-08-13,6.8096
2010-08-14,6.8096
2010-08-15,6.8096
2010-08-16,6.8196
2010-08-17,6.8056
2010-08-18,6.8036
2010-08-19,6.8036
2010-08-20,6.8036
2010-08-21,6.8036
2010-08-22,6.8036
2010-08-23,6.8126
2010-08-24,6.8106
2010-08-25,6.8119
2010-08-26,6.8127
2010-08-27,6.8116
2010-08-28,6.8116
2010-08-29,6.8116
2010-08-30,6.8166
2010-08-31,6.8212
2010-09-01,6.8246
2010-09-02,6.8196
2010-09-03,6.8166
2010-09-04,6.8166
2010-09-05,6.8166
2010-09-06,6.8011
2010-09-07,6.8036
2010-09-08,6.8076
2010-09-09,6.7966
2010-09-10,6.7817
2010-09-11,6.7817
2010-09-12,6.7817
2010-09-13,6.7746
2010-09-14,6.76
2010-09-15,6.755
2010-09-16,6.7385
2010-09-17,6.737
2010-09-18,6.737
2010-09-19,6.737
2010-09-20,6.7264
2010-09-21,6.7196
2010-09-22,6.7184
2010-09-23,6.7184
2010-09-24,6.7184
2010-09-25,6.7184
2010-09-26,6.7184
2010-09-27,6.7046
2010-09-28,6.7044
2010-09-29,6.7001
2010-09-30,6.7034
2010-10-01,6.7034
2010-10-02,6.7034
2010-10-03,6.7034
2010-10-04,6.7034
2010-10-05,6.7034
2010-10-06,6.7034
2010-10-07,6.7034
2010-10-08,6.6834
2010-10-09,6.6834
2010-10-10,6.6834
2010-10-11,6.6811
2010-10-12,6.6863
2010-10-13,6.6778
2010-10-14,6.6643
2010-10-15,6.6533
2010-10-16,6.6533
2010-10-17,6.6533
2010-10-18,6.6573
2010-10-19,6.6583
2010-10-20,6.6652
2010-10-21,6.6623
2010-10-22,6.6713
2010-10-23,6.6713
2010-10-24,6.6713
2010-10-25,6.6713
2010-10-26,6.6753
2010-10-27,6.6946
2010-10-28,6.7004
2010-10-29,6.6838
2010-10-30,6.6838
2010-10-31,6.6838
2010-11-01,6.7104
2010-11-02,6.6911
2010-11-03,6.6894
2010-11-04,6.6733
2010-11-05,6.6683
2010-11-06,6.6683
2010-11-07,6.6683
2010-11-08,6.6919
2010-11-09,6.6573
2010-11-10,6.6473
2010-11-11,6.6383
2010-11-12,6.6508
2010-11-13,6.6508
2010-11-14,6.6508
2010-11-15,6.6573
2010-11-16,6.6513
2010-11-17,6.6558
2010-11-18,6.6473
2010-11-19,6.6523
2010-11-20,6.6523
2010-11-21,6.6523
2010-11-22,6.6553
2010-11-23,6.6568
2010-11-24,6.6663
2010-11-25,6.6638
2010-11-26,6.6793
2010-11-27,6.6793
2010-11-28,6.6793
2010-11-29,6.6735
2010-11-30,6.6798
2010-12-01,6.6768
2010-12-02,6.6743
2010-12-03,6.6768
2010-12-04,6.6768
2010-12-05,6.6768
2010-12-06,6.6618
2010-12-07,6.6579
2010-12-08,6.6743
2010-12-09,6.6683
2010-12-10,6.6688
2010-12-11,6.6688
2010-12-12,6.6688
2010-12-13,6.6783
2010-12-14,6.6678
2010-12-15,6.6663
2010-12-16,6.6768
2010-12-17,6.6688
2010-12-18,6.6688
2010-12-19,6.6688
2010-12-20,6.6878
2010-12-21,6.6718
2010-12-22,6.6588
2010-12-23,6.6564
2010-12-24,6.6403
2010-12-25,6.6403
2010-12-26,6.6403
2010-12-27,6.644
2010-12-28,6.6377
2010-12-29,6.6332
2010-12-30,6.6132
2010-12-31,6.6032
2011-01-01,6.6032
2011-01-02,6.6032
2011-01-03,6.6032
2011-01-04,6.6222
2011-01-05,6.6319
2011-01-06,6.6393
2011-01-07,6.6414
2011-01-08,6.6414
2011-01-09,6.6414
2011-01-10,6.6495
2011-01-11,6.6328
2011-01-12,6.6162
2011-01-13,6.6178
2011-01-14,6.6002
2011-01-15,6.6002
2011-01-16,6.6002
2011-01-17,6.6072
2011-01-18,6.5962
2011-01-19,6.5947
2011-01-20,6.5987
2011-01-21,6.5963
2011-01-22,6.5963
2011-01-23,6.5963
2011-01-24,6.5937
2011-01-25,6.5952
2011-01-26,6.5949
2011-01-27,6.5952
2011-01-28,6.5988
2011-01-29,6.5988
2011-01-30,6.5988
2011-01-31,6.6177
2011-02-01,6.6022
2011-02-02,6.6022
2011-02-03,6.6022
2011-02-04,6.6022
2011-02-05,6.6022
2011-02-06,6.6022
2011-02-07,6.6022
2011-02-08,6.6022
2011-02-09,6.6052
2011-02-10,6.6
2011-02-11,6.6052
2011-02-12,6.6052
2011-02-13,6.6052
2011-02-14,6.6097
2011-02-15,6.6017
2011-02-16,6.6022
2011-02-17,6.5982
2011-02-18,6.5863
2011-02-19,6.5863
2011-02-20,6.5863
2011-02-21,6.5799
2011-02-22,6.5922
2011-02-23,6.5874
2011-02-24,6.5917
2011-02-25,6.5882
2011-02-26,6.5882
2011-02-27,6.5882
2011-02-28,6.5844
2011-03-01,6.5833
2011-03-02,6.5854
2011-03-03,6.5847
2011-03-04,6.5814
2011-03-05,6.5814
2011-03-06,6.5814
2011-03-07,6.5763
2011-03-08,6.5806
2011-03-09,6.5854
2011-03-10,6.5865
2011-03-11,6.5873
2011-03-12,6.5873
2011-03-13,6.5873
2011-03-14,6.5829
2011-03-15,6.5851
2011-03-16,6.5844
2011-03-17,6.5871
2011-03-18,6.5825
2011-03-19,6.5825
2011-03-20,6.5825
2011-03-21,6.5746
2011-03-22,6.5688
2011-03-23,6.5724
2011-03-24,6.5749
2011-03-25,6.5699
2011-03-26,6.5699
2011-03-27,6.5699
2011-03-28,6.5761
2011-03-29,6.5736
2011-03-30,6.5691
2011-03-31,6.5606
2011-04-01,6.5607
2011-04-02,6.5607
2011-04-03,6.5607
2011-04-04,6.5607
2011-04-05,6.5607
2011-04-06,6.5571
2011-04-07,6.5556
2011-04-08,6.5485
2011-04-09,6.5485
2011-04-10,6.5485
2011-04-11,6.5515
2011-04-12,6.5533
2011-04-13,6.5463
2011-04-14,6.5444
2011-04-15,6.5441
2011-04-16,6.5441
2011-04-17,6.5441
2011-04-18,6.5416
2011-04-19,6.5431
2011-04-20,6.5381
2011-04-21,6.533
2011-04-22,6.519
2011-04-23,6.519
2011-04-24,6.519
2011-04-25,6.5401
2011-04-26,6.536
2011-04-27,6.5235
2011-04-28,6.5135
2011-04-29,6.5035
2011-04-30,6.503
2011-05-01,6.503
2011-05-02,6.503
2011-05-03,6.5098
2011-05-04,6.506
2011-05-05,6.5065
2011-05-06,6.5065
2011-05-07,6.5065
2011-05-08,6.5065
2011-05-09,6.5065
2011-05-10,6.5045
2011-05-11,6.505
2011-05-12,6.5105
2011-05-13,6.51
2011-05-14,6.51
2011-05-15,6.51
2011-05-16,6.5185
2011-05-17,6.517
2011-05-18,6.5163
2011-05-19,6.5165
2011-05-20,6.504
2011-05-21,6.504
2011-05-22,6.504
2011-05-23,6.519
2011-05-24,6.51
2011-05-25,6.5055
2011-05-26,6.5045
2011-05-27,6.502
2011-05-28,6.502
2011-05-29,6.502
2011-05-30,6.496
2011-05-31,6.4905
2011-06-01,6.4905
2011-06-02,6.4953
2011-06-03,6.4925
2011-06-04,6.4925
2011-06-05,6.4925
2011-06-06,6.4925
2011-06-07,6.492
2011-06-08,6.4885
2011-06-09,6.4887
2011-06-10,6.4932
2011-06-11,6.495
2011-06-12,6.495
2011-06-13,6.4942
2011-06-14,6.4907
2011-06-15,6.4931
2011-06-16,6.4836
2011-06-17,6.4816
2011-06-18,6.4816
2011-06-19,6.4816
2011-06-20,6.4902
2011-06-21,6.4761
2011-06-22,6.4746
2011-06-23,6.4791
2011-06-24,6.4852
2011-06-25,6.4852
2011-06-26,6.4852
2011-06-27,6.4867
2011-06-28,6.4806
2011-06-29,6.4736
2011-06-30,6.4736
2011-07-01,6.4766
2011-07-02,6.4766
2011-07-03,6.4766
2011-07-04,6.4744
2011-07-05,6.4791
2011-07-06,6.4779
2011-07-07,6.4772
2011-07-08,6.4759
2011-07-09,6.4759
2011-07-10,6.4759
2011-07-11,6.4782
2011-07-12,6.4831
2011-07-13,6.4791
2011-07-14,6.4681
2011-07-15,6.4746
2011-07-16,6.4746
2011-07-17,6.4746
2011-07-18,6.4786
2011-07-19,6.4746
2011-07-20,6.4686
2011-07-21,6.4601
2011-07-22,6.4571
2011-07-23,6.4571
2011-07-24,6.4571
2011-07-25,6.4556
2011-07-26,6.4521
2011-07-27,6.4546
2011-07-28,6.4536
2011-07-29,6.4471
2011-07-30,6.4471
2011-07-31,6.4471
2011-08-01,6.4446
2011-08-02,6.4486
2011-08-03,6.4461
2011-08-04,6.4493
2011-08-05,6.4506
2011-08-06,6.4506
2011-08-07,6.4506
2011-08-08,6.4466
2011-08-09,6.4416
2011-08-10,6.4301
2011-08-11,6.405
2011-08-12,6.3995
2011-08-13,6.3995
2011-08-14,6.3995
2011-08-15,6.4025
2011-08-16,6.3935
2011-08-17,6.3965
2011-08-18,6.3989
2011-08-19,6.4035
2011-08-20,6.4035
2011-08-21,6.4035
2011-08-22,6.4085
2011-08-23,6.4085
2011-08-24,6.3995
2011-08-25,6.402
2011-08-26,6.3983
2011-08-27,6.3983
2011-08-28,6.3983
2011-08-29,6.3925
2011-08-30,6.3915
2011-08-31,6.389
2011-09-01,6.3931
2011-09-02,6.393
2011-09-03,6.393
2011-09-04,6.393
2011-09-05,6.3971
2011-09-06,6.4014
2011-09-07,6.403
2011-09-08,6.3955
2011-09-09,6.3985
2011-09-10,6.3985
2011-09-11,6.3985
2011-09-12,6.399
2011-09-13,6.4102
2011-09-14,6.4068
2011-09-15,6.4035
2011-09-16,6.3945
2011-09-17,6.3945
2011-09-18,6.3945
2011-09-19,6.3982
2011-09-20,6.3935
2011-09-21,6.3929
2011-09-22,6.3965
2011-09-23,6.4
2011-09-24,6.4
2011-09-25,6.4
2011-09-26,6.4085
2011-09-27,6.4085
2011-09-28,6.4015
2011-09-29,6.4105
2011-09-30,6.3935
2011-10-01,6.3935
2011-10-02,6.3935
2011-10-03,6.3935
2011-10-04,6.3935
2011-10-05,6.3935
2011-10-06,6.3935
2011-10-07,6.3935
2011-10-08,6.3935
2011-10-09,6.3885
2011-10-10,6.3599
2011-10-11,6.3765
2011-10-12,6.3709
2011-10-13,6.3935
2011-10-14,6.387
2011-10-15,6.387
2011-10-16,6.387
2011-10-17,6.3813
2011-10-18,6.3905
2011-10-19,6.389
2011-10-20,6.3955
2011-10-21,6.3957
2011-10-22,6.3957
2011-10-23,6.3957
2011-10-24,6.3855
2011-10-25,6.3714
2011-10-26,6.3644
2011-10-27,6.3714
2011-10-28,6.3704
2011-10-29,6.3704
2011-10-30,6.3704
2011-10-31,6.3643
2011-11-01,6.3659
2011-11-02,6.3679
2011-11-03,6.3604
2011-11-04,6.3509
2011-11-05,6.3509
2011-11-06,6.3509
2011-11-07,6.3594
2011-11-08,6.3584
2011-11-09,6.3524
2011-11-10,6.3594
2011-11-11,6.3538
2011-11-12,6.3538
2011-11-13,6.3538
2011-11-14,6.3654
2011-11-15,6.3584
2011-11-16,6.3564
2011-11-17,6.3619
2011-11-18,6.3669
2011-11-19,6.3669
2011-11-20,6.3669
2011-11-21,6.3714
2011-11-22,6.3737
2011-11-23,6.3699
2011-11-24,6.3765
2011-11-25,6.3875
2011-11-26,6.3875
2011-11-27,6.3875
2011-11-28,6.3975
2011-11-29,6.3885
2011-11-30,6.3907
2011-12-01,6.3811
2011-12-02,6.373
2011-12-03,6.373
2011-12-04,6.373
2011-12-05,6.3755
2011-12-06,6.3778
2011-12-07,6.3784
2011-12-08,6.375
2011-12-09,6.3765
2011-12-10,6.3765
2011-12-11,6.3765
2011-12-12,6.3732
2011-12-13,6.378
2011-12-14,6.3828
2011-12-15,6.3855
2011-12-16,6.3714
2011-12-17,6.3714
2011-12-18,6.3714
2011-12-19,6.3524
2011-12-20,6.3614
2011-12-21,6.3524
2011-12-22,6.3524
2011-12-23,6.3496
2011-12-24,6.3496
2011-12-25,6.3496
2011-12-26,6.3304
2011-12-27,6.3357
2011-12-28,6.3314
2011-12-29,6.3314
2011-12-30,6.2993
2011-12-31,6.2993
2012-01-01,6.2993
2012-01-02,6.2993
2012-01-03,6.2993
2012-01-04,6.3053
2012-01-05,6.3131
2012-01-06,6.3174
2012-01-07,6.3174
2012-01-08,6.3174
2012-01-09,6.3244
2012-01-10,6.3234
2012-01-11,6.3284
2012-01-12,6.3294
2012-01-13,6.3163
2012-01-14,6.3163
2012-01-15,6.3163
2012-01-16,6.3234
2012-01-17,6.3229
2012-01-18,6.3234
2012-01-19,6.3274
2012-01-20,6.3404
2012-01-21,6.3314
2012-01-22,6.3314
2012-01-23,6.3314
2012-01-24,6.3314
2012-01-25,6.3314
2012-01-26,6.3314
2012-01-27,6.3314
2012-01-28,6.3314
2012-01-29,6.3234
2012-01-30,6.3414
2012-01-31,6.3194
2012-02-01,6.3189
2012-02-02,6.3103
2012-02-03,6.3146
2012-02-04,6.3146
2012-02-05,6.3146
2012-02-06,6.3241
2012-02-07,6.3148
2012-02-08,6.3053
2012-02-09,6.3053
2012-02-10,6.3113
2012-02-11,6.3113
2012-02-12,6.3113
2012-02-13,6.3083
2012-02-14,6.3123
2012-02-15,6.3108
2012-02-16,6.314
2012-02-17,6.3093
2012-02-18,6.3093
2012-02-19,6.3093
2012-02-20,6.3118
2012-02-21,6.3063
2012-02-22,6.3073
2012-02-23,6.3102
2012-02-24,6.3078
2012-02-25,6.3078
2012-02-26,6.3078
2012-02-27,6.3133
2012-02-28,6.3103
2012-02-29,6.306
2012-03-01,6.3113
2012-03-02,6.3093
2012-03-03,6.3093
2012-03-04,6.3093
2012-03-05,6.3184
2012-03-06,6.3189
2012-03-07,6.3211
2012-03-08,6.3269
2012-03-09,6.3234
2012-03-10,6.3234
2012-03-11,6.3234
2012-03-12,6.3369
2012-03-13,6.3389
2012-03-14,6.3439
2012-03-15,6.3414
2012-03-16,6.3344
2012-03-17,6.3344
2012-03-18,6.3344
2012-03-19,6.3364
2012-03-20,6.3369
2012-03-21,6.3336
2012-03-22,6.3098
2012-03-23,6.3153
2012-03-24,6.3153
2012-03-25,6.3153
2012-03-26,6.3244
2012-03-27,6.3163
2012-03-28,6.3174
2012-03-29,6.3163
2012-03-30,6.3093
2012-03-31,6.3073
2012-04-01,6.3068
2012-04-02,6.3068
2012-04-03,6.3068
2012-04-04,6.3068
2012-04-05,6.3264
2012-04-06,6.3167
2012-04-07,6.3167
2012-04-08,6.3167
2012-04-09,6.3194
2012-04-10,6.3214
2012-04-11,6.3194
2012-04-12,6.3184
2012-04-13,6.3153
2012-04-14,6.3153
2012-04-15,6.3153
2012-04-16,6.3254
2012-04-17,6.3113
2012-04-18,6.3143
2012-04-19,6.3133
2012-04-20,6.3184
2012-04-21,6.3184
2012-04-22,6.3184
2012-04-23,6.3184
2012-04-24,6.3179
2012-04-25,6.3158
2012-04-26,6.3179
2012-04-27,6.3232
2012-04-28,6.3232
2012-04-29,6.3232
2012-04-30,6.3232
2012-05-01,6.3232
2012-05-02,6.3191
2012-05-03,6.3181
2012-05-04,6.318
2012-05-05,6.318
2012-05-06,6.318
2012-05-07,6.3206
2012-05-08,6.3204
2012-05-09,6.3221
2012-05-10,6.3266
2012-05-11,6.3226
2012-05-12,6.3226
2012-05-13,6.3226
2012-05-14,6.3306
2012-05-15,6.3286
2012-05-16,6.3326
2012-05-17,6.3353
2012-05-18,6.3402
2012-05-19,6.3402
2012-05-20,6.3402
2012-05-21,6.3397
2012-05-22,6.3351
2012-05-23,6.3467
2012-05-24,6.3562
2012-05-25,6.3567
2012-05-26,6.3567
2012-05-27,6.3567
2012-05-28,6.3592
2012-05-29,6.3597
2012-05-30,6.3722
2012-05-31,6.3797
2012-06-01,6.3812
2012-06-02,6.3812
2012-06-03,6.3812
2012-06-04,6.3747
2012-06-05,6.3802
2012-06-06,6.3747
2012-06-07,6.3757
2012-06-08,6.3847
2012-06-09,6.3847
2012-06-10,6.3847
2012-06-11,6.3797
2012-06-12,6.3817
2012-06-13,6.3817
2012-06-14,6.3807
2012-06-15,6.3767
2012-06-16,6.3767
2012-06-17,6.3767
2012-06-18,6.3703
2012-06-19,6.3676
2012-06-20,6.3727
2012-06-21,6.3797
2012-06-22,6.3797
2012-06-23,6.3797
2012-06-24,6.3797
2012-06-25,6.376
2012-06-26,6.3757
2012-06-27,6.3677
2012-06-28,6.37
2012-06-29,6.3647
2012-06-30,6.3647
2012-07-01,6.3647
2012-07-02,6.3607
2012-07-03,6.3652
2012-07-04,6.3599
2012-07-05,6.3677
2012-07-06,6.3767
2012-07-07,6.3767
2012-07-08,6.3767
2012-07-09,6.3829
2012-07-10,6.3767
2012-07-11,6.3812
2012-07-12,6.3837
2012-07-13,6.3919
2012-07-14,6.3919
2012-07-15,6.3919
2012-07-16,6.3923
2012-07-17,6.3852
2012-07-18,6.3832
2012-07-19,6.3852
2012-07-20,6.3867
2012-07-21,6.3867
2012-07-22,6.3867
2012-07-23,6.3989
2012-07-24,6.398
2012-07-25,6.4008
2012-07-26,6.3966
2012-07-27,6.3933
2012-07-28,6.3933
2012-07-29,6.3933
2012-07-30,6.3918
2012-07-31,6.3767
2012-08-01,6.3812
2012-08-02,6.3787
2012-08-03,6.3857
2012-08-04,6.3857
2012-08-05,6.3857
2012-08-06,6.3857
2012-08-07,6.3777
2012-08-08,6.3727
2012-08-09,6.3722
2012-08-10,6.3737
2012-08-11,6.3737
2012-08-12,6.3737
2012-08-13,6.3737
2012-08-14,6.3712
2012-08-15,6.3747
2012-08-16,6.3767
2012-08-17,6.3717
2012-08-18,6.3717
2012-08-19,6.3717
2012-08-20,6.3722
2012-08-21,6.3677
2012-08-22,6.3647
2012-08-23,6.3662
2012-08-24,6.3677
2012-08-25,6.3677
2012-08-26,6.3677
2012-08-27,6.3692
2012-08-28,6.3652
2012-08-29,6.3642
2012-08-30,6.3622
2012-08-31,6.3597
2012-09-01,6.3597
2012-09-02,6.3597
2012-09-03,6.3528
2012-09-04,6.3597
2012-09-05,6.3607
2012-09-06,6.3547
2012-09-07,6.3547
2012-09-08,6.3547
2012-09-09,6.3547
2012-09-10,6.3502
2012-09-11,6.3482
2012-09-12,6.3391
2012-09-13,6.3422
2012-09-14,6.3271
2012-09-15,6.3271
2012-09-16,6.3271
2012-09-17,6.3296
2012-09-18,6.3286
2012-09-19,6.3206
2012-09-20,6.3151
2012-09-21,6.3176
2012-09-22,6.3176
2012-09-23,6.3176
2012-09-24,6.3201
2012-09-25,6.3191
2012-09-26,6.3131
2012-09-27,6.3124
2012-09-28,6.2936
2012-09-29,6.2966
2012-09-30,6.2966
2012-10-01,6.2966
2012-10-02,6.2966
2012-10-03,6.2966
2012-10-04,6.2966
2012-10-05,6.2966
2012-10-06,6.2966
2012-10-07,6.2966
2012-10-08,6.2996
2012-10-09,6.2996
2012-10-10,6.2956
2012-10-11,6.2886
2012-10-12,6.2785
2012-10-13,6.2785
2012-10-14,6.2785
2012-10-15,6.2807
2012-10-16,6.2755
2012-10-17,6.2665
2012-10-18,6.2625
2012-10-19,6.2675
2012-10-20,6.2675
2012-10-21,6.2675
2012-10-22,6.267
2012-10-23,6.2605
2012-10-24,6.2595
2012-10-25,6.25
2012-10-26,6.2585
2012-10-27,6.2585
2012-10-28,6.2585
2012-10-29,6.2555
2012-10-30,6.2505
2012-10-31,6.2465
2012-11-01,6.253
2012-11-02,6.2555
2012-11-03,6.2555
2012-11-04,6.2555
2012-11-05,6.255
2012-11-06,6.2575
2012-11-07,6.252
2012-11-08,6.2465
2012-11-09,6.2515
2012-11-10,6.2515
2012-11-11,6.2515
2012-11-12,6.2354
2012-11-13,6.2386
2012-11-14,6.2214
2012-11-15,6.2385
2012-11-16,6.2475
2012-11-17,6.2475
2012-11-18,6.2475
2012-11-19,6.2425
2012-11-20,6.243
2012-11-21,6.2415
2012-11-22,6.2349
2012-11-23,6.2375
2012-11-24,6.2375
2012-11-25,6.2375
2012-11-26,6.2324
2012-11-27,6.2289
2012-11-28,6.2274
2012-11-29,6.2169
2012-11-30,6.2224
2012-12-01,6.2224
2012-12-02,6.2224
2012-12-03,6.2194
2012-12-04,6.2144
2012-12-05,6.2224
2012-12-06,6.2174
2012-12-07,6.2174
2012-12-08,6.2174
2012-12-09,6.2174
2012-12-10,6.2375
2012-12-11,6.2485
2012-12-12,6.262
2012-12-13,6.2395
2012-12-14,6.2485
2012-12-15,6.2485
2012-12-16,6.2485
2012-12-17,6.2455
2012-12-18,6.2405
2012-12-19,6.2364
2012-12-20,6.2375
2012-12-21,6.2364
2012-12-22,6.2364
2012-12-23,6.2364
2012-12-24,6.2385
2012-12-25,6.2385
2012-12-26,6.2465
2012-12-27,6.2455
2012-12-28,6.2395
2012-12-29,6.2395
2012-12-30,6.2395
2012-12-31,6.2375
2013-01-01,6.2375
2013-01-02,6.2375
2013-01-03,6.2375
2013-01-04,6.2395
2013-01-05,6.2276
2013-01-06,6.2256
2013-01-07,6.24
2013-01-08,6.2329
2013-01-09,6.2372
2013-01-10,6.2334
2013-01-11,6.2234
2013-01-12,6.2234
2013-01-13,6.2234
2013-01-14,6.2299
2013-01-15,6.2234
2013-01-16,6.2259
2013-01-17,6.2254
2013-01-18,6.2254
2013-01-19,6.2254
2013-01-20,6.2254
2013-01-21,6.231
2013-01-22,6.2309
2013-01-23,6.2269
2013-01-24,6.2279
2013-01-25,6.2284
2013-01-26,6.2284
2013-01-27,6.2284
2013-01-28,6.235
2013-01-29,6.2344
2013-01-30,6.2294
2013-01-31,6.2284
2013-02-01,6.2364
2013-02-02,6.2364
2013-02-03,6.2364
2013-02-04,6.2425
2013-02-05,6.2408
2013-02-06,6.2405
2013-02-07,6.2415
2013-02-08,6.245
2013-02-09,6.245
2013-02-10,6.245
2013-02-11,6.2455
2013-02-12,6.2455
2013-02-13,6.246
2013-02-14,6.246
2013-02-15,6.2455
2013-02-16,6.2485
2013-02-17,6.2455
2013-02-18,6.2555
2013-02-19,6.2555
2013-02-20,6.25
2013-02-21,6.2515
2013-02-22,6.2465
2013-02-23,6.2465
2013-02-24,6.2465
2013-02-25,6.2455
2013-02-26,6.2396
2013-02-27,6.2375
2013-02-28,6.2314
2013-03-01,6.2344
2013-03-02,6.2344
2013-03-03,6.2344
2013-03-04,6.2364
2013-03-05,6.2329
2013-03-06,6.2299
2013-03-07,6.2309
2013-03-08,6.2274
2013-03-09,6.2274
2013-03-10,6.2274
2013-03-11,6.2305
2013-03-12,6.2284
2013-03-13,6.2252
2013-03-14,6.2264
2013-03-15,6.2264
2013-03-16,6.2264
2013-03-17,6.2264
2013-03-18,6.2274
2013-03-19,6.2279
2013-03-20,6.2234
2013-03-21,6.2254
2013-03-22,6.2234
2013-03-23,6.2234
2013-03-24,6.2234
2013-03-25,6.2229
2013-03-26,6.2224
2013-03-27,6.2252
2013-03-28,6.2234
2013-03-29,6.2224
2013-03-30,6.2224
2013-03-31,6.2224
2013-04-01,6.2199
2013-04-02,6.2094
2013-04-03,6.2124
2013-04-04,6.2124
2013-04-05,6.2124
2013-04-06,6.2124
2013-04-07,6.2094
2013-04-08,6.2134
2013-04-09,6.2129
2013-04-10,6.2054
2013-04-11,6.2064
2013-04-12,6.2034
2013-04-13,6.2034
2013-04-14,6.2034
2013-04-15,6.1984
2013-04-16,6.1934
2013-04-17,6.1823
2013-04-18,6.1934
2013-04-19,6.1894
2013-04-20,6.1894
2013-04-21,6.1894
2013-04-22,6.1939
2013-04-23,6.1905
2013-04-24,6.1894
2013-04-25,6.1797
2013-04-26,6.1769
2013-04-27,6.1663
2013-04-28,6.1765
2013-04-29,6.1765
2013-04-30,6.1765
2013-05-01,6.1745
2013-05-02,6.1673
2013-05-03,6.1663
2013-05-04,6.1663
2013-05-05,6.1663
2013-05-06,6.1743
2013-05-07,6.1638
2013-05-08,6.1533
2013-05-09,6.1403
2013-05-10,6.1523
2013-05-11,6.1523
2013-05-12,6.1523
2013-05-13,6.1583
2013-05-14,6.1548
2013-05-15,6.1573
2013-05-16,6.1618
2013-05-17,6.1533
2013-05-18,6.1533
2013-05-19,
2013-05-20,6.1513
2013-05-21,6.1469
2013-05-22,6.1431
2013-05-23,6.1433
2013-05-24,6.1433
2013-05-25,6.1433
2013-05-26,6.1433
2013-05-27,6.1327
2013-05-28,6.1332
2013-05-29,6.1383
2013-05-30,6.1423
2013-05-31,6.1458
2013-06-01,6.1458
2013-06-02,6.1458
2013-06-03,6.1433
2013-06-04,6.1403
2013-06-05,6.1396
2013-06-06,6.1433
2013-06-07,6.1423
2013-06-08,6.1272
2013-06-09,6.1423
2013-06-10,6.1423
2013-06-11,6.1413
2013-06-12,6.1403
2013-06-13,6.1453
2013-06-14,6.1409
2013-06-15,6.1409
2013-06-16,6.1409
2013-06-17,6.1367
2013-06-18,6.1393
2013-06-19,6.1383
2013-06-20,6.1367
2013-06-21,6.1439
2013-06-22,6.1439
2013-06-23,6.1439
2013-06-24,6.1553
2013-06-25,6.1573
2013-06-26,6.1583
2013-06-27,6.1593
2013-06-28,6.1483
2013-06-29,6.1483
2013-06-30,6.1483
2013-07-01,6.1463
2013-07-02,6.1448
2013-07-03,6.1423
2013-07-04,6.1383
2013-07-05,6.1443
2013-07-06,6.1443
2013-07-07,6.1443
2013-07-08,6.1458
2013-07-09,6.1413
2013-07-10,6.1463
2013-07-11,6.1473
2013-07-12,6.1493
2013-07-13,6.1493
2013-07-14,6.1493
2013-07-15,6.1494
2013-07-16,6.1468
2013-07-17,6.1463
2013-07-18,6.1513
2013-07-19,6.1503
2013-07-20,6.1503
2013-07-21,6.1503
2013-07-22,6.1528
2013-07-23,6.1488
2013-07-24,6.1473
2013-07-25,6.1463
2013-07-26,6.1428
2013-07-27,6.1428
2013-07-28,6.1428
2013-07-29,6.144
2013-07-30,6.1433
2013-07-31,6.1403
2013-08-01,6.1418
2013-08-02,6.1413
2013-08-03,6.1413
2013-08-04,6.1413
2013-08-05,6.1365
2013-08-06,6.1332
2013-08-07,6.1312
2013-08-08,6.1322
2013-08-09,6.1322
2013-08-10,6.1322
2013-08-11,6.1322
2013-08-12,6.1332
2013-08-13,6.1329
2013-08-14,6.1312
2013-08-15,6.1247
2013-08-16,6.1252
2013-08-17,6.1252
2013-08-18,6.1252
2013-08-19,6.1332
2013-08-20,6.1352
2013-08-21,6.1322
2013-08-22,6.1332
2013-08-23,6.1327
2013-08-24,6.1327
2013-08-25,6.1327
2013-08-26,6.1337
2013-08-27,6.1337
2013-08-28,6.1317
2013-08-29,6.1322
2013-08-30,6.1312
2013-08-31,6.1312
2013-09-01,6.1312
2013-09-02,6.1312
2013-09-03,6.1329
2013-09-04,6.1312
2013-09-05,6.1318
2013-09-06,6.1312
2013-09-07,6.1312
2013-09-08,6.1312
2013-09-09,6.1327
2013-09-10,6.1317
2013-09-11,6.1302
2013-09-12,6.1292
2013-09-13,6.1302
2013-09-14,6.1302
2013-09-15,6.1302
2013-09-16,6.1312
2013-09-17,6.1327
2013-09-18,6.1312
2013-09-19,6.1302
2013-09-20,6.1302
2013-09-21,6.1302
2013-09-22,6.1354
2013-09-23,6.1307
2013-09-24,6.1317
2013-09-25,6.1302
2013-09-26,6.1307
2013-09-27,6.1307
2013-09-28,6.1307
2013-09-29,6.1292
2013-09-30,6.1317
2013-10-01,6.1312
2013-10-02,6.1312
2013-10-03,6.1312
2013-10-04,6.1307
2013-10-05,6.1307
2013-10-06,6.1307
2013-10-07,6.1307
2013-10-08,6.1322
2013-10-09,6.1317
2013-10-10,6.1277
2013-10-11,6.1302
2013-10-12,6.1302
2013-10-13,6.1302
2013-10-14,6.1192
2013-10-15,6.1142
2013-10-16,6.1112
2013-10-17,6.1092
2013-10-18,6.1077
2013-10-19,6.1077
2013-10-20,6.1077
2013-10-21,6.1042
2013-10-22,6.1037
2013-10-23,6.0952
2013-10-24,6.0927
2013-10-25,6.0942
2013-10-26,6.0942
2013-10-27,6.0942
2013-10-28,6.0962
2013-10-29,6.1012
2013-10-30,6.1042
2013-10-31,6.1042
2013-11-01,6.1097
2013-11-02,6.1097
2013-11-03,6.1097
2013-11-04,6.1107
2013-11-05,6.1077
2013-11-06,6.1037
2013-11-07,6.1022
2013-11-08,6.1024
2013-11-09,6.1024
2013-11-10,6.1024
2013-11-11,6.1027
2013-11-12,6.1032
2013-11-13,6.1032
2013-11-14,6.1037
2013-11-15,6.1037
2013-11-16,6.1037
2013-11-17,6.1037
2013-11-18,6.1032
2013-11-19,6.1032
2013-11-20,6.1037
2013-11-21,6.1042
2013-11-22,6.1047
2013-11-23,6.1047
2013-11-24,6.1047
2013-11-25,6.1045
2013-11-26,6.104
2013-11-27,6.104
2013-11-28,6.104
2013-11-29,6.1042
2013-11-30,6.1042
2013-12-01,6.1042
2013-12-02,6.1042
2013-12-03,6.1037
2013-12-04,6.1032
2013-12-05,6.1027
2013-12-06,6.0932
2013-12-07,6.0932
2013-12-08,6.0932
2013-12-09,6.0826
2013-12-10,6.0821
2013-12-11,6.0829
2013-12-12,6.0826
2013-12-13,6.0821
2013-12-14,6.0821
2013-12-15,6.0821
2013-12-16,6.0831
2013-12-17,6.0826
2013-12-18,6.0826
2013-12-19,6.0821
2013-12-20,6.0821
2013-12-21,6.0821
2013-12-22,6.0821
2013-12-23,6.0821
2013-12-24,6.0826
2013-12-25,6.0826
2013-12-26,6.0861
2013-12-27,6.0811
2013-12-28,6.0811
2013-12-29,6.0811
2013-12-30,6.0738
2013-12-31,6.0641
2014-01-01,6.0641
2014-01-02,6.0621
2014-01-03,6.0631
2014-01-04,6.0631
2014-01-05,6.0631
2014-01-06,6.0636
2014-01-07,6.0626
2014-01-08,6.0626
2014-01-09,6.0651
2014-01-10,6.0629
2014-01-11,6.0629
2014-01-12,6.0629
2014-01-13,6.0541
2014-01-14,6.0511
2014-01-15,6.0566
2014-01-16,6.0661
2014-01-17,6.0611
2014-01-18,6.0611
2014-01-19,6.0611
2014-01-20,6.0636
2014-01-21,6.0621
2014-01-22,6.0625
2014-01-23,6.0626
2014-01-24,6.0591
2014-01-25,6.0591
2014-01-26,6.0626
2014-01-27,6.0601
2014-01-28,6.0616
2014-01-29,6.0666
2014-01-30,6.0731
2014-01-31,6.0731
2014-02-01,6.0731
2014-02-02,6.0731
2014-02-03,6.0741
2014-02-04,6.0741
2014-02-05,6.0741
2014-02-06,6.0741
2014-02-07,6.0751
2014-02-08,6.0732
2014-02-09,6.0732
2014-02-10,6.0716
2014-02-11,6.0711
2014-02-12,6.0741
2014-02-13,6.0761
2014-02-14,6.0771
2014-02-15,6.0771
2014-02-16,6.0771
2014-02-17,6.0749
2014-02-18,6.0791
2014-02-19,6.0872
2014-02-20,6.0952
2014-02-21,6.103
2014-02-22,6.103
2014-02-23,6.103
2014-02-24,6.1112
2014-02-25,6.1373
2014-02-26,6.1362
2014-02-27,6.1393
2014-02-28,6.1493
2014-03-01,6.1493
2014-03-02,6.1493
2014-03-03,6.1568
2014-03-04,6.1553
2014-03-05,6.1388
2014-03-06,6.1297
2014-03-07,6.1373
2014-03-08,6.1373
2014-03-09,6.1373
2014-03-10,6.1498
2014-03-11,6.1503
2014-03-12,6.1563
2014-03-13,6.1478
2014-03-14,6.1603
2014-03-15,6.1603
2014-03-16,6.1603
2014-03-17,6.1884
2014-03-18,6.2009
2014-03-19,6.2054
2014-03-20,6.2369
2014-03-21,6.2354
2014-03-22,6.2354
2014-03-23,6.2354
2014-03-24,6.2004
2014-03-25,6.2124
2014-03-26,6.2199
2014-03-27,6.2224
2014-03-28,6.2224
2014-03-29,6.2224
2014-03-30,6.2224
2014-03-31,6.2269
2014-04-01,6.2164
2014-04-02,6.2159
2014-04-03,6.2214
2014-04-04,6.2224
2014-04-05,6.2224
2014-04-06,6.2224
2014-04-07,6.2224
2014-04-08,6.2079
2014-04-09,6.2119
2014-04-10,6.2224
2014-04-11,6.2204
2014-04-12,6.2204
2014-04-13,6.2204
2014-04-14,6.2302
2014-04-15,6.2329
2014-04-16,6.2329
2014-04-17,6.2294
2014-04-18,6.2349
2014-04-19,6.2349
2014-04-20,6.2349
2014-04-21,6.2399
2014-04-22,6.2485
2014-04-23,6.249
2014-04-24,6.26
2014-04-25,6.2648
2014-04-26,6.2648
2014-04-27,6.2648
2014-04-28,6.2645
2014-04-29,6.2685
2014-04-30,6.2705
2014-05-01,6.2705
2014-05-02,6.2695
2014-05-03,6.2695
2014-05-04,6.2758
2014-05-05,6.2555
2014-05-06,6.2375
2014-05-07,6.2455
2014-05-08,6.239
2014-05-09,6.2385
2014-05-10,6.2385
2014-05-11,6.2385
2014-05-12,6.2483
2014-05-13,6.24
2014-05-14,6.239
2014-05-15,6.241
2014-05-16,6.2445
2014-05-17,6.2445
2014-05-18,6.2445
2014-05-19,6.2491
2014-05-20,6.2494
2014-05-21,6.2455
2014-05-22,6.2465
2014-05-23,6.2475
2014-05-24,6.2475
2014-05-25,6.2475
2014-05-26,6.251
2014-05-27,6.2595
2014-05-28,6.2663
2014-05-29,6.2491
2014-05-30,6.2575
2014-05-31,6.2575
2014-06-01,6.2575
2014-06-02,6.2575
2014-06-03,6.2655
2014-06-04,6.2605
2014-06-05,6.2655
2014-06-06,6.2605
2014-06-07,6.2605
2014-06-08,6.2605
2014-06-09,6.2495
2014-06-10,6.2375
2014-06-11,6.239
2014-06-12,6.2284
2014-06-13,6.2214
2014-06-14,6.2214
2014-06-15,6.2214
2014-06-16,6.2364
2014-06-17,6.2378
2014-06-18,6.2425
2014-06-19,6.2395
2014-06-20,6.2364
2014-06-21,6.2364
2014-06-22,6.2364
2014-06-23,6.238
2014-06-24,6.2415
2014-06-25,6.245
2014-06-26,6.2375
2014-06-27,6.2274
2014-06-28,6.2274
2014-06-29,6.2274
2014-06-30,6.2129
2014-07-01,6.2116
2014-07-02,6.2209
2014-07-03,6.2239
2014-07-04,6.2149
2014-07-05,6.2149
2014-07-06,6.2149
2014-07-07,6.2154
2014-07-08,6.2124
2014-07-09,6.2104
2014-07-10,6.2129
2014-07-11,6.2144
2014-07-12,6.2144
2014-07-13,6.2144
2014-07-14,6.2172
2014-07-15,6.2194
2014-07-16,6.2159
2014-07-17,6.2154
2014-07-18,6.2184
2014-07-19,6.2184
2014-07-20,6.2184
2014-07-21,6.2202
2014-07-22,6.2149
2014-07-23,6.2084
2014-07-24,6.2059
2014-07-25,6.2024
2014-07-26,6.2024
2014-07-27,6.2024
2014-07-28,6.1984
2014-07-29,6.1927
2014-07-30,6.1823
2014-07-31,6.1838
2014-08-01,6.1904
2014-08-02,6.1904
2014-08-03,6.1904
2014-08-04,6.1899
2014-08-05,6.1814
2014-08-06,6.1743
2014-08-07,6.1733
2014-08-08,6.1673
2014-08-09,6.1673
2014-08-10,6.1673
2014-08-11,6.1648
2014-08-12,6.1693
2014-08-13,6.1653
2014-08-14,6.1653
2014-08-15,6.1578
2014-08-16,6.1578
2014-08-17,6.1578
2014-08-18,6.1548
2014-08-19,6.1523
2014-08-20,6.1523
2014-08-21,6.1618
2014-08-22,6.1633
2014-08-23,6.1633
2014-08-24,6.1633
2014-08-25,6.1668
2014-08-26,6.1635
2014-08-27,6.1547
2014-08-28,6.1538
2014-08-29,6.1538
2014-08-30,6.1538
2014-08-31,6.1538
2014-09-01,6.1553
2014-09-02,6.1593
2014-09-03,6.1523
2014-09-04,6.1488
2014-09-05,6.1518
2014-09-06,6.1518
2014-09-07,6.1518
2014-09-08,6.1518
2014-09-09,6.1473
2014-09-10,6.1408
2014-09-11,6.1413
2014-09-12,6.1459
2014-09-13,6.1458
2014-09-14,6.1458
2014-09-15,6.1538
2014-09-16,6.1577
2014-09-17,6.1508
2014-09-18,6.1523
2014-09-19,6.1513
2014-09-20,6.1513
2014-09-21,
2014-09-22,6.1527
2014-09-23,6.1488
2014-09-24,6.1453
2014-09-25,6.1473
2014-09-26,6.1381
2014-09-27,6.1381
2014-09-28,6.1362
2014-09-29,6.1603
2014-09-30,6.1503
2014-10-01,6.1503
2014-10-02,6.1503
2014-10-03,6.1503
2014-10-04,6.1503
2014-10-05,6.1503
2014-10-06,6.1503
2014-10-07,6.1503
2014-10-08,6.1498
2014-10-09,6.1413
2014-10-10,6.1423
2014-10-11,6.1413
2014-10-12,6.1413
2014-10-13,6.1373
2014-10-14,6.1357
2014-10-15,6.1367
2014-10-16,6.1342
2014-10-17,6.1352
2014-10-18,6.1352
2014-10-19,6.1352
2014-10-20,6.1352
2014-10-21,6.1342
2014-10-22,6.129
2014-10-23,6.1306
2014-10-24,6.1277
2014-10-25,6.1277
2014-10-26,6.1277
2014-10-27,6.1277
2014-10-28,6.1242
2014-10-29,6.1222
2014-10-30,6.1267
2014-10-31,6.1232
2014-11-01,6.1232
2014-11-02,6.1247
2014-11-03,6.1292
2014-11-04,6.1262
2014-11-05,6.1257
2014-11-06,6.1237
2014-11-07,6.1347
2014-11-08,6.1347
2014-11-09,6.1347
2014-11-10,6.1312
2014-11-11,6.1362
2014-11-12,6.1378
2014-11-13,6.1362
2014-11-14,6.1413
2014-11-15,6.1413
2014-11-16,6.1413
2014-11-17,6.1357
2014-11-18,6.1322
2014-11-19,6.1307
2014-11-20,6.1352
2014-11-21,6.1357
2014-11-22,6.1357
2014-11-23,6.1357
2014-11-24,6.1548
2014-11-25,6.148
2014-11-26,6.1498
2014-11-27,6.1493
2014-11-28,6.1543
2014-11-29,6.1543
2014-11-30,6.1543
2014-12-01,6.1641
2014-12-02,6.1613
2014-12-03,6.1623
2014-12-04,6.1663
2014-12-05,6.1609
2014-12-06,6.1609
2014-12-07,6.1609
2014-12-08,6.1843
2014-12-09,6.1959
2014-12-10,6.1879
2014-12-11,6.1999
2014-12-12,6.1984
2014-12-13,6.1984
2014-12-14,6.1984
2014-12-15,6.2029
2014-12-16,6.2012
2014-12-17,6.2092
2014-12-18,6.2284
2014-12-19,6.2336
2014-12-20,6.2336
2014-12-21,6.2336
2014-12-22,6.2359
2014-12-23,6.238
2014-12-24,6.2274
2014-12-25,6.2114
2014-12-26,6.2244
2014-12-27,6.2244
2014-12-28,6.2244
2014-12-29,6.2349
2014-12-30,6.2149
2014-12-31,6.2164
2015-01-01,6.215
2015-01-02,6.215
2015-01-03,6.215
2015-01-04,6.2226
2015-01-05,6.2324
2015-01-06,6.2249
2015-01-07,6.2244
2015-01-08,6.2264
2015-01-09,6.2204
2015-01-10,6.2204
2015-01-11,6.2204
2015-01-12,6.2149
2015-01-13,6.2099
2015-01-14,6.2074
2015-01-15,6.199
2015-01-16,6.2184
2015-01-17,6.2184
2015-01-18,6.2184
2015-01-19,6.2324
2015-01-20,6.2257
2015-01-21,6.2229
2015-01-22,6.2214
2015-01-23,6.2403
2015-01-24,6.2403
2015-01-25,6.2403
2015-01-26,6.2665
2015-01-27,6.255
2015-01-28,6.259
2015-01-29,6.258
2015-01-30,6.2655
2015-01-31,6.2655
2015-02-01,6.2655
2015-02-02,6.2723
2015-02-03,6.269
2015-02-04,6.259
2015-02-05,6.2635
2015-02-06,6.255
2015-02-07,
2015-02-08,
2015-02-09,6.2585
2015-02-10,6.253
2015-02-11,6.254
2015-02-12,6.256
2015-02-13,6.2512
2015-02-14,6.2512
2015-02-15,6.2567
2015-02-16,6.26
2015-02-17,6.2675
2015-02-18,6.2675
2015-02-19,6.2675
2015-02-20,6.2675
2015-02-21,6.2675
2015-02-22,6.2675
2015-02-23,6.2675
2015-02-24,6.2675
2015-02-25,6.2725
2015-02-26,6.2703
2015-02-27,6.2811
2015-02-28,6.2821
2015-03-01,6.2821
2015-03-02,6.2848
2015-03-03,6.2862
2015-03-04,6.2827
2015-03-05,6.278
2015-03-06,6.2752
2015-03-07,6.2752
2015-03-08,6.2752
2015-03-09,6.2765
2015-03-10,6.2739
2015-03-11,6.2753
2015-03-12,6.2749
2015-03-13,6.273
2015-03-14,6.273
2015-03-15,6.2755
2015-03-16,6.2745
2015-03-17,6.2605
2015-03-18,6.2417
2015-03-19,6.2079
2015-03-20,6.2194
2015-03-21,6.2214
2015-03-22,6.2214
2015-03-23,6.2284
2015-03-24,6.2179
2015-03-25,6.2249
2015-03-26,6.2229
2015-03-27,6.2299
2015-03-28,6.2299
2015-03-29,6.2299
2015-03-30,6.2189
2015-03-31,6.2069
2015-04-01,6.2104
2015-04-02,6.2094
2015-04-03,6.2074
2015-04-04,
2015-04-05,6.2054
2015-04-06,6.2054
2015-04-07,6.2104
2015-04-08,6.2147
2015-04-09,6.2174
2015-04-10,6.2194
2015-04-11,6.2194
2015-04-12,6.2194
2015-04-13,6.2284
2015-04-14,6.2232
2015-04-15,6.2169
2015-04-16,6.2074
2015-04-17,6.2099
2015-04-18,6.2099
2015-04-19,6.2099
2015-04-20,6.2134
2015-04-21,6.2142
2015-04-22,6.2059
2015-04-23,6.2094
2015-04-24,6.2054
2015-04-25,6.2054
2015-04-26,6.2054
2015-04-27,6.2334
2015-04-28,6.2174
2015-04-29,6.2116
2015-04-30,6.2124
2015-05-01,6.2149
2015-05-02,6.2149
2015-05-03,6.2149
2015-05-04,6.2216
2015-05-05,6.2174
2015-05-06,6.2119
2015-05-07,6.2179
2015-05-08,6.2209
2015-05-09,6.2209
2015-05-10,6.2209
2015-05-11,6.2214
2015-05-12,6.2209
2015-05-13,6.2159
2015-05-14,6.2129
2015-05-15,6.2189
2015-05-16,6.2189
2015-05-17,6.2189
2015-05-18,6.2159
2015-05-19,6.2179
2015-05-20,6.2154
2015-05-21,6.2084
2015-05-22,6.2104
2015-05-23,6.2104
2015-05-24,6.2104
2015-05-25,6.2139
2015-05-26,6.2157
2015-05-27,6.2132
2015-05-28,6.2129
2015-05-29,6.2099
2015-05-30,6.2099
2015-05-31,6.2099
2015-06-01,6.2114
2015-06-02,6.2094
2015-06-03,6.2095
2015-06-04,6.2124
2015-06-05,6.2152
2015-06-06,6.2152
2015-06-07,6.2152
2015-06-08,6.2174
2015-06-09,6.2176
2015-06-10,6.2177
2015-06-11,6.2184
2015-06-12,6.2202
2015-06-13,6.2202
2015-06-14,6.2202
2015-06-15,6.2204
2015-06-16,6.2199
2015-06-17,6.2199
2015-06-18,6.2184
2015-06-19,6.2209
2015-06-20,6.2209
2015-06-21,6.2209
2015-06-22,6.2204
2015-06-23,6.2182
2015-06-24,6.2188
2015-06-25,6.2208
2015-06-26,6.2206
2015-06-27,6.2206
2015-06-28,6.2206
2015-06-29,6.2201
2015-06-30,6.2128
2015-07-01,6.2134
2015-07-02,6.2167
2015-07-03,6.2174
2015-07-04,6.2174
2015-07-05,6.2174
2015-07-06,6.2207
2015-07-07,6.2219
2015-07-08,6.2209
2015-07-09,6.2204
2015-07-10,6.2209
2015-07-11,6.2209
2015-07-12,6.2209
2015-07-13,6.2201
2015-07-14,6.2204
2015-07-15,6.2209
2015-07-16,6.2207
2015-07-17,6.2208
2015-07-18,6.2208
2015-07-19,6.2208
2015-07-20,6.2214
2015-07-21,6.2211
2015-07-22,6.2211
2015-07-23,6.221
2015-07-24,6.221
2015-07-25,6.221
2015-07-26,6.221
2015-07-27,6.2216
2015-07-28,6.221
2015-07-29,6.2207
2015-07-30,6.221
2015-07-31,6.2213
2015-08-01,6.2213
2015-08-02,6.2213
2015-08-03,6.2215
2015-08-04,6.2212
2015-08-05,6.2214
2015-08-06,6.2212
2015-08-07,6.2212
2015-08-08,6.2212
2015-08-09,6.2212
2015-08-10,6.2215
2015-08-11,6.3356
2015-08-12,6.3998
2015-08-13,6.4118
2015-08-14,6.4028
2015-08-15,6.4028
2015-08-16,6.4028
2015-08-17,6.4078
2015-08-18,6.4063
2015-08-19,6.4083
2015-08-20,6.4013
2015-08-21,6.4013
2015-08-22,6.4013
2015-08-23,6.4013
2015-08-24,6.4168
2015-08-25,6.4248
2015-08-26,6.4233
2015-08-27,6.4178
2015-08-28,6.4038
2015-08-29,6.4038
2015-08-30,6.4038
2015-08-31,6.3903
2015-09-01,6.3767
2015-09-02,6.3697
2015-09-03,6.3697
2015-09-04,6.3697
2015-09-05,6.3697
2015-09-06,6.3776
2015-09-07,6.3797
2015-09-08,6.3807
2015-09-09,6.3913
2015-09-10,6.3903
2015-09-11,6.3888
2015-09-12,6.3888
2015-09-13,6.3888
2015-09-14,6.3815
2015-09-15,6.3817
2015-09-16,6.3832
2015-09-17,6.3787
2015-09-18,6.3762
2015-09-19,6.3762
2015-09-20,6.3762
2015-09-21,6.3818
2015-09-22,6.3878
2015-09-23,6.3956
2015-09-24,6.3928
2015-09-25,6.3875
2015-09-26,6.3875
2015-09-27,6.3875
2015-09-28,6.3812
2015-09-29,6.3757
2015-09-30,6.3687
2015-10-01,6.3697
2015-10-02,6.3697
2015-10-03,6.3697
2015-10-04,6.3697
2015-10-05,6.3697
2015-10-06,6.3707
2015-10-07,6.3707
2015-10-08,6.3647
2015-10-09,6.3557
2015-10-10,6.3552
2015-10-11,6.3552
2015-10-12,6.335
2015-10-13,6.3542
2015-10-14,6.3599
2015-10-15,6.3572
2015-10-16,6.3647
2015-10-17,6.3647
2015-10-18,6.3647
2015-10-19,6.3717
2015-10-20,6.3597
2015-10-21,6.3597
2015-10-22,6.3692
2015-10-23,6.3622
2015-10-24,6.3622
2015-10-25,6.3622
2015-10-26,6.3652
2015-10-27,6.3651
2015-10-28,6.3707
2015-10-29,6.3682
2015-10-30,6.3306
2015-10-31,6.3306
2015-11-01,6.3306
2015-11-02,6.3517
2015-11-03,6.3502
2015-11-04,6.3482
2015-11-05,6.3573
2015-11-06,6.3647
2015-11-07,6.3647
2015-11-08,6.3647
2015-11-09,6.3747
2015-11-10,6.3732
2015-11-11,6.3787
2015-11-12,6.3807
2015-11-13,6.3857
2015-11-14,6.3857
2015-11-15,6.3857
2015-11-16,6.3837
2015-11-17,6.3908
2015-11-18,6.3968
2015-11-19,6.3958
2015-11-20,6.3978
2015-11-21,6.3978
2015-11-22,6.3978
2015-11-23,6.4018
2015-11-24,6.4008
2015-11-25,6.4013
2015-11-26,6.4018
2015-11-27,6.4073
2015-11-28,6.4073
2015-11-29,6.4073
2015-11-30,6.4103
2015-12-01,6.4108
2015-12-02,6.4108
2015-12-03,6.4098
2015-12-04,6.4138
2015-12-05,6.4138
2015-12-06,6.4138
2015-12-07,6.4203
2015-12-08,6.4303
2015-12-09,6.4409
2015-12-10,6.4509
2015-12-11,6.4689
2015-12-12,6.4689
2015-12-13,6.4689
2015-12-14,6.4715
2015-12-15,6.4749
2015-12-16,6.4859
2015-12-17,6.496
2015-12-18,6.494
2015-12-19,6.494
2015-12-20,6.494
2015-12-21,6.4938
2015-12-22,6.491
2015-12-23,6.49
2015-12-24,6.4882
2015-12-25,6.4885
2015-12-26,6.4885
2015-12-27,6.4885
2015-12-28,6.501
2015-12-29,6.4982
2015-12-30,6.5018
2015-12-31,6.506
2016-01-01,6.506
2016-01-02,6.506
2016-01-03,6.506
2016-01-04,6.5454
2016-01-05,6.53
2016-01-06,6.5696
2016-01-07,6.6062
2016-01-08,6.6092
2016-01-09,6.6092
2016-01-10,6.6092
2016-01-11,6.5856
2016-01-12,6.5897
2016-01-13,6.5887
2016-01-14,6.6042
2016-01-15,6.5987
2016-01-16,6.5987
2016-01-17,6.5987
2016-01-18,6.5922
2016-01-19,6.5917
2016-01-20,6.593
2016-01-21,6.5917
2016-01-22,6.5912
2016-01-23,6.5912
2016-01-24,6.5912
2016-01-25,6.5918
2016-01-26,6.5947
2016-01-27,6.5908
2016-01-28,6.5885
2016-01-29,6.5883
2016-01-30,6.5883
2016-01-31,6.5883
2016-02-01,6.5913
2016-02-02,6.5923
2016-02-03,6.5898
2016-02-04,6.5773
2016-02-05,6.5833
2016-02-06,6.5897
2016-02-07,6.5897
2016-02-08,6.5897
2016-02-09,6.5897
2016-02-10,6.5857
2016-02-11,6.5857
2016-02-12,6.5872
2016-02-13,6.5872
2016-02-14,6.5932
2016-02-15,6.5082
2016-02-16,6.5277
2016-02-17,6.5397
2016-02-18,6.5292
2016-02-19,6.5342
2016-02-20,6.5332
2016-02-21,6.5332
2016-02-22,6.5342
2016-02-23,6.5417
2016-02-24,6.5482
2016-02-25,6.5452
2016-02-26,6.5523
2016-02-27,6.5513
2016-02-28,6.5513
2016-02-29,6.5663
2016-03-01,6.5611
2016-03-02,6.5639
2016-03-03,6.5513
2016-03-04,6.5287
2016-03-05,6.5252
2016-03-06,6.5252
2016-03-07,6.5297
2016-03-08,6.5192
2016-03-09,6.5272
2016-03-10,6.5307
2016-03-11,6.5127
2016-03-12,6.5082
2016-03-13,6.5082
2016-03-14,6.5082
2016-03-15,6.5272
2016-03-16,6.5332
2016-03-17,6.4931
2016-03-18,6.4891
2016-03-19,6.4871
2016-03-20,6.4871
2016-03-21,6.4936
2016-03-22,6.5032
2016-03-23,6.5162
2016-03-24,6.5272
2016-03-25,6.5272
2016-03-26,6.5272
2016-03-27,6.5272
2016-03-28,6.5242
2016-03-29,6.5222
2016-03-30,6.4791
2016-03-31,6.4671
2016-04-01,6.4901
2016-04-02,6.4881
2016-04-03,6.4881
2016-04-04,6.4881
2016-04-05,6.4921
2016-04-06,6.4951
2016-04-07,6.4831
2016-04-08,6.4831
2016-04-09,6.4801
2016-04-10,6.4801
2016-04-11,6.4731
2016-04-12,6.4851
2016-04-13,6.4876
2016-04-14,6.4951
2016-04-15,6.4881
2016-04-16,6.4881
2016-04-17,6.4881
2016-04-18,6.4906
2016-04-19,6.4751
2016-04-20,6.4831
2016-04-21,6.4921
2016-04-22,6.5092
2016-04-23,6.5142
2016-04-24,6.5142
2016-04-25,6.5072
2016-04-26,6.5042
2016-04-27,6.5062
2016-04-28,6.4921
2016-04-29,6.4941
2016-04-30,6.4921
2016-05-01,6.4921
2016-05-02,6.4921
2016-05-03,6.4981
2016-05-04,6.5182
2016-05-05,6.5202
2016-05-06,6.5082
2016-05-07,6.5082
2016-05-08,6.5082
2016-05-09,6.5262
2016-05-10,6.5277
2016-05-11,6.5142
2016-05-12,6.5272
2016-05-13,6.5422
2016-05-14,6.5432
2016-05-15,6.5432
2016-05-16,6.5332
2016-05-17,6.5342
2016-05-18,6.5513
2016-05-19,6.5613
2016-05-20,6.5603
2016-05-21,6.5603
2016-05-22,6.5603
2016-05-23,6.5688
2016-05-24,6.5713
2016-05-25,6.5713
2016-05-26,6.5673
2016-05-27,6.5773
2016-05-28,6.5773
2016-05-29,6.5773
2016-05-30,6.5963
2016-05-31,6.5963
2016-06-01,6.5913
2016-06-02,6.5953
2016-06-03,6.5713
2016-06-04,6.5663
2016-06-05,6.5663
2016-06-06,6.5773
2016-06-07,6.5833
2016-06-08,6.5783
2016-06-09,6.5783
2016-06-10,6.5883
2016-06-11,6.5883
2016-06-12,6.5873
2016-06-13,6.5993
2016-06-14,6.6094
2016-06-15,6.5963
2016-06-16,6.6054
2016-06-17,6.5983
2016-06-18,6.5983
2016-06-19,6.5983
2016-06-20,6.5923
2016-06-21,6.6014
2016-06-22,6.5893
2016-06-23,6.5923
2016-06-24,6.6404
2016-06-25,6.6404
2016-06-26,6.6404
2016-06-27,6.6635
2016-06-28,6.6615
2016-06-29,6.6545
2016-06-30,6.6615
2016-07-01,6.6695
2016-07-02,6.6695
2016-07-03,6.6695
2016-07-04,6.678
2016-07-05,6.6905
2016-07-06,6.7046
2016-07-07,6.6955
2016-07-08,6.6986
2016-07-09,6.6986
2016-07-10,6.6986
2016-07-11,6.7056
2016-07-12,6.7006
2016-07-13,6.7006
2016-07-14,6.6986
2016-07-15,6.7036
2016-07-16,6.7036
2016-07-17,6.7036
2016-07-18,6.7156
2016-07-19,6.7086
2016-07-20,6.6915
2016-07-21,6.6885
2016-07-22,6.6925
2016-07-23,6.6925
2016-07-24,6.6925
2016-07-25,6.693
2016-07-26,6.6865
2016-07-27,6.6835
2016-07-28,6.6705
2016-07-29,6.6464
2016-07-30,6.6464
2016-07-31,6.6464
2016-08-01,6.6565
2016-08-02,6.6424
2016-08-03,6.6484
2016-08-04,6.6535
2016-08-05,6.6665
2016-08-06,6.6665
2016-08-07,6.6665
2016-08-08,6.675
2016-08-09,6.6695
2016-08-10,6.6505
2016-08-11,6.6525
2016-08-12,6.652
2016-08-13,6.652
2016-08-14,6.652
2016-08-15,6.652
2016-08-16,6.6424
2016-08-17,6.6484
2016-08-18,6.6464
2016-08-19,6.6685
2016-08-20,6.6685
2016-08-21,6.6685
2016-08-22,6.6665
2016-08-23,6.6555
2016-08-24,6.6725
2016-08-25,6.6735
2016-08-26,6.6855
2016-08-27,
2016-08-28,
2016-08-29,6.6965
2016-08-30,6.6955
2016-08-31,6.6935
2016-09-01,6.6915
2016-09-02,6.6935
2016-09-03,6.6935
2016-09-04,6.6935
2016-09-05,6.6915
2016-09-06,6.6875
2016-09-07,6.6765
2016-09-08,6.6775
2016-09-09,6.697
2016-09-10,6.697
2016-09-11,6.697
2016-09-12,6.6945
2016-09-13,6.694
2016-09-14,6.6885
2016-09-15,6.6885
2016-09-16,6.6885
2016-09-17,6.6885
2016-09-18,6.6885
2016-09-19,6.6845
2016-09-20,6.6865
2016-09-21,6.6845
2016-09-22,6.6815
2016-09-23,6.6835
2016-09-24,6.6835
2016-09-25,6.6835
2016-09-26,6.6825
2016-09-27,6.683
2016-09-28,6.688
2016-09-29,6.6825
2016-09-30,6.6862
2016-10-01,6.6862
2016-10-02,6.6862
2016-10-03,6.6862
2016-10-04,6.6943
2016-10-05,6.6963
2016-10-06,6.6993
2016-10-07,6.6993
2016-10-08,6.6872
2016-10-09,6.6872
2016-10-10,6.7193
2016-10-11,6.7343
2016-10-12,6.7328
2016-10-13,6.7414
2016-10-14,6.7414
2016-10-15,6.7414
2016-10-16,6.7414
2016-10-17,6.7524
2016-10-18,6.7554
2016-10-19,6.7529
2016-10-20,6.7574
2016-10-21,6.7804
2016-10-22,6.7804
2016-10-23,6.7804
2016-10-24,6.7905
2016-10-25,6.7925
2016-10-26,6.7835
2016-10-27,6.7965
2016-10-28,6.7955
2016-10-29,6.7955
2016-10-30,6.7955
2016-10-31,6.7915
2016-11-01,6.7835
2016-11-02,6.7724
2016-11-03,6.7784
2016-11-04,6.7694
2016-11-05,6.7694
2016-11-06,6.7694
2016-11-07,6.7905
2016-11-08,6.799
2016-11-09,6.7995
2016-11-10,6.8195
2016-11-11,6.8296
2016-11-12,6.8296
2016-11-13,6.8296
2016-11-14,6.8696
2016-11-15,6.8726
2016-11-16,6.8927
2016-11-17,6.8927
2016-11-18,6.9027
2016-11-19,6.9027
2016-11-20,6.9027
2016-11-21,6.9077
2016-11-22,6.9037
2016-11-23,6.9338
2016-11-24,6.9338
2016-11-25,6.9342
2016-11-26,6.9342
2016-11-27,6.9342
2016-11-28,6.9311
2016-11-29,6.9141
2016-11-30,6.9041
2016-12-01,6.9031
2016-12-02,6.9051
2016-12-03,6.9051
2016-12-04,6.9051
2016-12-05,6.8991
2016-12-06,6.8961
2016-12-07,6.8911
2016-12-08,6.9041
2016-12-09,6.9221
2016-12-10,6.9241
2016-12-11,6.9241
2016-12-12,6.9251
2016-12-13,6.9201
2016-12-14,6.9261
2016-12-15,6.9662
2016-12-16,6.9793
2016-12-17,6.9793
2016-12-18,6.9793
2016-12-19,6.9763
2016-12-20,6.9712
2016-12-21,6.9622
2016-12-22,6.9642
2016-12-23,6.9672
2016-12-24,6.9672
2016-12-25,6.9672
2016-12-26,6.9692
2016-12-27,6.9722
2016-12-28,6.9843
2016-12-29,6.9752
2016-12-30,6.9672
2016-12-31,6.9672
2017-01-01,6.9672
2017-01-02,6.9742
2017-01-03,6.9843
2017-01-04,6.9617
2017-01-05,6.8991
2017-01-06,6.9542
2017-01-07,6.9542
2017-01-08,6.9542
2017-01-09,6.9582
2017-01-10,6.9432
2017-01-11,6.9582
2017-01-12,6.9091
2017-01-13,6.9216
2017-01-14,6.9216
2017-01-15,6.9216
2017-01-16,6.9221
2017-01-17,6.866
2017-01-18,6.866
2017-01-19,6.888
2017-01-20,6.8961
2017-01-21,6.8961
2017-01-22,6.876
2017-01-23,6.87
2017-01-24,6.8745
2017-01-25,6.9001
2017-01-26,6.9001
2017-01-27,6.9061
2017-01-28,6.9061
2017-01-29,6.9061
2017-01-30,6.9061
2017-01-31,6.9061
2017-02-01,6.9061
2017-02-02,6.8961
2017-02-03,6.885
2017-02-04,6.882
2017-02-05,6.882
2017-02-06,6.879
2017-02-07,6.9001
2017-02-08,6.886
2017-02-09,6.886
2017-02-10,6.8956
2017-02-11,6.8956
2017-02-12,6.8956
2017-02-13,6.8951
2017-02-14,6.884
2017-02-15,6.8875
2017-02-16,6.869
2017-02-17,6.883
2017-02-18,6.884
2017-02-19,6.884
2017-02-20,6.8946
2017-02-21,6.9001
2017-02-22,6.8941
2017-02-23,6.884
2017-02-24,6.888
2017-02-25,6.888
2017-02-26,6.888
2017-02-27,6.887
2017-02-28,6.884
2017-03-01,6.8981
2017-03-02,6.9046
2017-03-03,6.9141
2017-03-04,6.9141
2017-03-05,6.9141
2017-03-06,6.9136
2017-03-07,6.9186
2017-03-08,6.9291
2017-03-09,6.9261
2017-03-10,6.9251
2017-03-11,6.9251
2017-03-12,6.9251
2017-03-13,6.9281
2017-03-14,6.9311
2017-03-15,6.9301
2017-03-16,6.9141
2017-03-17,6.9211
2017-03-18,6.9211
2017-03-19,6.9211
2017-03-20,6.9246
2017-03-21,6.9026
2017-03-22,6.8981
2017-03-23,6.9021
2017-03-24,6.9001
2017-03-25,6.9001
2017-03-26,6.9001
2017-03-27,6.889
2017-03-28,6.8981
2017-03-29,6.9061
2017-03-30,6.9051
2017-03-31,6.9026
2017-04-01,6.9026
2017-04-02,6.9026
2017-04-03,6.9061
2017-04-04,6.9141
2017-04-05,6.9121
2017-04-06,6.9136
2017-04-07,6.9176
2017-04-08,6.9176
2017-04-09,6.9176
2017-04-10,6.9191
2017-04-11,6.9091
2017-04-12,6.9081
2017-04-13,6.9041
2017-04-14,6.9011
2017-04-15,6.9011
2017-04-16,6.9011
2017-04-17,6.8966
2017-04-18,6.8981
2017-04-19,6.9036
2017-04-20,6.8991
2017-04-21,6.9027
2017-04-22,6.9027
2017-04-23,6.9027
2017-04-24,6.9011
2017-04-25,6.9006
2017-04-26,6.9086
2017-04-27,6.9131
2017-04-28,6.9096
2017-04-29,6.9096
2017-04-30,6.9096
2017-05-01,6.9111
2017-05-02,6.9121
2017-05-03,6.9146
2017-05-04,6.9121
2017-05-05,6.9196
2017-05-06,6.9196
2017-05-07,6.9196
2017-05-08,6.9206
2017-05-09,6.9236
2017-05-10,6.9191
2017-05-11,6.9196
2017-05-12,6.9166
2017-05-13,6.9166
2017-05-14,6.9166
2017-05-15,6.9096
2017-05-16,6.9036
2017-05-17,6.9001
2017-05-18,6.9051
2017-05-19,6.9026
2017-05-20,6.9031
2017-05-21,6.9031
2017-05-22,6.9061
2017-05-23,6.9058
2017-05-24,6.9056
2017-05-25,6.886
2017-05-26,6.873
2017-05-27,6.868
2017-05-28,6.868
2017-05-29,6.8715
2017-05-30,6.8715
2017-05-31,6.8329
2017-06-01,6.8229
2017-06-02,6.8299
2017-06-03,6.8299
2017-06-04,6.8299
2017-06-05,6.8204
2017-06-06,6.8114
2017-06-07,6.8119
2017-06-08,6.8149
2017-06-09,6.8139
2017-06-10,6.8139
2017-06-11,6.8139
2017-06-12,6.8144
2017-06-13,6.8149
2017-06-14,6.8069
2017-06-15,6.8209
2017-06-16,6.8269
2017-06-17,6.8269
2017-06-18,6.8269
2017-06-19,6.8349
2017-06-20,6.8449
2017-06-21,6.8439
2017-06-22,6.851
2017-06-23,6.854
2017-06-24,6.854
2017-06-25,6.854
2017-06-26,6.857
2017-06-27,6.8289
2017-06-28,6.8154
2017-06-29,6.8008
2017-06-30,6.7968
2017-07-01,6.7978
2017-07-02,6.7978
2017-07-03,6.8159
2017-07-04,6.8169
2017-07-05,6.8179
2017-07-06,6.8169
2017-07-07,6.8209
2017-07-08,6.8209
2017-07-09,6.8209
2017-07-10,6.8194
2017-07-11,6.8179
2017-07-12,6.8038
2017-07-13,6.7988
2017-07-14,6.7908
2017-07-15,6.7898
2017-07-16,6.7898
2017-07-17,6.7858
2017-07-18,6.7628
2017-07-19,6.7678
2017-07-20,6.7768
2017-07-21,6.7828
2017-07-22,6.7828
2017-07-23,6.7828
2017-07-24,6.7788
2017-07-25,6.7701
2017-07-26,6.7718
2017-07-27,6.7552
2017-07-28,6.7625
2017-07-29,6.7527
2017-07-30,6.7527
2017-07-31,6.7487
2017-08-01,6.7322
2017-08-02,6.7422
2017-08-03,6.7442
2017-08-04,6.7352
2017-08-05,6.7457
2017-08-06,6.7457
2017-08-07,6.7397
2017-08-08,6.7277
2017-08-09,6.7126
2017-08-10,6.6781
2017-08-11,6.6866
2017-08-12,6.6796
2017-08-13,6.6796
2017-08-14,6.6725
2017-08-15,6.6876
2017-08-16,6.7001
2017-08-17,6.6831
2017-08-18,6.6886
2017-08-19,6.6876
2017-08-20,6.6876
2017-08-21,6.6841
2017-08-22,6.6725
2017-08-23,6.6735
2017-08-24,6.6715
2017-08-25,6.6806
2017-08-26,6.6665
2017-08-27,6.6665
2017-08-28,6.6577
2017-08-29,6.6325
2017-08-30,6.5984
2017-08-31,6.6139
2017-09-01,6.5989
2017-09-02,6.5753
2017-09-03,6.5753
2017-09-04,6.5698
2017-09-05,6.5312
2017-09-06,6.5417
2017-09-07,6.5392
2017-09-08,6.4936
2017-09-09,6.5102
2017-09-10,6.5102
2017-09-11,6.5212
2017-09-12,6.5573
2017-09-13,6.5382
2017-09-14,6.5658
2017-09-15,6.5638
2017-09-16,6.5674
2017-09-17,6.5674
2017-09-18,6.5624
2017-09-19,6.6095
2017-09-20,6.5875
2017-09-21,6.6075
2017-09-22,6.5965
2017-09-23,6.6055
2017-09-24,6.6055
2017-09-25,6.617
2017-09-26,6.628
2017-09-27,6.6541
2017-09-28,6.6606
2017-09-29,6.6962
2017-09-30,6.6606
2017-10-01,6.6656
2017-10-02,6.6656
2017-10-03,6.6656
2017-10-04,6.6676
2017-10-05,6.6666
2017-10-06,6.6666
2017-10-07,6.6696
2017-10-08,6.6696
2017-10-09,6.6596
2017-10-10,6.6115
2017-10-11,6.591
2017-10-12,6.6035
2017-10-13,6.5905
2017-10-14,6.5945
2017-10-15,6.5945
2017-10-16,6.601
2017-10-17,6.6185
2017-10-18,6.6223
2017-10-19,6.6451
2017-10-20,6.6265
2017-10-21,6.6376
2017-10-22,6.6376
2017-10-23,6.6521
2017-10-24,6.6486
2017-10-25,6.6556
2017-10-26,6.6466
2017-10-27,6.6701
2017-10-28,6.6666
2017-10-29,6.6666
2017-10-30,6.6596
2017-10-31,6.6531
2017-11-01,6.6476
2017-11-02,6.602
2017-11-03,6.6275
2017-11-04,6.6536
2017-11-05,6.6536
2017-11-06,6.6471
2017-11-07,6.6401
2017-11-08,6.6521
2017-11-09,6.6421
2017-11-10,6.6516
2017-11-11,6.6556
2017-11-12,6.6556
2017-11-13,6.6616
2017-11-14,6.6521
2017-11-15,6.6476
2017-11-16,6.6468
2017-11-17,6.6426
2017-11-18,6.6416
2017-11-19,6.6416
2017-11-20,6.6441
2017-11-21,6.6526
2017-11-22,6.6446
2017-11-23,6.611
2017-11-24,6.5925
2017-11-25,6.6165
2017-11-26,6.6165
2017-11-27,6.615
2017-11-28,6.622
2017-11-29,6.621
2017-11-30,6.62
2017-12-01,6.6245
2017-12-02,6.6245
2017-12-03,6.6245
2017-12-04,6.626
2017-12-05,6.6291
2017-12-06,6.6311
2017-12-07,6.6331
2017-12-08,6.6326
2017-12-09,6.6341
2017-12-10,6.6341
2017-12-11,6.6306
2017-12-12,6.6336
2017-12-13,6.6354
2017-12-14,6.622
2017-12-15,6.625
2017-12-16,6.6235
2017-12-17,6.6235
2017-12-18,6.6265
2017-12-19,6.628
2017-12-20,6.6113
2017-12-21,6.5729
2017-12-22,6.593
2017-12-23,6.5915
2017-12-24,6.5915
2017-12-25,6.5559
2017-12-26,6.5564
2017-12-27,6.5649
2017-12-28,6.5704
2017-12-29,6.5368
2017-12-30,6.5218
2017-12-31,6.5263
2018-01-01,6.5263
2018-01-02,6.5123
2018-01-03,6.5153
2018-01-04,6.5228
2018-01-05,6.5007
2018-01-06,6.5032
2018-01-07,6.5032
2018-01-08,6.4982
2018-01-09,6.5168
2018-01-10,6.5448
2018-01-11,6.5293
2018-01-12,6.5027
2018-01-13,6.4752
2018-01-14,6.4752
2018-01-15,6.4531
2018-01-16,6.4536
2018-01-17,6.4351
2018-01-18,6.4501
2018-01-19,6.4155
2018-01-20,6.4185
2018-01-21,6.4185
2018-01-22,6.4216
2018-01-23,6.412
2018-01-24,6.4095
2018-01-25,6.3569
2018-01-26,6.3384
2018-01-27,6.3399
2018-01-28,6.3399
2018-01-29,6.3414
2018-01-30,6.3467
2018-01-31,6.3419
2018-02-01,6.3083
2018-02-02,6.2948
2018-02-03,6.3078
2018-02-04,6.3148
2018-02-05,6.3173
2018-02-06,6.3136
2018-02-07,6.2687
2018-02-08,6.2963
2018-02-09,6.3303
2018-02-10,6.3138
2018-02-11,6.3098
2018-02-12,6.3098
2018-02-13,6.3379
2018-02-14,6.3639
2018-02-15,6.3589
2018-02-16,6.3599
2018-02-17,6.3584
2018-02-18,6.3584
2018-02-19,6.3584
2018-02-20,6.3584
2018-02-21,6.3584
2018-02-22,6.3584
2018-02-23,6.3534
2018-02-24,6.3449
2018-02-25,6.3489
2018-02-26,6.3379
2018-02-27,6.3128
2018-02-28,6.3429
2018-03-01,6.3499
2018-03-02,6.3579
2018-03-03,6.3549
2018-03-04,6.3549
2018-03-05,6.3439
2018-03-06,6.3509
2018-03-07,6.3459
2018-03-08,6.3469
2018-03-09,6.3629
2018-03-10,6.3489
2018-03-11,6.3489
2018-03-12,6.3414
2018-03-13,6.3359
2018-03-14,6.3318
2018-03-15,6.3238
2018-03-16,6.3447
2018-03-17,6.3449
2018-03-18,6.3449
2018-03-19,6.3504
2018-03-20,6.3404
2018-03-21,6.3459
2018-03-22,6.3296
2018-03-23,6.3459
2018-03-24,6.3308
2018-03-25,6.3308
2018-03-26,6.3278
2018-03-27,6.2819
2018-03-28,6.2918
2018-03-29,6.3178
2018-03-30,6.2938
2018-03-31,6.2887
2018-04-01,6.2887
2018-04-02,6.2867
2018-04-03,6.2968
2018-04-04,6.3008
2018-04-05,6.3163
2018-04-06,6.3173
2018-04-07,6.3218
2018-04-08,6.3208
2018-04-09,6.3193
2018-04-10,6.3178
2018-04-11,6.2968
2018-04-12,6.2892
2018-04-13,6.3056
2018-04-14,6.2948
2018-04-15,6.2948
2018-04-16,6.2983
2018-04-17,6.2923
2018-04-18,6.3018
2018-04-19,6.2918
2018-04-20,6.2986
2018-04-21,6.3098
2018-04-22,6.3098
2018-04-23,6.3058
2018-04-24,6.3271
2018-04-25,6.3151
2018-04-26,6.3359
2018-04-27,6.3459
2018-04-28,6.3429
2018-04-29,6.3449
2018-04-30,6.3429
2018-05-01,6.3489
2018-05-02,6.3694
2018-05-03,6.3805
2018-05-04,6.3564
2018-05-05,6.3749
2018-05-06,6.3749
2018-05-07,6.3687
2018-05-08,6.3805
2018-05-09,6.3855
2018-05-10,6.38
2018-05-11,6.3579
2018-05-12,6.3489
2018-05-13,6.3489
2018-05-14,6.3504
2018-05-15,6.3594
2018-05-16,6.3875
2018-05-17,6.3744
2018-05-18,6.384
2018-05-19,6.391
2018-05-20,6.391
2018-05-21,6.3905
2018-05-22,6.3916
2018-05-23,6.389
2018-05-24,6.4038
2018-05-25,6.4005
2018-05-26,6.409
2018-05-27,6.409
2018-05-28,6.4043
2018-05-29,6.4211
2018-05-30,6.4421
2018-05-31,6.4286
2018-06-01,6.4246
2018-06-02,6.4351
2018-06-03,6.4351
2018-06-04,6.4364
2018-06-05,6.4231
2018-06-06,6.41
2018-06-07,6.4055
2018-06-08,6.4145
2018-06-09,6.4211
2018-06-10,6.4211
2018-06-11,6.4231
2018-06-12,6.4216
2018-06-13,6.4216
2018-06-14,6.4097
2018-06-15,6.4304
2018-06-16,6.4521
2018-06-17,6.4521
2018-06-18,6.4569
2018-06-19,6.4622
2018-06-20,6.4869
2018-06-21,6.4962
2018-06-22,6.5188
2018-06-23,6.5213
2018-06-24,6.5213
2018-06-25,6.5339
2018-06-26,6.5584
2018-06-27,6.6205
2018-06-28,6.6325
2018-06-29,6.6556
2018-06-30,6.6356
2018-07-01,6.6356
2018-07-02,6.6471
2018-07-03,6.7213
2018-07-04,6.6396
2018-07-05,6.6521
2018-07-06,6.6746
2018-07-07,6.6576
2018-07-08,6.6576
2018-07-09,6.6396
2018-07-10,6.623
2018-07-11,6.6862
2018-07-12,6.7127
2018-07-13,6.6777
2018-07-14,6.7077
2018-07-15,
2018-07-16,6.7147
2018-07-17,6.6982
2018-07-18,6.7183
2018-07-19,6.7473
2018-07-20,6.822
2018-07-21,6.7839
2018-07-22,6.7839
2018-07-23,6.7684
2018-07-24,6.828
2018-07-25,6.815
2018-07-26,6.7679
2018-07-27,6.8345
2018-07-28,6.828
2018-07-29,6.828
2018-07-30,6.8481
2018-07-31,6.839
2018-08-01,6.815
2018-08-02,6.8259
2018-08-03,6.8871
2018-08-04,6.841
2018-08-05,6.841
2018-08-06,6.83
2018-08-07,6.8781
2018-08-08,6.8325
2018-08-09,6.844
2018-08-10,6.8506
2018-08-11,6.8636
2018-08-12,6.8636
2018-08-13,6.8942
2018-08-14,6.9072
2018-08-15,6.9077
2018-08-16,6.9318
2018-08-17,6.905
2018-08-18,6.8922
2018-08-19,6.8922
2018-08-20,6.8736
2018-08-21,6.8571
2018-08-22,6.8596
2018-08-23,6.8791
2018-08-24,6.9062
2018-08-25,6.826
2018-08-26,6.8305
2018-08-27,6.8385
2018-08-28,6.8257
2018-08-29,6.833
2018-08-30,6.8391
2018-08-31,6.8481
2018-09-01,6.8471
2018-09-02,6.8471
2018-09-03,6.8546
2018-09-04,6.8305
2018-09-05,6.8496
2018-09-06,6.8496
2018-09-07,6.8501
2018-09-08,6.8596
2018-09-09,6.8596
2018-09-10,6.8786
2018-09-11,6.8866
2018-09-12,6.8957
2018-09-13,6.8621
2018-09-14,6.8631
2018-09-15,6.8811
2018-09-16,6.8811
2018-09-17,6.8892
2018-09-18,6.8912
2018-09-19,6.8801
2018-09-20,6.8646
2018-09-21,6.8591
2018-09-22,6.8716
2018-09-23,6.8716
2018-09-24,6.8741
2018-09-25,6.8766
2018-09-26,6.8876
2018-09-27,6.8927
2018-09-28,6.8992
2018-09-29,6.8841
2018-09-30,6.8811
2018-10-01,6.8881
2018-10-02,6.8887
2018-10-03,6.8866
2018-10-04,6.8902
2018-10-05,6.8897
2018-10-06,6.8897
2018-10-07,6.8897
2018-10-08,6.9102
2018-10-09,6.9418
2018-10-10,6.9358
2018-10-11,6.9436
2018-10-12,6.9172
2018-10-13,6.9403
2018-10-14,6.9403
2018-10-15,6.9328
2018-10-16,6.9368
2018-10-17,6.9363
2018-10-18,6.9538
2018-10-19,6.9558
2018-10-20,6.9458
2018-10-21,6.9458
2018-10-22,6.9493
2018-10-23,6.9568
2018-10-24,6.9533
2018-10-25,6.9583
2018-10-26,6.9744
2018-10-27,6.9608
2018-10-28,6.9608
2018-10-29,6.9613
2018-10-30,6.9854
2018-10-31,6.9834
2018-11-01,6.9829
2018-11-02,6.9473
2018-11-03,6.9067
2018-11-04,6.9067
2018-11-05,6.9282
2018-11-06,6.9443
2018-11-07,6.9483
2018-11-08,6.9468
2018-11-09,6.9638
2018-11-10,6.9723
2018-11-11,6.9723
2018-11-12,6.9688
2018-11-13,6.9864
2018-11-14,6.9683
2018-11-15,6.9603
2018-11-16,6.9528
2018-11-17,6.9513
2018-11-18,
2018-11-19,6.9568
2018-11-20,6.9568
2018-11-21,6.9628
2018-11-22,6.9468
2018-11-23,6.9532
2018-11-24,6.9653
2018-11-25,6.9653
2018-11-26,6.9605
2018-11-27,6.9633
2018-11-28,6.9713
2018-11-29,6.9598
2018-11-30,6.9603
2018-12-01,6.9733
2018-12-02,6.9733
2018-12-03,6.9488
2018-12-04,6.8706
2018-12-05,6.8721
2018-12-06,6.8871
2018-12-07,6.9037
2018-12-08,6.891
2018-12-09,6.891
2018-12-10,6.9002
2018-12-11,6.9222
2018-12-12,6.8937
2018-12-13,6.8947
2018-12-14,6.9097
2018-12-15,6.9212
2018-12-16,6.9212
2018-12-17,6.9157
2018-12-18,6.9052
2018-12-19,6.9108
2018-12-20,6.9295
2018-12-21,6.9052
2018-12-22,6.9232
2018-12-23,6.9232
2018-12-24,6.9272
2018-12-25,6.9062
2018-12-26,6.9012
2018-12-27,6.9082
2018-12-28,6.8724
2018-12-29,6.8841
2018-12-30,6.8897
2018-12-31,6.8897
2019-01-01,6.8898
2019-01-02,6.8826
2019-01-03,6.8864
2019-01-04,6.8816
2019-01-05,6.8861
2019-01-06,6.8861
2019-01-07,6.8631
2019-01-08,6.8692
2019-01-09,6.8548
2019-01-10,6.828
2019-01-11,6.7871
2019-01-12,6.7759
2019-01-13,6.7759
2019-01-14,6.7558
2019-01-15,6.7624
2019-01-16,6.7942
2019-01-17,6.7719
2019-01-18,6.7934
2019-01-19,6.7954
2019-01-20,6.7954
2019-01-21,6.804
2019-01-22,6.8145
2019-01-23,6.8155
2019-01-24,6.7999
2019-01-25,6.804
2019-01-26,6.7644
2019-01-27,6.7644
2019-01-28,6.7498
2019-01-29,6.7649
2019-01-30,6.7338
2019-01-31,6.7177
2019-02-01,6.7418
2019-02-02,6.7563
2019-02-03,6.7609
2019-02-04,6.7649
2019-02-05,6.7709
2019-02-06,6.7694
2019-02-07,6.7779
2019-02-08,6.7909
2019-02-09,6.7909
2019-02-10,6.7909
2019-02-11,6.7844
2019-02-12,6.8055
2019-02-13,6.7744
2019-02-14,6.7819
2019-02-15,6.7919
2019-02-16,6.7894
2019-02-17,6.7894
2019-02-18,6.7731
2019-02-19,6.7889
2019-02-20,6.7433
2019-02-21,6.7388
2019-02-22,6.7443
2019-02-23,6.7308
2019-02-24,6.7308
2019-02-25,6.7057
2019-02-26,6.7112
2019-02-27,6.7037
2019-02-28,6.7002
2019-03-01,6.7127
2019-03-02,6.7238
2019-03-03,6.7238
2019-03-04,6.7183
2019-03-05,6.7213
2019-03-06,6.7183
2019-03-07,6.7258
2019-03-08,6.7403
2019-03-09,6.7358
2019-03-10,6.7358
2019-03-11,6.7383
2019-03-12,6.7298
2019-03-13,6.7228
2019-03-14,6.7218
2019-03-15,6.7398
2019-03-16,6.7298
2019-03-17,6.7298
2019-03-18,6.7318
2019-03-19,6.7308
2019-03-20,6.7313
2019-03-21,6.6937
2019-03-22,6.7132
2019-03-23,6.7338
2019-03-24,6.7338
2019-03-25,6.7333
2019-03-26,6.7208
2019-03-27,6.7298
2019-03-28,6.7548
2019-03-29,6.7503
2019-03-30,6.7278
2019-03-31,6.7278
2019-04-01,6.7248
2019-04-02,6.7333
2019-04-03,6.7268
2019-04-04,6.7353
2019-04-05,6.7318
2019-04-06,6.7323
2019-04-07,6.7323
2019-04-08,6.7331
2019-04-09,6.7335
2019-04-10,6.7321
2019-04-11,6.7283
2019-04-12,6.7375
2019-04-13,6.7208
2019-04-14,6.7208
2019-04-15,6.7231
2019-04-16,6.7273
2019-04-17,6.7213
2019-04-18,6.7079
2019-04-19,6.7196
2019-04-20,6.7203
2019-04-21,6.7203
2019-04-22,6.7198
2019-04-23,6.7271
2019-04-24,6.7378
2019-04-25,6.7463
2019-04-26,6.7498
2019-04-27,6.7458
2019-04-28,6.7448
2019-04-29,6.751
2019-04-30,6.7514
2019-05-01,6.7528
2019-05-02,6.7538
2019-05-03,6.7568
2019-05-04,6.7568
2019-05-05,6.7528
2019-05-06,6.8019
2019-05-07,6.7857
2019-05-08,6.7864
2019-05-09,6.81
2019-05-10,6.8132
2019-05-11,6.836
2019-05-12,6.836
2019-05-13,6.8661
2019-05-14,6.8892
2019-05-15,6.8881
2019-05-16,6.8937
2019-05-17,6.9092
2019-05-18,6.9333
2019-05-19,6.9333
2019-05-20,6.9209
2019-05-21,6.9187
2019-05-22,6.9227
2019-05-23,6.9297
2019-05-24,6.9282
2019-05-25,6.9162
2019-05-26,6.9162
2019-05-27,6.9047
2019-05-28,6.9197
2019-05-29,6.9313
2019-05-30,6.931
2019-05-31,6.9247
2019-06-01,6.9212
2019-06-02,6.9212
2019-06-03,6.9152
2019-06-04,6.9237
2019-06-05,6.9287
2019-06-06,6.9313
2019-06-07,6.9282
2019-06-08,6.9313
2019-06-09,6.9313
2019-06-10,6.9511
2019-06-11,6.9343
2019-06-12,6.93
2019-06-13,6.9351
2019-06-14,6.9403
2019-06-15,6.9413
2019-06-16,6.9413
2019-06-17,6.9398
2019-06-18,6.9416
2019-06-19,6.9224
2019-06-20,6.9097
2019-06-21,6.8531
2019-06-22,6.8851
2019-06-23,6.8851
2019-06-24,6.8927
2019-06-25,6.8887
2019-06-26,6.9092
2019-06-27,6.8972
2019-06-28,6.8934
2019-06-29,6.8821
2019-06-30,6.8821
2019-07-01,6.8601
2019-07-02,6.8731
2019-07-03,6.9067
2019-07-04,6.8881
2019-07-05,6.8947
2019-07-06,6.9092
2019-07-07,6.9092
2019-07-08,6.9067
2019-07-09,6.8992
2019-07-10,6.902
2019-07-11,6.8892
2019-07-12,6.8876
2019-07-13,6.8962
2019-07-14,6.8962
2019-07-15,6.8937
2019-07-16,6.8892
2019-07-17,6.8985
2019-07-18,6.8922
2019-07-19,6.8888
2019-07-20,6.8977
2019-07-21,6.8977
2019-07-22,6.8939
2019-07-23,6.899
2019-07-24,6.8985
2019-07-25,6.8895
2019-07-26,6.8918
2019-07-27,6.8952
2019-07-28,6.8952
2019-07-29,6.8974
2019-07-30,6.9045
2019-07-31,6.9032
2019-08-01,6.9168
2019-08-02,6.9523
2019-08-03,6.9553
2019-08-04,6.9553
2019-08-05,7.0345
2019-08-06,7.0686
2019-08-07,7.0505
2019-08-08,7.0596
2019-08-09,7.0674
2019-08-10,7.0766
2019-08-11,7.0766
2019-08-12,7.0776
2019-08-13,7.0736
2019-08-14,7.0421
2019-08-15,7.0489
2019-08-16,7.0575
2019-08-17,7.0585
2019-08-18,7.0585
2019-08-19,7.0585
2019-08-20,7.0786
2019-08-21,7.0736
2019-08-22,7.0836
2019-08-23,7.1067
2019-08-24,7.1107
2019-08-25,7.1107
2019-08-26,7.1608
2019-08-27,7.1693
2019-08-28,7.1758
2019-08-29,7.1868
2019-08-30,7.1643
2019-08-31,7.1748
2019-09-01,7.1748
2019-09-02,7.1778
2019-09-03,7.1984
2019-09-04,7.1818
2019-09-05,7.1463
2019-09-06,7.1708
2019-09-07,7.1317
2019-09-08,7.1317
2019-09-09,7.1454
2019-09-10,7.1347
2019-09-11,7.1327
2019-09-12,7.1157
2019-09-13,7.0986
2019-09-14,7.0976
2019-09-15,7.0976
2019-09-16,7.0872
2019-09-17,7.0931
2019-09-18,7.1032
2019-09-19,7.1132
2019-09-20,7.1097
2019-09-21,7.1082
2019-09-22,7.1082
2019-09-23,7.1312
2019-09-24,7.1327
2019-09-25,7.1287
2019-09-26,7.1427
2019-09-27,7.1468
2019-09-28,7.1367
2019-09-29,7.1347
2019-09-30,7.1448
2019-10-01,7.1648
2019-10-02,7.1668
2019-10-03,7.1668
2019-10-04,7.1668
2019-10-05,7.1598
2019-10-06,7.1598
2019-10-07,7.1598
2019-10-08,7.1437
2019-10-09,7.1643
2019-10-10,7.1297
2019-10-11,7.1157
2019-10-12,7.1027
2019-10-13,7.0916
2019-10-14,7.0926
2019-10-15,7.0861
2019-10-16,7.1122
2019-10-17,7.1157
2019-10-18,7.0899
2019-10-19,7.0976
2019-10-20,7.0976
2019-10-21,7.0871
2019-10-22,7.0931
2019-10-23,7.1011
2019-10-24,7.0746
2019-10-25,7.0911
2019-10-26,7.0816
2019-10-27,7.0816
2019-10-28,7.0726
2019-10-29,7.0746
2019-10-30,7.0816
2019-10-31,7.0611
2019-11-01,7.0606
2019-11-02,7.0535
2019-11-03,7.0535
2019-11-04,7.048
2019-11-05,7.044
2019-11-06,7.0144
2019-11-07,7.028
2019-11-08,6.9984
2019-11-09,7.0114
2019-11-10,7.0114
2019-11-11,7.0149
2019-11-12,7.0215
2019-11-13,7.039
2019-11-14,7.0395
2019-11-15,7.0205
2019-11-16,7.0237
2019-11-17,7.0237
2019-11-18,7.031
2019-11-19,7.0425
2019-11-20,7.0485
2019-11-21,7.0596
2019-11-22,7.042
2019-11-23,7.0565
2019-11-24,7.0565
2019-11-25,7.054
2019-11-26,7.0455
2019-11-27,7.043
2019-11-28,7.0435
2019-11-29,7.0463
2019-11-30,7.047
2019-12-01,7.047
2019-12-02,7.0585
2019-12-03,7.058
2019-12-04,7.0816
2019-12-05,7.0716
2019-12-06,7.0585
2019-12-07,7.0515
2019-12-08,7.0515
2019-12-09,7.047
2019-12-10,7.056
2019-12-11,7.0545
2019-12-12,7.049
2019-12-13,6.9839
2019-12-14,6.9924
2019-12-15,7.0014
2019-12-16,7.0119
2019-12-17,7.0154
2019-12-18,7.0205
2019-12-19,7.0139
2019-12-20,7.0245
2019-12-21,7.023
2019-12-22,7.023
2019-12-23,7.028
2019-12-24,7.0295
2019-12-25,7.018
2019-12-26,7.0089
2019-12-27,7.0154
2019-12-28,7.0119
2019-12-29,7.0119
2019-12-30,7.0079
2019-12-31,6.9992
2020-01-01,6.9804
2020-01-02,6.9874
2020-01-03,6.9819
2020-01-04,6.9824
2020-01-05,6.9824
2020-01-06,6.9894
2020-01-07,6.9834
2020-01-08,6.9653
2020-01-09,6.9445
2020-01-10,6.9518
2020-01-11,6.9358
2020-01-12,6.9358
2020-01-13,6.9297
2020-01-14,6.8917
2020-01-15,6.9117
2020-01-16,6.8977
2020-01-17,6.8892
2020-01-18,6.8761
2020-01-19,6.8731
2020-01-20,6.8771
2020-01-21,6.9032
2020-01-22,6.9328
2020-01-23,6.9328
2020-01-24,6.9593
2020-01-25,6.9563
2020-01-26,6.9563
2020-01-27,6.9703
2020-01-28,6.9964
2020-01-29,6.9884
2020-01-30,6.9984
2020-01-31,7.0034
2020-02-01,6.9964
2020-02-02,6.9964
2020-02-03,7.0152
2020-02-04,7.019
2020-02-05,7.0159
2020-02-06,6.9949
2020-02-07,6.9999
2020-02-08,7.0175
2020-02-09,7.0175
2020-02-10,7.0139
2020-02-11,6.9934
2020-02-12,6.9839
2020-02-13,6.9936
2020-02-14,6.9979
2020-02-15,7.0042
2020-02-16,7.0042
2020-02-17,6.9954
2020-02-18,7.0049
2020-02-19,7.023
2020-02-20,7.0225
2020-02-21,7.045
2020-02-22,7.0442
2020-02-23,7.0442
2020-02-24,7.0505
2020-02-25,7.0305
2020-02-26,7.0405
2020-02-27,7.0365
2020-02-28,7.0225
2020-02-29,7.0074
2020-03-01,7.0074
2020-03-02,6.9879
2020-03-03,6.9889
2020-03-04,6.9631
2020-03-05,6.9528
2020-03-06,6.9681
2020-03-07,6.9503
2020-03-08,6.9503
2020-03-09,6.9403
2020-03-10,6.9613
2020-03-11,6.9814
2020-03-12,6.9899
2020-03-13,7.04
2020-03-14,7.0245
2020-03-15,7.0245
2020-03-16,7.0149
2020-03-17,7.0082
2020-03-18,7.0295
2020-03-19,7.0906
2020-03-20,7.1057
2020-03-21,7.1127
2020-03-22,7.1127
2020-03-23,7.1016
2020-03-24,7.0986
2020-03-25,7.0711
2020-03-26,7.1127
2020-03-27,7.0936
2020-03-28,7.1117
2020-03-29,7.1117
2020-03-30,7.1085
2020-03-31,7.1067
2020-04-01,7.1022
2020-04-02,7.1357
2020-04-03,7.1097
2020-04-04,7.1107
2020-04-05,7.1107
2020-04-06,7.1107
2020-04-07,7.0956
2020-04-08,7.0891
2020-04-09,7.0831
2020-04-10,7.0596
2020-04-11,7.0515
2020-04-12,7.0515
2020-04-13,7.0636
2020-04-14,7.059
2020-04-15,7.0676
2020-04-16,7.0936
2020-04-17,7.0881
2020-04-18,7.0906
2020-04-19,7.0906
2020-04-20,7.0916
2020-04-21,7.1047
2020-04-22,7.1047
2020-04-23,7.0986
2020-04-24,7.0956
2020-04-25,7.0966
2020-04-26,7.0966
2020-04-27,7.0896
2020-04-28,7.1042
2020-04-29,7.0951
2020-04-30,7.0766
2020-05-01,7.0921
2020-05-02,7.1147
2020-05-03,7.1147
2020-05-04,7.1167
2020-05-05,7.1197
2020-05-06,7.1047
2020-05-07,7.1192
2020-05-08,7.0921
2020-05-09,7.0906
2020-05-10,7.0886
2020-05-11,7.0931
2020-05-12,7.1107
2020-05-13,7.1062
2020-05-14,7.1137
2020-05-15,7.1132
2020-05-16,7.1182
2020-05-17,7.1182
2020-05-18,7.1207
2020-05-19,7.1212
2020-05-20,7.1157
2020-05-21,7.1197
2020-05-22,7.1337
2020-05-23,7.1468
2020-05-24,7.1468
2020-05-25,7.1513
2020-05-26,7.1437
2020-05-27,7.1638
2020-05-28,7.1818
2020-05-29,7.1653
2020-05-30,7.1518
2020-05-31,7.1518
2020-06-01,7.1277
2020-06-02,7.1367
2020-06-03,7.1207
2020-06-04,7.1448
2020-06-05,7.1272
2020-06-06,7.1016
2020-06-07,7.1016
2020-06-08,7.1027
2020-06-09,7.0911
2020-06-10,7.0941
2020-06-11,7.0761
2020-06-12,7.1001
2020-06-13,7.1016
2020-06-14,7.1016
2020-06-15,7.1047
2020-06-16,7.0951
2020-06-17,7.1097
2020-06-18,7.1052
2020-06-19,7.1022
2020-06-20,7.0876
2020-06-21,7.0876
2020-06-22,7.0961
2020-06-23,7.0881
2020-06-24,7.0761
2020-06-25,7.0966
2020-06-26,7.0976
2020-06-27,7.0966
2020-06-28,7.0966
2020-06-29,7.0936
2020-06-30,7.0826
2020-07-01,7.0766
2020-07-02,7.0826
2020-07-03,7.0821
2020-07-04,7.0826
2020-07-05,7.0826
2020-07-06,7.0731
2020-07-07,7.027
2020-07-08,7.0385
2020-07-09,7.0099
2020-07-10,7.0165
2020-07-11,7.0154
2020-07-12,7.0154
2020-07-13,7.019
2020-07-14,7.026
2020-07-15,7.0144
2020-07-16,7.0044
2020-07-17,7.019
2020-07-18,7.0084
2020-07-19,7.0084
2020-07-20,7.0154
2020-07-21,7.0024
2020-07-22,6.9839
2020-07-23,7.0195
2020-07-24,7.0235
2020-07-25,7.0335
2020-07-26,7.0335
2020-07-27,7.0165
2020-07-28,7.0069
2020-07-29,7.018
2020-07-30,7.0124
2020-07-31,7.0004
2020-08-01,6.9894
2020-08-02,6.9894
2020-08-03,6.9909
2020-08-04,6.9974
2020-08-05,6.9814
2020-08-06,6.9598
2020-08-07,6.9723
2020-08-08,6.9834
2020-08-09,6.9834
2020-08-10,6.9869
2020-08-11,6.9678
2020-08-12,6.9718
2020-08-13,6.9538
2020-08-14,6.9628
2020-08-15,6.9653
2020-08-16,6.9653
2020-08-17,6.9603
2020-08-18,6.9462
2020-08-19,6.9378
2020-08-20,6.9388
2020-08-21,6.9202
2020-08-22,6.9343
2020-08-23,6.9343
2020-08-24,6.9328
2020-08-25,6.9272
2020-08-26,6.9177
2020-08-27,6.9042
2020-08-28,6.8957
2020-08-29,6.8811
2020-08-30,6.8811
2020-08-31,6.8706
2020-09-01,6.8476
2020-09-02,6.8491
2020-09-03,6.8415
2020-09-04,6.8566
2020-09-05,6.8581
2020-09-06,6.8581
2020-09-07,6.845
2020-09-08,6.8506
2020-09-09,6.8666
2020-09-10,6.8536
2020-09-11,6.8531
2020-09-12,6.8501
2020-09-13,6.8501
2020-09-14,6.845
2020-09-15,6.808
2020-09-16,6.7839
2020-09-17,6.7869
2020-09-18,6.7694
2020-09-19,6.7849
2020-09-20,6.7849
2020-09-21,6.7784
2020-09-22,6.8024
2020-09-23,6.8075
2020-09-24,6.834
2020-09-25,6.8275
2020-09-26,6.839
2020-09-27,6.839
2020-09-28,6.836
2020-09-29,6.837
2020-09-30,6.8215
2020-10-01,6.809
2020-10-02,6.808
2020-10-03,6.806
2020-10-04,6.806
2020-10-05,6.806
2020-10-06,6.806
2020-10-07,6.807
2020-10-08,6.806
2020-10-09,6.7368
2020-10-10,6.7087
2020-10-11,6.7077
2020-10-12,
2020-10-13,6.7719
2020-10-14,6.7568
2020-10-15,6.7288
2020-10-16,6.7368
2020-10-17,6.7137
2020-10-18,6.7137
2020-10-19,6.7137
2020-10-20,6.7027
2020-10-21,6.6807
2020-10-22,6.6787
2020-10-23,6.7012
2020-10-24,6.6997
2020-10-25,6.6997
2020-10-26,6.7037
2020-10-27,6.7258
2020-10-28,6.7298
2020-10-29,6.7308
2020-10-30,6.7067
2020-10-31,6.7057
2020-11-01,6.7057
2020-11-02,6.7002
2020-11-03,6.6997
2020-11-04,6.7142
2020-11-05,6.6661
2020-11-06,6.632
2020-11-07,6.6285
2020-11-08,6.6285
2020-11-09,6.609
2020-11-10,6.6325
2020-11-11,6.613
2020-11-12,6.629
2020-11-13,6.6371
2020-11-14,6.6215
2020-11-15,6.6215
2020-11-16,6.5995
2020-11-17,6.5854
2020-11-18,6.5734
2020-11-19,6.5774
2020-11-20,6.593
2020-11-21,6.5779
2020-11-22,6.5779
2020-11-23,6.5704
2020-11-24,6.593
2020-11-25,6.5975
2020-11-26,6.5839
2020-11-27,6.592
2020-11-28,6.5915
2020-11-29,6.5915
2020-11-30,6.5935
2020-12-01,6.601
2020-12-02,6.5769
2020-12-03,6.5704
2020-12-04,6.5654
2020-12-05,6.5463
2020-12-06,6.5463
2020-12-07,6.5524
2020-12-08,6.5499
2020-12-09,6.5494
2020-12-10,6.5599
2020-12-11,6.5529
2020-12-12,6.5614
2020-12-13,6.5614
2020-12-14,6.5509
2020-12-15,6.5654
2020-12-16,6.5579
2020-12-17,6.5484
2020-12-18,6.5519
2020-12-19,6.5544
2020-12-20,6.5544
2020-12-21,6.5629
2020-12-22,6.5579
2020-12-23,6.5649
2020-12-24,6.5504
2020-12-25,6.5423
2020-12-26,6.5554
2020-12-27,6.5554
2020-12-28,6.5443
2020-12-29,6.5504
2020-12-30,6.5393
2020-12-31,6.5323
2021-01-01,6.5479
2021-01-02,6.5433
2021-01-03,6.5433
2021-01-04,6.5203
2021-01-05,6.4772
2021-01-06,6.4742
2021-01-07,6.4717
2021-01-08,6.4872
2021-01-09,6.4897
2021-01-10,6.4897
2021-01-11,6.5022
2021-01-12,6.4842
2021-01-13,6.4707
2021-01-14,6.4837
2021-01-15,6.4832
2021-01-16,6.4952
2021-01-17,6.4952
2021-01-18,6.4927
2021-01-19,6.5007
2021-01-20,6.4917
2021-01-21,6.4751
2021-01-22,6.4817
2021-01-23,6.4962
2021-01-24,6.4962
2021-01-25,6.4982
2021-01-26,6.4822
2021-01-27,6.4742
2021-01-28,6.4967
2021-01-29,6.4762
2021-01-30,6.4431
2021-01-31,6.4431
2021-02-01,6.4772
2021-02-02,6.4742
2021-02-03,6.4732
2021-02-04,6.4707
2021-02-05,6.4877
2021-02-06,6.4792
2021-02-07,6.4777
2021-02-08,6.4722
2021-02-09,6.4647
2021-02-10,6.4506
2021-02-11,6.4727
2021-02-12,6.4717
2021-02-13,6.4737
2021-02-14,6.4737
2021-02-15,6.4737
2021-02-16,6.4692
2021-02-17,6.4732
2021-02-18,6.4632
2021-02-19,6.4807
2021-02-20,6.4682
2021-02-21,6.4652
2021-02-22,6.4742
2021-02-23,6.4722
2021-02-24,6.4727
2021-02-25,6.47
2021-02-26,6.4837
2021-02-27,6.4932
2021-02-28,6.4932
2021-03-01,6.4787
2021-03-02,6.4842
2021-03-03,6.4797
2021-03-04,6.4827
2021-03-05,6.4877
2021-03-06,6.5113
2021-03-07,6.5113
2021-03-08,6.5098
2021-03-09,6.5514
2021-03-10,6.5273
2021-03-11,6.5148
2021-03-12,6.4951
2021-03-13,6.5213
2021-03-14,6.5213
2021-03-15,6.5143
2021-03-16,6.5163
2021-03-17,6.5183
2021-03-18,6.5073
2021-03-19,6.5238
2021-03-20,6.5233
2021-03-21,6.5233
2021-03-22,6.5253
2021-03-23,6.5238
2021-03-24,6.5333
2021-03-25,6.5463
2021-03-26,6.5554
2021-03-27,6.5554
2021-03-28,6.5554
2021-03-29,6.5579
2021-03-30,6.5854
2021-03-31,6.5809
2021-04-01,6.5784
2021-04-02,6.5774
2021-04-03,6.5804
2021-04-04,6.5804
2021-04-05,6.5804
2021-04-06,6.5714
2021-04-07,6.5549
2021-04-08,6.5639
2021-04-09,6.5634
2021-04-10,6.5674
2021-04-11,6.5674
2021-04-12,6.5729
2021-04-13,6.5624
2021-04-14,6.5549
2021-04-15,6.5479
2021-04-16,6.5443
2021-04-17,6.5353
2021-04-18,6.5353
2021-04-19,6.5418
2021-04-20,6.5143
2021-04-21,6.5148
2021-04-22,6.5002
2021-04-23,6.5083
2021-04-24,6.5103
2021-04-25,6.5103
2021-04-26,6.5017
2021-04-27,6.5042
2021-04-28,6.5017
2021-04-29,6.4802
2021-04-30,6.4817
2021-05-01,6.4882
2021-05-02,6.4882
2021-05-03,6.4884
2021-05-04,6.4882
2021-05-05,6.4907
2021-05-06,6.4917
2021-05-07,6.4742
2021-05-08,6.4466
2021-05-09,6.4411
2021-05-10,6.4426
2021-05-11,6.4396
2021-05-12,6.4486
2021-05-13,6.4647
2021-05-14,6.4596
2021-05-15,6.4511
2021-05-16,6.4511
2021-05-17,6.4581
2021-05-18,6.4481
2021-05-19,6.4426
2021-05-20,6.4506
2021-05-21,6.4466
2021-05-22,6.4481
2021-05-23,6.4482
2021-05-24,6.4511
2021-05-25,6.4291
2021-05-26,6.4206
2021-05-27,6.4055
2021-05-28,6.389
2021-05-29,6.383
2021-05-30,6.383
2021-05-31,6.3795
2021-06-01,6.3795
2021-06-02,6.3935
2021-06-03,6.3985
2021-06-04,6.4175
2021-06-05,6.409
2021-06-06,6.409
2021-06-07,6.4145
2021-06-08,6.406
2021-06-09,6.412
2021-06-10,6.3985
2021-06-11,6.401
2021-06-12,6.411
2021-06-13,6.411
2021-06-14,6.4135
2021-06-15,6.4211
2021-06-16,6.417
2021-06-17,6.4356
2021-06-18,6.4596
2021-06-19,6.4667
2021-06-20,6.4667
2021-06-21,6.4677
2021-06-22,6.4737
2021-06-23,6.4957
2021-06-24,6.4912
2021-06-25,6.4787
2021-06-26,6.4707
2021-06-27,6.4707
2021-06-28,6.4772
2021-06-29,6.4762
2021-06-30,6.4707
2021-07-01,6.4802
2021-07-02,6.4902
2021-07-03,6.4882
2021-07-04,6.4882
2021-07-05,6.4787
2021-07-06,6.4742
2021-07-07,6.4882
2021-07-08,6.4892
2021-07-09,6.5042
2021-07-10,6.4922
2021-07-11,6.4922
2021-07-12,6.4917
2021-07-13,6.4802
2021-07-14,6.4902
2021-07-15,6.4802
2021-07-16,6.4812
2021-07-17,6.4922
2021-07-18,6.4922
2021-07-19,6.4962
2021-07-20,6.4982
2021-07-21,6.4917
2021-07-22,6.4812
2021-07-23,6.4851
2021-07-24,6.4942
2021-07-25,6.4942
2021-07-26,6.4982
2021-07-27,6.4912
2021-07-28,6.5203
2021-07-29,6.4982
2021-07-30,6.4732
2021-07-31,6.4772
2021-08-01,6.4772
2021-08-02,6.4812
2021-08-03,6.4787
2021-08-04,6.4772
2021-08-05,6.4777
2021-08-06,6.4772
2021-08-07,6.4967
2021-08-08,6.4967
2021-08-09,6.4952
2021-08-10,6.4997
2021-08-11,6.4957
2021-08-12,6.4892
2021-08-13,6.4902
2021-08-14,6.4912
2021-08-15,6.4912
2021-08-16,6.4917
2021-08-17,6.4917
2021-08-18,6.4977
2021-08-19,6.5068
2021-08-20,6.5153
2021-08-21,6.5148
2021-08-22,6.5148
2021-08-23,6.5042
2021-08-24,6.4967
2021-08-25,6.4907
2021-08-26,6.4937
2021-08-27,6.4997
2021-08-28,6.4862
2021-08-29,6.4862
2021-08-30,6.4822
2021-08-31,6.4837
2021-09-01,6.4762
2021-09-02,6.4752
2021-09-03,6.4737
2021-09-04,6.4702
2021-09-05,6.4702
2021-09-06,6.4677
2021-09-07,6.4712
2021-09-08,6.4767
2021-09-09,6.4742
2021-09-10,6.4682
2021-09-11,6.4591
2021-09-12,6.4591
2021-09-13,6.4637
2021-09-14,6.4662
2021-09-15,6.4571
2021-09-16,6.4441
2021-09-17,6.4742
2021-09-18,6.4782
2021-09-19,6.4722
2021-09-20,6.4817
2021-09-21,6.4842
2021-09-22,6.4872
2021-09-23,6.4827
2021-09-24,6.4737
2021-09-25,6.4792
2021-09-26,6.4772
2021-09-27,6.4702
2021-09-28,6.4702
2021-09-29,6.4817
2021-09-30,6.4817
2021-10-01,6.4642
2021-10-02,6.4632
2021-10-03,6.4632
2021-10-04,6.4632
2021-10-05,6.4632
2021-10-06,6.4652
2021-10-07,6.4652
2021-10-08,6.4622
2021-10-09,6.4551
2021-10-10,6.4541
2021-10-11,6.4511
2021-10-12,6.4687
2021-10-13,6.4632
2021-10-14,6.4486
2021-10-15,6.4496
2021-10-16,6.4491
2021-10-17,6.4491
2021-10-18,6.4481
2021-10-19,6.4306
2021-10-20,6.406
2021-10-21,6.4049
2021-10-22,6.4105
2021-10-23,6.399
2021-10-24,6.399
2021-10-25,6.404
2021-10-26,6.397
2021-10-27,6.399
2021-10-28,6.418
2021-10-29,6.405
2021-10-30,6.418
2021-10-31,6.418
2021-11-01,6.419
2021-11-02,6.4145
2021-11-03,6.413
2021-11-04,6.4095
2021-11-05,6.4145
2021-11-06,6.414
2021-11-07,6.414
2021-11-08,6.413
2021-11-09,6.405
2021-11-10,6.407
2021-11-11,6.418
2021-11-12,6.41
2021-11-13,6.394
2021-11-14,6.394
2021-11-15,6.3955
2021-11-16,6.396
2021-11-17,6.3995
2021-11-18,6.3915
2021-11-19,6.3955
2021-11-20,6.401
2021-11-21,6.401
2021-11-22,6.402
2021-11-23,6.398
2021-11-24,6.4045
2021-11-25,6.4015
2021-11-26,6.404
2021-11-27,6.407
2021-11-28,6.407
2021-11-29,6.398
2021-11-30,6.3875
2021-12-01,6.3764
2021-12-02,6.3815
2021-12-03,6.387
2021-12-04,6.39
2021-12-05,6.39
2021-12-06,6.3815
2021-12-07,6.384
2021-12-08,6.3739
2021-12-09,6.3589
2021-12-10,6.3835
2021-12-11,6.384
2021-12-12,6.384
2021-12-13,6.3749
2021-12-14,6.3795
2021-12-15,6.3775
2021-12-16,6.3795
2021-12-17,6.381
2021-12-18,6.3897
2021-12-19,6.3897
2021-12-20,6.392
2021-12-21,6.388
2021-12-22,6.3855
2021-12-23,6.383
2021-12-24,6.3835
2021-12-25,6.381
2021-12-26,6.381
2021-12-27,6.383
2021-12-28,6.387
2021-12-29,6.386
2021-12-30,6.384
2021-12-31,6.389
2022-01-01,6.3699
2022-01-02,6.3699
2022-01-03,6.3699
2022-01-04,6.386
2022-01-05,6.387
2022-01-06,6.3825
2022-01-07,6.393
2022-01-08,6.391
2022-01-09,6.391
2022-01-10,6.388
2022-01-11,6.3865
2022-01-12,6.38
2022-01-13,6.3719
2022-01-14,6.3748
2022-01-15,6.3661
2022-01-16,6.3661
2022-01-17,6.3704
2022-01-18,6.3559
2022-01-19,6.3689
2022-01-20,6.3594
2022-01-21,6.3569
2022-01-22,6.3519
2022-01-23,6.3519
2022-01-24,6.3469
2022-01-25,6.3454
2022-01-26,6.3364
2022-01-27,6.3539
2022-01-28,6.3775
2022-01-29,6.3699
2022-01-30,6.3594
2022-01-31,6.3729
2022-02-01,6.3749
2022-02-02,6.3749
2022-02-03,6.3749
2022-02-04,6.3739
2022-02-05,6.3739
2022-02-06,6.3739
2022-02-07,6.3699
2022-02-08,6.3714
2022-02-09,6.3775
2022-02-10,6.3754
2022-02-11,6.3729
2022-02-12,6.3679
2022-02-13,6.3679
2022-02-14,6.3754
2022-02-15,6.3669
2022-02-16,6.3534
2022-02-17,6.3444
2022-02-18,6.3489
2022-02-19,6.3399
2022-02-20,6.3399
2022-02-21,6.3369
2022-02-22,6.3559
2022-02-23,6.3419
2022-02-24,6.3303
2022-02-25,6.3318
2022-02-26,6.3304
2022-02-27,6.3304
2022-02-28,6.3288
2022-03-01,6.3263
2022-03-02,6.3263
2022-03-03,6.3313
2022-03-04,6.3328
2022-03-05,6.3333
2022-03-06,6.3333
2022-03-07,6.3359
2022-03-08,6.3263
2022-03-09,6.3298
2022-03-10,6.3328
2022-03-11,6.3384
2022-03-12,6.3524
2022-03-13,6.3524
2022-03-14,6.3624
2022-03-15,6.3965
2022-03-16,6.3714
2022-03-17,6.3599
2022-03-18,6.3669
2022-03-19,6.3744
2022-03-20,6.3744
2022-03-21,6.3749
2022-03-22,6.3785
2022-03-23,6.383
2022-03-24,6.3895
2022-03-25,6.3749
2022-03-26,6.3795
2022-03-27,6.3795
2022-03-28,6.395
2022-03-29,6.3815
2022-03-30,6.3739
2022-03-31,6.3654
2022-04-01,6.3604
2022-04-02,6.3739
2022-04-03,6.3759
2022-04-04,6.377
2022-04-05,6.377
2022-04-06,6.389
2022-04-07,6.378
2022-04-08,6.379
2022-04-09,6.3785
2022-04-10,6.3785
2022-04-11,6.3865
2022-04-12,6.386
2022-04-13,6.377
2022-04-14,6.377
2022-04-15,6.386
2022-04-16,6.3855
2022-04-17,6.3855
2022-04-18,6.387
2022-04-19,6.3855
2022-04-20,6.4165
2022-04-21,6.4261
2022-04-22,6.4852
2022-04-23,6.5156
2022-04-24,6.5156
2022-04-25,6.5484
2022-04-26,6.5759
2022-04-27,6.5653
2022-04-28,6.5809
2022-04-29,6.6506
2022-04-30,6.6215
2022-05-01,6.6215
2022-05-02,6.6235
2022-05-03,6.6235
2022-05-04,6.6235
2022-05-05,6.622
2022-05-06,6.7017
2022-05-07,6.6817
2022-05-08,6.6807
2022-05-09,6.7077
2022-05-10,6.7553
2022-05-11,6.7368
2022-05-12,6.7457
2022-05-13,6.822
2022-05-14,6.805
2022-05-15,6.805
2022-05-16,6.8029
2022-05-17,6.7859
2022-05-18,6.7629
2022-05-19,6.7759
2022-05-20,6.7448
2022-05-21,6.7077
2022-05-22,6.7077
2022-05-23,6.7017
2022-05-24,6.6837
2022-05-25,6.6792
2022-05-26,6.7258
2022-05-27,6.7508
2022-05-28,6.7147
2022-05-29,6.7147
2022-05-30,6.6907
2022-05-31,6.6867
2022-06-01,6.6927
2022-06-02,6.7147
2022-06-03,6.6746
2022-06-04,6.6746
2022-06-05,6.6746
2022-06-06,6.6706
2022-06-07,6.6807
2022-06-08,6.6822
2022-06-09,6.7147
2022-06-10,6.7067
2022-06-11,6.7233
2022-06-12,6.7233
2022-06-13,6.7619
2022-06-14,6.7669
2022-06-15,6.7358
2022-06-16,6.7137
2022-06-17,6.7142
2022-06-18,6.7323
2022-06-19,6.7323
2022-06-20,6.7233
2022-06-21,6.6922
2022-06-22,6.7318
2022-06-23,6.7298
2022-06-24,6.7132
2022-06-25,6.7052
2022-06-26,6.7052
2022-06-27,6.7087
2022-06-28,6.7152
2022-06-29,6.7162
2022-06-30,6.7137
2022-07-01,6.7122
2022-07-02,6.7177
2022-07-03,6.7177
2022-07-04,6.7127
2022-07-05,6.7057
2022-07-06,6.7238
2022-07-07,6.7268
2022-07-08,6.7147
2022-07-09,6.7117
2022-07-10,6.7117
2022-07-11,6.7213
2022-07-12,6.7453
2022-07-13,6.7418
2022-07-14,6.7413
2022-07-15,6.7598
2022-07-16,6.7729
2022-07-17,6.7729
2022-07-18,6.7679
2022-07-19,6.7674
2022-07-20,6.7603
2022-07-21,6.7804
2022-07-22,6.7799
2022-07-23,6.7674
2022-07-24,6.7674
2022-07-25,6.7719
2022-07-26,6.7659
2022-07-27,6.7829
2022-07-28,6.7614
2022-07-29,6.7624
2022-07-30,6.7609
2022-07-31,6.7609
2022-08-01,6.7624
2022-08-02,6.7924
2022-08-03,6.7649
2022-08-04,6.7669
2022-08-05,6.7629
2022-08-06,6.7789
2022-08-07,6.7789
2022-08-08,6.7769
2022-08-09,6.7739
2022-08-10,6.7719
2022-08-11,6.7568
2022-08-12,6.7624
2022-08-13,6.7588
2022-08-14,6.7588
2022-08-15,6.7724
2022-08-16,6.8035
2022-08-17,6.8009
2022-08-18,6.7989
2022-08-19,6.826
2022-08-20,6.834
2022-08-21,6.834
2022-08-22,6.8435
2022-08-23,6.8671
2022-08-24,6.8696
2022-08-25,6.8696
2022-08-26,6.8736
2022-08-27,6.8876
2022-08-28,6.8876
2022-08-29,6.9333
2022-08-30,6.9328
2022-08-31,6.9292
2022-09-01,6.9232
2022-09-02,6.9197
2022-09-03,6.9172
2022-09-04,6.9172
2022-09-05,6.9383
2022-09-06,6.9483
2022-09-07,6.9839
2022-09-08,6.9839
2022-09-09,6.9663
2022-09-10,6.9443
2022-09-11,6.9443
2022-09-12,6.9443
2022-09-13,6.9368
2022-09-14,6.9814
2022-09-15,6.9904
2022-09-16,7.0315
2022-09-17,7.0004
2022-09-18,6.9964
2022-09-19,7.019
2022-09-20,7.03
2022-09-21,7.0555
2022-09-22,7.1001
2022-09-23,7.1087
2022-09-24,7.1463
2022-09-25,7.1463
2022-09-26,7.1708
2022-09-27,7.1813
2022-09-28,7.247
2022-09-29,7.2099
2022-09-30,7.1518
2022-10-01,7.1367
2022-10-02,7.1367
2022-10-03,7.1367
2022-10-04,7.1327
2022-10-05,7.1327
2022-10-06,7.1267
2022-10-07,7.1337
2022-10-08,7.1347
2022-10-09,7.1267
2022-10-10,7.1277
2022-10-11,7.1989
2022-10-12,7.2024
2022-10-13,7.1934
2022-10-14,7.1863
2022-10-15,7.2104
2022-10-16,7.2104
2022-10-17,7.2084
2022-10-18,7.2139
2022-10-19,7.2259
2022-10-20,7.265
2022-10-21,7.2645
2022-10-22,7.247
2022-10-23,7.247
2022-10-24,7.268
2022-10-25,7.3222
2022-10-26,7.2841
2022-10-27,7.1999
2022-10-28,7.24
2022-10-29,7.27
2022-10-30,7.27
2022-10-31,7.2826
2022-11-01,7.3041
2022-11-02,7.2971
2022-11-03,7.3212
2022-11-04,7.3222
2022-11-05,7.2069
2022-11-06,7.2069
2022-11-07,7.2289
2022-11-08,7.2575
2022-11-09,7.271
2022-11-10,7.2846
2022-11-11,7.2019
2022-11-12,7.1117
2022-11-13,7.1117
2022-11-14,7.0911
2022-11-15,7.0806
2022-11-16,7.0856
2022-11-17,7.1402
2022-11-18,7.1728
2022-11-19,7.1367
2022-11-20,7.1367
2022-11-21,7.1867
2022-11-22,7.1698
2022-11-23,7.1638
2022-11-24,7.1603
2022-11-25,7.1818
2022-11-26,7.1879
2022-11-27,7.1828
2022-11-28,7.243
2022-11-29,7.2139
2022-11-30,7.1698
2022-12-01,7.0866
2022-12-02,7.0766
2022-12-03,7.0726
2022-12-04,7.0726
2022-12-05,6.9944
2022-12-06,6.9804
2022-12-07,7.0014
2022-12-08,6.9944
2022-12-09,6.9673
2022-12-10,6.9774
2022-12-11,6.9774
2022-12-12,7.0024
2022-12-13,6.9974
2022-12-14,6.9784
2022-12-15,6.9749
2022-12-16,6.9934
2022-12-17,6.9924
2022-12-18,6.9924
2022-12-19,6.9904
2022-12-20,6.9979
2022-12-21,6.9874
2022-12-22,6.9944
2022-12-23,7.0124
2022-12-24,7.0079
2022-12-25,7.0079
2022-12-26,7.0054
2022-12-27,6.9693
2022-12-28,6.9854
2022-12-29,6.9964
2022-12-30,6.9713
2022-12-31,6.9172
2023-01-01,6.9172
2023-01-02,6.9282
2023-01-03,6.9358
2023-01-04,6.9177
2023-01-05,6.8982
2023-01-06,6.8887
2023-01-07,6.8571
2023-01-08,6.8511
2023-01-09,6.816
2023-01-10,6.7729
2023-01-11,6.8035
2023-01-12,6.7739
2023-01-13,6.7348
2023-01-14,6.7258
2023-01-15,6.7228
2023-01-16,6.7107
2023-01-17,6.7639
2023-01-18,6.7939
2023-01-19,6.7974
2023-01-20,6.7949
2023-01-21,6.8019
2023-01-22,6.8019
2023-01-23,6.81
2023-01-24,6.81
2023-01-25,6.81
2023-01-26,6.81
2023-01-27,6.81
2023-01-28,6.7829
2023-01-29,6.7679
2023-01-30,6.7649
2023-01-31,6.7699
2023-02-01,6.7659
2023-02-02,6.7348
2023-02-03,6.7598
2023-02-04,6.7914
2023-02-05,6.814
2023-02-06,6.809
2023-02-07,6.7914
2023-02-08,6.7929
2023-02-09,6.806
2023-02-10,6.8055
2023-02-11,6.825
2023-02-12,6.828
2023-02-13,6.839
2023-02-14,6.8305
2023-02-15,6.844
2023-02-16,6.8656
2023-02-17,6.8937
2023-02-18,6.8821
2023-02-19,6.8821
2023-02-20,6.8881
2023-02-21,6.8796
2023-02-22,6.9072
2023-02-23,6.9107
2023-02-24,6.9292
2023-02-25,6.9757
2023-02-26,6.9757
2023-02-27,6.9739
2023-02-28,6.9598
2023-03-01,6.9433
2023-03-02,6.9077
2023-03-03,6.9162
2023-03-04,6.9192
2023-03-05,6.9192
2023-03-06,6.9261
2023-03-07,6.9588
2023-03-08,6.9879
2023-03-09,6.9874
2023-03-10,6.9829
2023-03-11,6.9358
2023-03-12,6.9358
2023-03-13,6.9348
2023-03-14,6.8846
2023-03-15,6.9022
2023-03-16,6.9152
2023-03-17,6.9122
2023-03-18,6.9042
2023-03-19,6.9042
2023-03-20,6.9062
2023-03-21,6.8952
2023-03-22,6.8972
2023-03-23,6.8716
2023-03-24,6.8641
2023-03-25,6.8856
2023-03-26,6.8856
2023-03-27,6.8997
2023-03-28,6.8952
2023-03-29,6.8982
2023-03-30,6.9212
2023-03-31,6.8721
2023-04-01,6.8937
2023-04-02,6.8937
2023-04-03,6.9032
2023-04-04,6.9002
2023-04-05,6.8967
2023-04-06,6.8977
2023-04-07,6.8952
2023-04-08,6.8871
2023-04-09,6.8871
2023-04-10,6.8962
2023-04-11,6.9042
2023-04-12,6.9032
2023-04-13,6.8932
2023-04-14,6.8681
2023-04-15,6.8887
2023-04-16,6.8887
2023-04-17,6.8947
2023-04-18,6.8871
2023-04-19,6.8957
2023-04-20,6.9112
2023-04-21,6.8972
2023-04-22,6.9092
2023-04-23,6.9062
2023-04-24,6.9172
2023-04-25,6.9157
2023-04-26,6.9378
2023-04-27,6.9513
2023-04-28,6.9323
2023-04-29,6.9378
2023-04-30,6.9378
2023-05-01,6.9398
2023-05-02,6.9498
2023-05-03,6.9443
2023-05-04,6.9147
2023-05-05,6.9292
2023-05-06,6.9222
2023-05-07,6.9152
2023-05-08,6.9338
2023-05-09,6.9418
2023-05-10,6.9448
2023-05-11,6.9538
2023-05-12,6.9668
2023-05-13,6.9779
2023-05-14,6.9779
2023-05-15,6.9769
2023-05-16,6.9728
2023-05-17,7.0069
2023-05-18,7.0215
2023-05-19,7.0771
2023-05-20,7.0305
2023-05-21,7.0305
2023-05-22,7.039
2023-05-23,7.0701
2023-05-24,7.0811
2023-05-25,7.0816
2023-05-26,7.0921
2023-05-27,7.0841
2023-05-28,7.0841
2023-05-29,7.0891
2023-05-30,7.0911
2023-05-31,7.1197
2023-06-01,7.1117
2023-06-02,7.1112
2023-06-03,7.1177
2023-06-04,7.1177
2023-06-05,7.1132
2023-06-06,7.1332
2023-06-07,7.1297
2023-06-08,7.1593
2023-06-09,7.1352
2023-06-10,7.1498
2023-06-11,7.1498
2023-06-12,7.1613
2023-06-13,7.1818
2023-06-14,7.1768
2023-06-15,7.1959
2023-06-16,7.1483
2023-06-17,7.1453
2023-06-18,7.1453
2023-06-19,7.1638
2023-06-20,7.1944
2023-06-21,7.2164
2023-06-22,7.1949
2023-06-23,7.2029
2023-06-24,7.2084
2023-06-25,7.2084
2023-06-26,7.2315
2023-06-27,7.2355
2023-06-28,7.2445
2023-06-29,7.263
2023-06-30,7.2731
2023-07-01,7.2731
2023-07-02,7.2731
2023-07-03,7.2575
2023-07-04,7.257
2023-07-05,7.247
2023-07-06,7.2665
2023-07-07,7.2635
2023-07-08,7.245
2023-07-09,7.245
2023-07-10,7.244
2023-07-11,7.246
2023-07-12,7.2044
2023-07-13,7.1889
2023-07-14,7.1638
2023-07-15,7.1618
2023-07-16,7.1618
2023-07-17,7.1793
2023-07-18,7.1874
2023-07-19,7.2214
2023-07-20,7.2044
2023-07-21,7.1924
2023-07-22,7.2056
2023-07-23,7.2056
2023-07-24,7.2046
2023-07-25,7.1775
2023-07-26,7.1715
2023-07-27,7.15
2023-07-28,7.1881
2023-07-29,7.166
2023-07-30,7.167
2023-07-31,7.159
2023-08-01,7.1821
2023-08-02,7.1921
2023-08-03,7.2031
2023-08-04,7.1826
2023-08-05,7.1921
2023-08-06,7.1921
2023-08-07,7.2061
2023-08-08,7.2342
2023-08-09,7.2291
2023-08-10,7.2271
2023-08-11,7.2422
2023-08-12,7.2577
2023-08-13,7.2577
2023-08-14,7.2727
2023-08-15,7.2893
2023-08-16,7.3078
2023-08-17,7.3299
2023-08-18,7.2918
2023-08-19,7.3033
2023-08-20,7.3033
2023-08-21,7.3203
2023-08-22,7.2993
2023-08-23,7.3058
2023-08-24,7.3018
2023-08-25,7.3018
2023-08-26,7.3053
2023-08-27,7.3053
2023-08-28,7.2988
2023-08-29,7.3038
2023-08-30,7.3008
2023-08-31,7.3058
2023-09-01,7.2712
2023-09-02,7.2883
2023-09-03,7.2883
2023-09-04,7.2898
2023-09-05,7.3063
2023-09-06,7.3364
2023-09-07,7.3384
2023-09-08,7.3654
2023-09-09,7.3629
2023-09-10,7.3629
2023-09-11,7.3414
2023-09-12,7.3093
2023-09-13,7.3048
2023-09-14,7.2943
2023-09-15,7.2938
2023-09-16,7.2963
2023-09-17,7.2963
2023-09-18,7.3043
2023-09-19,7.3118
2023-09-20,7.3108
2023-09-21,7.3173
2023-09-22,7.3208
2023-09-23,7.3183
2023-09-24,7.3183
2023-09-25,7.3213
2023-09-26,7.3264
2023-09-27,7.3254
2023-09-28,7.3369
2023-09-29,7.3213
2023-09-30,7.3213
2023-10-01,7.3213
2023-10-02,7.3304
2023-10-03,7.3274
2023-10-04,7.3314
2023-10-05,7.3284
2023-10-06,7.3294
2023-10-07,7.3284
2023-10-08,7.3243
2023-10-09,7.3158
2023-10-10,7.2983
2023-10-11,7.3098
2023-10-12,7.3178
2023-10-13,7.3284
2023-10-14,7.3254
2023-10-15,7.3254
2023-10-16,7.3274
2023-10-17,7.3274
2023-10-18,7.3299
2023-10-19,7.3329
2023-10-20,7.3314
2023-10-21,7.3339
2023-10-22,7.3339
2023-10-23,7.3329
2023-10-24,7.3269
2023-10-25,7.3274
2023-10-26,7.3349
2023-10-27,7.3354
2023-10-28,7.3374
2023-10-29,7.3374
2023-10-30,7.3339
2023-10-31,7.3349
2023-11-01,7.3349
2023-11-02,7.3354
2023-11-03,7.3374
2023-11-04,7.3103
2023-11-05,7.3103
2023-11-06,7.2998
2023-11-07,7.2948
2023-11-08,7.2928
2023-11-09,7.2983
2023-11-10,7.3093
2023-11-11,7.3058
2023-11-12,7.3058
2023-11-13,7.3078
2023-11-14,7.3073
2023-11-15,7.2757
2023-11-16,7.2757
2023-11-17,7.2637
2023-11-18,7.2332
2023-11-19,7.2332
2023-11-20,7.2221
2023-11-21,7.157
2023-11-22,7.1585
2023-11-23,7.171
2023-11-24,7.1625
2023-11-25,7.1685
2023-11-26,7.1685
2023-11-27,7.162
2023-11-28,7.168
2023-11-29,7.14
2023-11-30,7.15
2023-12-01,7.1475
2023-12-02,7.148
2023-12-03,7.148
2023-12-04,7.149
2023-12-05,7.159
2023-12-06,7.173
2023-12-07,7.175
2023-12-08,7.1715
2023-12-09,7.1891
2023-12-10,7.1891
2023-12-11,7.1961
2023-12-12,7.1916
2023-12-13,7.1981
2023-12-14,7.1505
2023-12-15,7.1425
2023-12-16,7.14
2023-12-17,7.14
2023-12-18,7.1445
2023-12-19,7.1555
2023-12-20,7.1485
2023-12-21,7.161
2023-12-22,7.164
2023-12-23,7.154
2023-12-24,7.154
2023-12-25,7.1485
2023-12-26,7.1545
2023-12-27,7.166
2023-12-28,7.1485
2023-12-29,7.1139
2023-12-30,7.1204
2023-12-31,7.1204
2024-01-01,7.1204
2024-01-02,7.1339
2024-01-03,7.167
2024-01-04,7.1705
2024-01-05,7.1841
2024-01-06,7.168
2024-01-07,7.168
2024-01-08,7.1645
2024-01-09,7.1775
2024-01-10,7.1921
2024-01-11,7.1815
2024-01-12,7.18
2024-01-13,7.1901
2024-01-14,7.1901
2024-01-15,7.1936
2024-01-16,7.1961
2024-01-17,7.2096
2024-01-18,7.2096
2024-01-19,7.2116
2024-01-20,7.2131
2024-01-21,7.2131
2024-01-22,7.2096
2024-01-23,7.2081
2024-01-24,7.1851
2024-01-25,7.179
2024-01-26,7.1951
2024-01-27,7.1986
2024-01-28,7.1986
2024-01-29,7.1951
2024-01-30,7.1941
2024-01-31,7.1946
2024-02-01,7.1986
2024-02-02,7.1971
2024-02-03,7.2121
2024-02-04,7.2121
2024-02-05,7.2111
2024-02-06,7.2126
2024-02-07,7.1996
2024-02-08,7.2146
2024-02-09,7.2185
2024-02-10,7.2181
2024-02-11,7.2181
2024-02-12,7.2181
2024-02-13,7.2186
2024-02-14,7.2201
2024-02-15,7.2246
2024-02-16,7.2236
2024-02-17,7.2231
2024-02-18,7.2201
2024-02-19,7.2126
2024-02-20,7.2136
2024-02-21,7.2121
2024-02-22,7.2061
2024-02-23,7.2101
2024-02-24,7.2176
2024-02-25,7.2176
2024-02-26,7.2136
2024-02-27,7.2146
2024-02-28,7.215
2024-02-29,7.2146
2024-03-01,7.2136
2024-03-02,7.2176
2024-03-03,7.2176
2024-03-04,7.2136
2024-03-05,7.2136
2024-03-06,7.2151
2024-03-07,7.2151
2024-03-08,7.2121
2024-03-09,7.2091
2024-03-10,7.2091
2024-03-11,7.2066
2024-03-12,7.1926
2024-03-13,7.2026
2024-03-14,7.2106
2024-03-15,7.2126
2024-03-16,7.2161
2024-03-17,7.2161
2024-03-18,7.2146
2024-03-19,7.2156
2024-03-20,7.2161
2024-03-21,7.215
2024-03-22,7.2382
2024-03-23,7.2507
2024-03-24,7.2507
2024-03-25,7.2166
2024-03-26,7.2322
2024-03-27,7.2437
2024-03-28,7.2451
2024-03-29,7.2457
2024-03-30,7.2427
2024-03-31,7.2427
2024-04-01,7.2437
2024-04-02,7.2527
2024-04-03,7.2542
2024-04-04,7.2518
2024-04-05,7.2522
2024-04-06,7.2512
2024-04-07,7.2512
2024-04-08,7.2502
2024-04-09,7.2507
2024-04-10,7.2492
2024-04-11,7.2542
2024-04-12,7.2542
2024-04-13,7.2592
2024-04-14,7.2592
2024-04-15,7.2547
2024-04-16,7.2557
2024-04-17,7.2559
2024-04-18,7.2542
2024-04-19,7.2602
2024-04-20,7.2612
2024-04-21,7.2612
2024-04-22,7.2592
2024-04-23,7.2622
2024-04-24,7.2607
2024-04-25,7.2642
2024-04-26,7.2642
2024-04-27,7.2677
2024-04-28,7.2677
2024-04-29,7.2662
2024-04-30,7.2612
2024-05-01,7.2652
2024-05-02,7.2662
2024-05-03,7.2567
2024-05-04,7.2502
2024-05-05,7.2502
2024-05-06,7.2291
2024-05-07,7.2342
2024-05-08,7.2402
2024-05-09,7.2437
2024-05-10,7.2427
2024-05-11,7.2447
2024-05-12,7.2447
2024-05-13,7.2507
2024-05-14,7.2552
2024-05-15,7.2512
2024-05-16,7.2322
2024-05-17,7.2447
2024-05-18,7.2452
2024-05-19,7.2452
2024-05-20,7.2472
2024-05-21,7.2577
2024-05-22,7.2551
2024-05-23,7.2622
2024-05-24,7.2637
2024-05-25,7.2642
2024-05-26,7.2642
2024-05-27,7.2612
2024-05-28,7.2617
2024-05-29,7.265
2024-05-30,7.2672
2024-05-31,7.2551
2024-06-01,7.2627
2024-06-02,7.2627
2024-06-03,7.2607
2024-06-04,7.2612
2024-06-05,7.2617
2024-06-06,7.2617
2024-06-07,7.2647
2024-06-08,7.2697
2024-06-09,7.2697
2024-06-10,7.2687
2024-06-11,7.2687
2024-06-12,7.2697
2024-06-13,7.2677
2024-06-14,7.2729
2024-06-15,7.2773
2024-06-16,7.2773
2024-06-17,7.2726
2024-06-18,7.2722
2024-06-19,7.2727
2024-06-20,7.2786
2024-06-21,7.2793
2024-06-22,7.2823
2024-06-23,7.2823
2024-06-24,7.2783
2024-06-25,7.2798
2024-06-26,7.2823
2024-06-27,7.2864
2024-06-28,7.2853
2024-06-29,7.2878
2024-06-30,7.2878
2024-07-01,7.2849
2024-07-02,7.2887
2024-07-03,7.2903
2024-07-04,7.2878
2024-07-05,7.2861
2024-07-06,7.2883
2024-07-07,7.2883
2024-07-08,7.2858
2024-07-09,7.2896
2024-07-10,7.2926
2024-07-11,7.2928
2024-07-12,7.2803
2024-07-13,7.2717
2024-07-14,7.2717
2024-07-15,7.2783
2024-07-16,7.282
2024-07-17,7.2838
2024-07-18,7.277
2024-07-19,7.2848
2024-07-20,7.2908
2024-07-21,7.2908
2024-07-22,7.2893
2024-07-23,7.2908
2024-07-24,7.2925
2024-07-25,7.2813
2024-07-26,7.2512
2024-07-27,7.2712
2024-07-28,7.2712
2024-07-29,7.2707
2024-07-30,7.2818
2024-07-31,7.2507
2024-08-01,7.2451
2024-08-02,7.2587
2024-08-03,7.1961
2024-08-04,7.1961
2024-08-05,7.1685
2024-08-06,7.1705
2024-08-07,7.1971
2024-08-08,7.1931
2024-08-09,7.1921
2024-08-10,7.1871
2024-08-11,7.1871
2024-08-12,7.1916
2024-08-13,7.1971
2024-08-14,7.169
2024-08-15,7.1805
2024-08-16,7.1936
2024-08-17,7.18
2024-08-18,7.18
2024-08-19,7.165
2024-08-20,7.15
2024-08-21,7.149
2024-08-22,7.153
2024-08-23,7.161
2024-08-24,7.14
2024-08-25,7.14
2024-08-26,7.1345
2024-08-27,7.1433
2024-08-28,7.143
2024-08-29,7.1465
2024-08-30,7.1154
2024-08-31,7.1109
2024-09-01,7.1109
2024-09-02,7.1219
2024-09-03,7.1339
2024-09-04,7.1309
2024-09-05,7.1179
2024-09-06,7.1094
2024-09-07,7.1189
2024-09-08,7.1189
2024-09-09,7.1269
2024-09-10,7.141
2024-09-11,7.1314
2024-09-12,7.139
2024-09-13,7.1284
2024-09-14,7.1159
2024-09-15,7.1159
2024-09-16,7.1159
2024-09-17,7.1159
2024-09-18,7.1124
2024-09-19,7.1189
2024-09-20,7.0748
2024-09-21,7.0668
2024-09-22,7.0668
2024-09-23,7.0643
2024-09-24,7.0738
2024-09-25,7.0327
2024-09-26,7.0408
2024-09-27,7.0357
2024-09-28,7.0292
2024-09-29,7.0292
2024-09-30,7.0342
2024-10-01,7.0403
2024-10-02,7.0428
2024-10-03,7.0448
2024-10-04,7.0568
2024-10-05,7.0828
2024-10-06,7.0828
2024-10-07,7.0899
2024-10-08,7.0728
2024-10-09,7.0813
2024-10-10,7.0914
2024-10-11,7.0919
2024-10-12,7.0843
2024-10-13,7.0843
2024-10-14,7.0919
2024-10-15,7.1129
2024-10-16,7.1329
2024-10-17,7.136
2024-10-18,7.1405
2024-10-19,7.1219
2024-10-20,7.1219
2024-10-21,7.1199
2024-10-22,7.1395
2024-10-23,7.1485
2024-10-24,7.1385
2024-10-25,7.141
2024-10-26,7.141
2024-10-27,7.141
2024-10-28,7.1502
2024-10-29,7.1498
2024-10-30,7.1455
2024-10-31,7.1425
2024-11-01,7.138
2024-11-02,7.1485
2024-11-03,7.1485
2024-11-04,7.1289
2024-11-05,7.1249
2024-11-06,7.142
2024-11-07,7.205
2024-11-08,7.162
2024-11-09,7.2046
2024-11-10,7.2046
2024-11-11,7.1946
2024-11-12,7.2402
2024-11-13,7.2332
2024-11-14,7.2602
2024-11-15,7.2562
2024-11-16,7.2481
2024-11-17,7.2481
2024-11-18,7.2521
2024-11-19,7.2511
2024-11-20,7.2577
2024-11-21,7.2617
2024-11-22,7.2647
2024-11-23,7.2675
2024-11-24,7.2675
2024-11-25,7.2602
2024-11-26,7.2752
2024-11-27,7.2732
2024-11-28,7.2612
2024-11-29,7.2521
2024-11-30,7.2667
2024-12-01,7.2667
2024-12-02,7.2767
2024-12-03,7.3103
2024-12-04,7.3013
2024-12-05,7.2937
2024-12-06,7.2857
2024-12-07,7.2927
2024-12-08,7.2927
2024-12-09,7.2942
2024-12-10,7.2767
2024-12-11,7.2622
2024-12-12,7.2817
2024-12-13,7.2947
2024-12-14,7.2927
2024-12-15,7.2927
2024-12-16,7.2932
2024-12-17,7.3043
2024-12-18,7.3023
2024-12-19,7.3173
2024-12-20,7.3167
2024-12-21,7.3168
2024-12-22,7.3168
2024-12-23,7.3133
2024-12-24,7.3178
2024-12-25,7.3167
2024-12-26,7.3173
2024-12-27,7.3183
2024-12-28,7.3193
2024-12-29,7.3193
2024-12-30,7.3173
2024-12-31,7.3163
2025-01-01,7.3228
2025-01-02,7.3188
2025-01-03,7.3203
2025-01-04,7.3434
2025-01-05,7.3434
2025-01-06,7.3468
2025-01-07,7.3474
2025-01-08,7.3514
2025-01-09,7.3514
2025-01-10,7.3519
2025-01-11,7.3544
2025-01-12,7.3544
2025-01-13,7.35
2025-01-14,7.3484
2025-01-15,7.3504
2025-01-16,7.3509
2025-01-17,7.3464
2025-01-18,7.3481
2025-01-19,7.3481
2025-01-20,7.3308
2025-01-21,7.2992
2025-01-22,7.2937
2025-01-23,7.2967
2025-01-24,7.3048
2025-01-25,7.2672
2025-01-26,7.2672
2025-01-27,7.2857
2025-01-28,7.2807
2025-01-29,7.2807
2025-01-30,7.2757
2025-01-31,7.2807
2025-02-01,7.2998
2025-02-02,7.2998
2025-02-03,7.3368
2025-02-04,7.3318
2025-02-05,7.3028
2025-02-06,7.2947
2025-02-07,7.3053
2025-02-08,7.3128
2025-02-09,7.3158
2025-02-10,7.3233
2025-02-11,7.3253
2025-02-12,7.3258
2025-02-13,7.3258
2025-02-14,7.3023
2025-02-15,7.2787
2025-02-16,7.2787
2025-02-17,7.2666
2025-02-18,7.2917
2025-02-19,7.3018
2025-02-20,7.3008
2025-02-21,7.2722
2025-02-22,7.2752
2025-02-23,7.2752
2025-02-24,7.2666
2025-02-25,7.2772
2025-02-26,7.2712
2025-02-27,7.2807
2025-02-28,7.3088
2025-03-01,7.3018
2025-03-02,7.3018
2025-03-03,7.2998
2025-03-04,7.3043
2025-03-05,7.2812
2025-03-06,7.2597
2025-03-07,7.2697
2025-03-08,7.2667
2025-03-09,7.2667
2025-03-10,7.2682
2025-03-11,7.2722
2025-03-12,7.2426
2025-03-13,7.2582
2025-03-14,7.2657
2025-03-15,7.2587
2025-03-16,7.2587
2025-03-17,7.2521
2025-03-18,7.2491
2025-03-19,7.2506
2025-03-20,7.2506
2025-03-21,7.2662
2025-03-22,7.2717
2025-03-23,7.2717
2025-03-24,7.2777
2025-03-25,7.2802
2025-03-26,7.2797
2025-03-27,7.2842
2025-03-28,7.2807
2025-03-29,7.2817
2025-03-30,7.2817
2025-03-31,7.2742
2025-04-01,7.2832
2025-04-02,7.2877
2025-04-03,7.3228
2025-04-04,7.2947
2025-04-05,7.3088
2025-04-06,7.3088
2025-04-07,7.3298
2025-04-08,7.3529
2025-04-09,7.3664
2025-04-10,7.3689
2025-04-11,7.3353
2025-04-12,7.3128
2025-04-13,7.3128
2025-04-14,7.3173
2025-04-15,7.3303
2025-04-16,7.3393
2025-04-17,7.3303
2025-04-18,7.3088
2025-04-19,7.3198
2025-04-20,7.3198
2025-04-21,7.3098
2025-04-22,7.3273
2025-04-23,7.3253
2025-04-24,7.3153
2025-04-25,7.3158
2025-04-26,7.3068
2025-04-27,7.3018
2025-04-28,7.3143
2025-04-29,7.3068
2025-04-30,7.2942
2025-05-01,7.2867
2025-05-02,7.2897
2025-05-03,7.2767
2025-05-04,7.2767
2025-05-05,7.2767
2025-05-06,7.2556
2025-05-07,7.2391
2025-05-08,7.2556
2025-05-09,7.2647
2025-05-10,7.2587
2025-05-11,7.2587
2025-05-12,7.2466
2025-05-13,7.2065
2025-05-14,7.2306
2025-05-15,7.2351
2025-05-16,7.2181
2025-05-17,7.2336
2025-05-18,7.2336
2025-05-19,7.2311
2025-05-20,7.2396
2025-05-21,7.2301
2025-05-22,7.2161
2025-05-23,7.2201
2025-05-24,7.2005
2025-05-25,7.2005
2025-05-26,7.1875
2025-05-27,7.2065
2025-05-28,7.2191
2025-05-29,7.2206
2025-05-30,7.202
2025-05-31,7.2196
2025-06-01,7.2196
2025-06-02,7.2196
2025-06-03,7.2181
2025-06-04,7.2015
2025-06-05,7.2
2025-06-06,7.2
2025-06-07,7.2126
2025-06-08,7.2126
2025-06-09,7.2025
2025-06-10,7.202
2025-06-11,7.204
2025-06-12,7.205
2025-06-13,7.1935
2025-06-14,7.2035
2025-06-15,7.2035
2025-06-16,7.203
2025-06-17,7.1985
2025-06-18,7.203
2025-06-19,7.209
2025-06-20,7.196
2025-06-21,7.2015
2025-06-22,7.2015
2025-06-23,7.205
2025-06-24,7.1925
2025-06-25,7.188
2025-06-26,7.1865
2025-06-27,7.188
2025-06-28,7.193
2025-06-29,7.193
2025-06-30,7.182
2025-07-01,7.177
2025-07-02,7.185
2025-07-03,7.1825
2025-07-04,7.1875
2025-07-05,7.1865
2025-07-06,7.1865
2025-07-07,7.186
2025-07-08,7.1915
2025-07-09,7.1975
2025-07-10,7.195
2025-07-11,7.1945
2025-07-12,7.191
2025-07-13,7.191
2025-07-14,7.1885
2025-07-15,7.1875
2025-07-16,7.1964
2025-07-17,7.195
2025-07-18,7.2
2025-07-19,7.1955
2025-07-20,7.1955
2025-07-21,7.1945
2025-07-22,7.189
2025-07-23,7.187
2025-07-24,7.172
2025-07-25,7.1775
2025-07-26,7.1885
2025-07-27,7.1885
2025-07-28,7.1855
2025-07-29,7.196
2025-07-30,7.192
2025-07-31,7.2095
2025-08-01,7.2276
2025-08-02,7.2146
2025-08-03,7.2146
2025-08-04,7.2045
2025-08-05,7.1955
2025-08-06,7.2065
2025-08-07,7.2
2025-08-08,7.2025
2025-08-09,7.202
2025-08-10,7.202
2025-08-11,7.2015
2025-08-12,7.205
2025-08-13,7.2003
2025-08-14,7.187
2025-08-15,7.1975
2025-08-16,7.2055
2025-08-17,7.2055
2025-08-18,7.199
2025-08-19,7.204
2025-08-20,7.204
2025-08-21,7.191
2025-08-22,7.2025
2025-08-23,7.1885
2025-08-24,7.1885
2025-08-25,7.184
2025-08-26,7.171
2025-08-27,7.1679
2025-08-28,7.174
2025-08-29,7.1469
2025-08-30,7.1524
2025-08-31,7.1524
2025-09-01,7.1469
2025-09-02,7.1564
2025-09-03,7.1579
2025-09-04,7.1604
2025-09-05,7.1554
2025-09-06,7.1544
2025-09-07,7.1544
2025-09-08,7.1509
2025-09-09,7.1419
2025-09-10,7.1439
2025-09-11,7.1399
2025-09-12,7.1389
2025-09-13,7.1459
2025-09-14,7.1503
2025-09-15,7.1391
2025-09-16,7.136
2025-09-17,7.1266
2025-09-18,7.1292
2025-09-19,7.1348
2025-09-20,7.1388
2025-09-21,7.1388
2025-09-22,7.1332
2025-09-23,7.1313
2025-09-24,7.1321
2025-09-25,7.1478
2025-09-26,7.155
2025-09-27,7.1529
2025-09-28,7.1529
2025-09-29,7.1449
2025-09-30,7.1448
2025-10-01,7.1444
2025-10-02,7.1444
2025-10-03,7.1444
2025-10-04,7.1444
2025-10-05,7.1444
2025-10-06,7.1444
2025-10-07,7.1494
2025-10-08,7.1494
2025-10-09,7.1516
2025-10-10,7.1449
2025-10-11,7.1554
2025-10-12,7.1554
2025-10-13,7.1472
2025-10-14,7.1518
2025-10-15,7.1454
2025-10-16,7.139
2025-10-17,7.1422
2025-10-18,7.1478
2025-10-19,7.1478
2025-10-20,7.1439
2025-10-21,7.1367
2025-10-22,7.1413
2025-10-23,7.1431
2025-10-24,7.1423
2025-10-25,7.1438
2025-10-26,7.1438
2025-10-27,7.1279
2025-10-28,7.1211
2025-10-29,7.1184
2025-10-30,7.1154
2025-10-31,7.1297
2025-11-01,7.1404
2025-11-02,7.1404
2025-11-03,7.135
2025-11-04,7.1418
2025-11-05,7.1478
2025-11-06,7.1416
2025-11-07,7.1388
2025-11-08,7.1424
2025-11-09,7.1424
2025-11-10,7.1371
2025-11-11,7.1388
2025-11-12,7.136
2025-11-13,7.1297
2025-11-14,7.1119
2025-11-15,7.1207
2025-11-16,7.1207
2025-11-17,7.1236
2025-11-18,7.1255
2025-11-19,7.1305
2025-11-20,7.1348
2025-11-21,7.1297
2025-11-22,7.1269
2025-11-23,7.1269
2025-11-24,7.126
2025-11-25,7.1172
2025-11-26,7.1011
2025-11-27,7.0959
2025-11-28,7.0993
2025-11-29,7.0961
2025-11-30,7.0961
2025-12-01,7.0911
2025-12-02,7.0933
2025-12-03,7.0841
2025-12-04,7.0887
2025-12-05,7.0886
2025-12-06,7.0925
2025-12-07,7.0925
2025-12-08,7.0864
2025-12-09,7.0893
2025-12-10,7.0798
2025-12-11,7.0793
2025-12-12,7.0749
2025-12-13,7.0762
2025-12-14,7.0762
2025-12-15,7.0707
2025-12-16,7.0613
2025-12-17,7.0595
2025-12-18,7.0617
2025-12-19,7.0595
2025-12-20,7.0621
2025-12-21,7.0621
2025-12-22,7.0584
2025-12-23,7.0529
2025-12-24,7.0456
2025-12-25,7.0292
2025-12-26,7.026
2025-12-27,7.0261
2025-12-28,7.0261
2025-12-29,7.026
2025-12-30,7.0198
2025-12-31,7.0084
2026-01-01,7.0079
2026-01-02,7.0079
2026-01-03,7.0079
2026-01-04,7.0029
2026-01-05,7.0003
2026-01-06,7.0002
2026-01-07,7.0078
2026-01-08,7.0121
2026-01-09,6.9988
2026-01-10,6.999
2026-01-11,6.999
2026-01-12,6.9929
2026-01-13,6.9931
2026-01-14,6.9961
2026-01-15,6.9865
2026-01-16,6.9854
2026-01-17,6.9906
2026-01-18,6.9906
2026-01-19,6.9811
2026-01-20,6.9778
2026-01-21,6.9808
2026-01-22,6.98
2026-01-23,6.9813
2026-01-24,6.9836
2026-01-25,6.9836
2026-01-26,6.9738
2026-01-27,6.9756
2026-01-28,6.9658
2026-01-29,6.9664
2026-01-30,6.9673
2026-01-31,6.9776
2026-02-01,6.9776
2026-02-02,6.9659
2026-02-03,6.957
2026-02-04,6.9514
2026-02-05,6.9646
2026-02-06,6.9583
2026-02-07,6.9565
2026-02-08,6.9565
2026-02-09,6.9514
2026-02-10,6.9289
2026-02-11,6.9317
2026-02-12,6.9222
2026-02-13,6.9261
2026-02-14,6.9237
2026-02-15,6.9277
2026-02-16,6.9277
2026-02-17,6.9237
2026-02-18,6.9257
2026-02-19,6.9247
2026-02-20,6.9257
2026-02-21,6.9257
2026-02-22,6.9257
2026-02-23,6.9257
2026-02-24,6.9136
2026-02-25,6.894
2026-02-26,6.8611
2026-02-27,6.875
2026-02-28,6.877
2026-03-01,6.874
2026-03-02,6.8834
2026-03-03,6.8988
2026-03-04,6.9365
2026-03-05,6.9025
2026-03-06,6.9229
2026-03-07,6.923
2026-03-08,6.923
2026-03-09,6.9409
2026-03-10,6.9006
2026-03-11,6.8838
2026-03-12,6.8925
2026-03-13,6.9007
2026-03-14,6.924
2026-03-15,6.924
2026-03-16,6.9164
2026-03-17,6.8988
2026-03-18,6.9023
2026-03-19,6.9141
2026-03-20,6.9041
2026-03-21,6.9245
2026-03-22,6.9245
2026-03-23,6.9258
2026-03-24,6.9117
2026-03-25,6.9012
2026-03-26,6.9232
2026-03-27,6.9308
2026-03-28,6.9318
2026-03-29,6.9328
2026-03-30,6.937
2026-03-31,6.9218
2026-04-01,6.9001
2026-04-02,6.9025
2026-04-03,6.8982
2026-04-04,6.9063
2026-04-05,6.9063
2026-04-06,6.9063
2026-04-07,6.8963
2026-04-08,6.8494
2026-04-09,6.8529
2026-04-10,6.8489
2026-04-11,6.85
2026-04-12,6.85
2026-04-13,6.8512
2026-04-14,6.8372
2026-04-15,6.8341
2026-04-16,6.837
2026-04-17,6.8421
2026-04-18,6.8382
2026-04-19,6.8382
2026-04-20,6.8362
2026-04-21,6.8329
2026-04-22,6.8393
2026-04-23,6.8419
2026-04-24,6.8534
2026-04-25,6.8517
2026-04-26,6.8517
2026-04-27,6.8458
2026-04-28,6.8456
2026-04-29,6.8535
2026-04-30,6.8584
2026-05-01,6.8527
2026-05-02,6.8512
2026-05-03,6.8512
2026-05-04,6.8512
2026-05-05,6.8512
2026-05-06,6.8365
2026-05-07,6.8223
2026-05-08,6.8217
2026-05-09,6.8146
2026-05-10,6.8176
2026-05-11,6.8132
2026-05-12,6.8127
2026-05-13,6.8092
2026-05-14,6.8066
2026-05-15,6.8139
2026-05-16,6.8333
2026-05-17,6.8333
2026-05-18,6.8328
2026-05-19,6.8124
2026-05-20,6.8303
2026-05-21,6.814
2026-05-22,6.8184
2026-05-23,6.8167
2026-05-24,6.8167
2026-05-25,6.8007
2026-05-26,6.8024
2026-05-27,6.7992
2026-05-28,6.7983
2026-05-29,6.7892
2026-05-30,6.7872
2026-05-31,6.7872
2026-06-01,6.7839
2026-06-02,6.7813
2026-06-03,6.7829
2026-06-04,6.7917
2026-06-05,6.7934
2026-06-06,6.8076
2026-06-07,6.8076
2026-06-08,6.7995
2026-06-09,6.7951
2026-06-10,6.7914
2026-06-11,6.7942
2026-06-12,6.7849
2026-06-13,6.7831
2026-06-14,6.7831
2026-06-15,6.7739
2026-06-16,6.7759
2026-06-17,6.7741
2026-06-18,6.7831
2026-06-19,6.792
2026-06-20,6.7932
2026-06-21,6.7932
2026-06-22,6.7877
2026-06-23,6.7909
2026-06-24,6.8054
2026-06-25,6.8292
2026-06-26,6.817
2026-06-27,6.8182
2026-06-28,6.8182
2026-06-29,6.8212
2026-06-30,6.81
2026-07-01,6.8079
2026-07-02,6.8041
2026-07-03,6.798
2026-07-04,6.7987
2026-07-05,6.7987
2026-07-06,6.8027
2026-07-07,6.804
2026-07-08,6.8187
2026-07-09,6.8149
2026-07-10,6.7988
2026-07-11,6.7952
2026-07-12,6.7952
2026-07-13,6.7959
2026-07-14,6.7998
2026-07-15,6.7837
2026-07-16,6.7864
2026-07-17,6.7932
2026-07-18,6.7962
2026-07-19,6.7962
2026-07-20,6.7903
2026-07-21,6.7817
2026-07-22,6.7855
2026-07-23,6.7861
2026-07-24,6.793
2026-07-25,6.7902
2026-07-26,6.7902
2026-07-27,6.7833
2026-07-28,6.7834
2026-07-29,6.7891
2026-07-30,6.7794
2026-07-31,6.7665
2026-08-01,6.7731
2026-08-02,6.7731
2026-08-03,6.7654
2026-08-04,6.7733
2026-08-05,6.7632
2026-08-06,6.7655
2026-08-07,6.7652
2026-08-08,6.7655
2026-08-09,6.7655
2026-08-10,6.7616
2026-08-11,6.7615
2026-08-12,6.762
2026-08-13,6.7613
