指标名称,中国进口铁矿海运费:图巴郎-中国青岛港,中国进口铁矿海运费:西澳港口-中国青岛港,(停)CDFI:程租:铁矿石:西澳大利亚丹皮尔-中国青岛(160000MT/10%),(停)CDFI:程租:铁矿石:巴西图巴朗-中国青岛(160000MT/10%)
2012-12-06,,,7.911,19.025
2012-12-07,,,7.556,18.344
2012-12-08,,,,
2012-12-09,,,,
2012-12-10,,,7.5,17.981
2012-12-11,,,7.433,17.756
2012-12-12,,,7.309,17.594
2012-12-13,,,7.271,17.294
2012-12-14,,,7.432,17.25
2012-12-15,,,,
2012-12-16,,,,
2012-12-17,,,8.24,17.081
2012-12-18,,,8.117,16.938
2012-12-19,,,7.62,16.585
2012-12-20,,,7.15,16.363
2012-12-21,,,7.041,16.213
2012-12-22,,,,
2012-12-23,,,,
2012-12-24,,,7.044,16.158
2012-12-25,,,7.029,16.141
2012-12-26,,,7.048,16.106
2012-12-27,,,6.997,16.124
2012-12-28,,,6.929,16.096
2012-12-29,,,,
2012-12-30,,,,
2012-12-31,,,6.9,16.086
2013-01-01,,,,
2013-01-02,,,,
2013-01-03,,,,
2013-01-04,,,7.056,16.426
2013-01-05,,,,
2013-01-06,,,,
2013-01-07,,,7.161,16.781
2013-01-08,,,7.278,17.085
2013-01-09,,,7.437,17.451
2013-01-10,,,7.322,17.426
2013-01-11,,,7.152,17.31
2013-01-12,,,,
2013-01-13,,,,
2013-01-14,,,7.083,17.306
2013-01-15,,,7.066,17.364
2013-01-16,,,6.833,17.434
2013-01-17,,,6.963,18.156
2013-01-18,,,7.483,18.919
2013-01-19,,,,
2013-01-20,,,,
2013-01-21,,,7.328,19.475
2013-01-22,,,7.253,19.44
2013-01-23,,,7.171,19.115
2013-01-24,,,7.158,19.006
2013-01-25,,,7.087,18.868
2013-01-26,,,,
2013-01-27,,,,
2013-01-28,,,7.047,18.756
2013-01-29,,,7.007,18.656
2013-01-30,,,7.007,18.6
2013-01-31,,,6.991,18.46
2013-02-01,,,6.973,18.228
2013-02-02,,,,
2013-02-03,,,,
2013-02-04,,,6.996,18.018
2013-02-05,,,7.114,17.961
2013-02-06,,,7.217,17.915
2013-02-07,,,7.314,18.031
2013-02-08,,,7.322,18.123
2013-02-09,,,,
2013-02-10,,,,
2013-02-11,,,,
2013-02-12,,,,
2013-02-13,,,,
2013-02-14,,,,
2013-02-15,,,,
2013-02-16,,,,
2013-02-17,,,,
2013-02-18,,,7.453,18.197
2013-02-19,,,7.464,18.163
2013-02-20,,,7.427,18.073
2013-02-21,,,7.412,18.023
2013-02-22,,,7.377,17.985
2013-02-23,,,,
2013-02-24,,,,
2013-02-25,,,7.369,17.95
2013-02-26,,,7.322,17.943
2013-02-27,,,7.256,17.78
2013-02-28,,,7.211,17.604
2013-03-01,,,7.218,17.575
2013-03-02,,,,
2013-03-03,,,,
2013-03-04,,,7.163,17.494
2013-03-05,,,7.199,17.416
2013-03-06,,,7.253,17.391
2013-03-07,,,7.246,17.394
2013-03-08,,,7.259,17.429
2013-03-09,,,,
2013-03-10,,,,
2013-03-11,,,7.262,17.463
2013-03-12,,,7.267,17.446
2013-03-13,,,7.523,17.515
2013-03-14,,,7.433,17.55
2013-03-15,,,7.337,17.503
2013-03-16,,,,
2013-03-17,,,,
2013-03-18,,,7.328,17.48
2013-03-19,,,7.334,17.451
2013-03-20,,,7.281,17.424
2013-03-21,,,,
2013-03-22,,,7.24,17.411
2013-03-23,,,,
2013-03-24,,,,
2013-03-25,,,7.224,17.418
2013-03-26,,,7.234,17.417
2013-03-27,,,7.177,17.403
2013-03-28,,,7.121,17.39
2013-03-29,,,7.1,17.353
2013-03-30,,,,
2013-03-31,,,,
2013-04-01,,,7.099,17.309
2013-04-02,,,7.011,17.24
2013-04-03,,,6.947,17.181
2013-04-04,,,,
2013-04-05,,,,
2013-04-06,,,,
2013-04-07,,,,
2013-04-08,,,7.011,17.225
2013-04-09,,,7.07,17.301
2013-04-10,,,7.151,17.43
2013-04-11,,,7.249,17.488
2013-04-12,,,7.29,17.469
2013-04-13,,,,
2013-04-14,,,,
2013-04-15,,,7.298,17.457
2013-04-16,,,7.232,17.425
2013-04-17,,,7.222,17.365
2013-04-18,,,7.172,17.306
2013-04-19,,,7.164,17.3
2013-04-20,,,,
2013-04-21,,,,
2013-04-22,,,7.139,17.261
2013-04-23,,,7.123,17.255
2013-04-24,,,7.028,17.24
2013-04-25,,,6.988,17.249
2013-04-26,,,6.954,17.324
2013-04-27,,,,
2013-04-28,,,,
2013-04-29,,,,
2013-04-30,,,,
2013-05-01,,,,
2013-05-02,,,7.132,17.533
2013-05-03,,,7.187,17.558
2013-05-04,,,,
2013-05-05,,,,
2013-05-06,,,7.23,17.615
2013-05-07,,,7.25,17.646
2013-05-08,,,7.444,17.696
2013-05-09,,,7.522,17.708
2013-05-10,,,7.47,17.68
2013-05-11,,,,
2013-05-12,,,,
2013-05-13,,,7.359,17.653
2013-05-14,,,7.331,17.625
2013-05-15,,,7.318,17.581
2013-05-16,,,7.253,17.549
2013-05-17,,,7.168,17.499
2013-05-18,,,,
2013-05-19,,,,
2013-05-20,,,7.1,17.478
2013-05-21,,,7.089,17.438
2013-05-22,,,7.144,17.435
2013-05-23,,,7.263,17.47
2013-05-24,,,7.303,17.489
2013-05-25,,,,
2013-05-26,,,,
2013-05-27,,,7.366,17.625
2013-05-28,,,7.352,17.623
2013-05-29,,,7.283,17.596
2013-05-30,,,7.296,17.695
2013-05-31,,,7.297,17.678
2013-06-01,,,,
2013-06-02,,,,
2013-06-03,,,7.299,17.641
2013-06-04,,,7.262,17.561
2013-06-05,,,7.303,17.548
2013-06-06,,,7.3,17.501
2013-06-07,,,7.293,17.489
2013-06-08,,,,
2013-06-09,,,,
2013-06-10,,,,
2013-06-11,,,,
2013-06-12,,,,
2013-06-13,,,7.501,17.539
2013-06-14,,,7.596,17.708
2013-06-15,,,,
2013-06-16,,,,
2013-06-17,,,7.628,17.776
2013-06-18,,,7.713,17.938
2013-06-19,,,7.801,18.138
2013-06-20,,,7.906,18.796
2013-06-21,,,8.0,18.963
2013-06-22,,,,
2013-06-23,,,,
2013-06-24,,,8.048,19.019
2013-06-25,,,8.102,19.184
2013-06-26,,,8.131,19.326
2013-06-27,,,8.164,20.544
2013-06-28,,,8.208,20.958
2013-06-29,,,,
2013-06-30,,,,
2013-07-01,,,8.294,21.316
2013-07-02,,,8.26,21.384
2013-07-03,,,8.061,20.963
2013-07-04,,,7.756,20.385
2013-07-05,,,7.539,19.988
2013-07-06,,,,
2013-07-07,,,,
2013-07-08,,,7.461,19.97
2013-07-09,,,7.447,20.111
2013-07-10,,,7.561,20.211
2013-07-11,,,7.704,20.356
2013-07-12,,,7.739,20.398
2013-07-13,,,,
2013-07-14,,,,
2013-07-15,,,7.767,20.433
2013-07-16,,,7.745,20.396
2013-07-17,,,7.743,20.325
2013-07-18,,,7.722,20.294
2013-07-19,,,7.679,20.129
2013-07-20,,,,
2013-07-21,,,,
2013-07-22,,,7.706,20.004
2013-07-23,,,7.69,19.914
2013-07-24,,,7.679,19.814
2013-07-25,,,7.703,20.064
2013-07-26,,,7.72,20.198
2013-07-27,,,,
2013-07-28,,,,
2013-07-29,,,7.733,20.31
2013-07-30,,,7.746,20.311
2013-07-31,,,7.761,20.285
2013-08-01,,,8.057,20.349
2013-08-02,,,8.55,20.4
2013-08-03,,,,
2013-08-04,,,,
2013-08-05,,,8.583,20.438
2013-08-06,,,8.561,20.379
2013-08-07,,,8.46,20.216
2013-08-08,,,8.421,20.076
2013-08-09,,,8.38,20.011
2013-08-10,,,,
2013-08-11,,,,
2013-08-12,,,8.374,19.95
2013-08-13,,,8.342,19.849
2013-08-14,,,8.533,19.829
2013-08-15,,,9.256,20.178
2013-08-16,,,9.229,20.529
2013-08-17,,,,
2013-08-18,,,,
2013-08-19,,,9.05,20.65
2013-08-20,,,8.967,20.783
2013-08-21,,,9.144,21.076
2013-08-22,,,9.222,21.763
2013-08-23,,,9.33,22.281
2013-08-24,,,,
2013-08-25,,,,
2013-08-26,,,9.363,22.929
2013-08-27,,,9.37,23.056
2013-08-28,,,9.364,23.519
2013-08-29,,,9.322,23.565
2013-08-30,,,9.22,23.47
2013-08-31,,,,
2013-09-01,,,,
2013-09-02,,,9.187,23.5
2013-09-03,,,9.311,23.706
2013-09-04,,,9.552,23.994
2013-09-05,,,9.71,24.575
2013-09-06,,,10.986,25.363
2013-09-07,,,,
2013-09-08,,,,
2013-09-09,,,11.218,26.125
2013-09-10,,,11.989,27.531
2013-09-11,,,12.054,28.494
2013-09-12,,,11.98,29.488
2013-09-13,,,11.924,29.495
2013-09-14,,,,
2013-09-15,,,,
2013-09-16,,,11.959,29.663
2013-09-17,,,12.002,29.789
2013-09-18,,,12.256,30.119
2013-09-19,,,,
2013-09-20,,,,
2013-09-21,,,,
2013-09-22,,,,
2013-09-23,,,12.867,30.785
2013-09-24,,,13.35,30.944
2013-09-25,,,13.817,30.975
2013-09-26,,,13.717,30.554
2013-09-27,,,13.372,29.209
2013-09-28,,,,
2013-09-29,,,,
2013-09-30,,,12.659,28.406
2013-10-01,,,,
2013-10-02,,,,
2013-10-03,,,,
2013-10-04,,,,
2013-10-05,,,,
2013-10-06,,,,
2013-10-07,,,,
2013-10-08,,,13.178,28.893
2013-10-09,,,13.439,29.006
2013-10-10,,,12.656,28.8
2013-10-11,,,11.55,27.656
2013-10-12,,,,
2013-10-13,,,,
2013-10-14,,,11.225,26.764
2013-10-15,,,11.022,26.575
2013-10-16,,,11.271,26.628
2013-10-17,,,11.438,26.713
2013-10-18,,,11.306,26.65
2013-10-19,,,,
2013-10-20,,,,
2013-10-21,,,10.674,26.1
2013-10-22,,,10.536,25.819
2013-10-23,,,10.4,25.429
2013-10-24,,,9.744,25.0
2013-10-25,,,9.472,24.175
2013-10-26,,,,
2013-10-27,,,,
2013-10-28,,,9.056,23.581
2013-10-29,,,8.828,21.625
2013-10-30,,,8.106,20.569
2013-10-31,,,7.731,19.55
2013-11-01,,,8.244,20.025
2013-11-02,,,,
2013-11-03,,,,
2013-11-04,,,8.31,20.425
2013-11-05,,,8.578,21.025
2013-11-06,,,8.966,22.181
2013-11-07,,,9.003,22.131
2013-11-08,,,9.019,22.115
2013-11-09,,,,
2013-11-10,,,,
2013-11-11,,,9.073,22.081
2013-11-12,,,9.261,22.056
2013-11-13,,,9.239,21.779
2013-11-14,,,9.13,21.556
2013-11-15,,,8.719,21.144
2013-11-16,,,,
2013-11-17,,,,
2013-11-18,,,8.783,21.063
2013-11-19,,,8.84,20.894
2013-11-20,,,9.04,20.84
2013-11-21,,,10.088,20.943
2013-11-22,,,9.794,20.96
2013-11-23,,,,
2013-11-24,,,,
2013-11-25,,,9.775,20.653
2013-11-26,,,9.95,20.671
2013-11-27,,,10.046,20.786
2013-11-28,,,10.881,21.85
2013-11-29,,,11.814,23.442
2013-11-30,,,,
2013-12-01,,,,
2013-12-02,,,12.175,24.057
2013-12-03,,,12.15,25.079
2013-12-04,,,12.309,26.1
2013-12-05,,,13.438,26.857
2013-12-06,,,13.9,27.907
2013-12-07,,,,
2013-12-08,,,,
2013-12-09,,,13.388,27.853
2013-12-10,,,13.934,28.136
2013-12-11,,,14.481,28.657
2013-12-12,,,15.538,29.786
2013-12-13,,,15.103,29.81
2013-12-14,,,,
2013-12-15,,,,
2013-12-16,,,14.269,29.679
2013-12-17,,,12.713,28.643
2013-12-18,,,11.544,27.693
2013-12-19,,,10.921,27.533
2013-12-20,,,10.806,27.921
2013-12-21,,,,
2013-12-22,,,,
2013-12-23,,,12.094,28.586
2013-12-24,,,12.638,29.411
2013-12-25,,,12.836,30.15
2013-12-26,,,12.857,30.228
2013-12-27,,,12.838,30.253
2013-12-28,,,,
2013-12-29,,,,
2013-12-30,,,12.754,30.176
2013-12-31,,,12.636,30.067
2014-01-01,,,,
2014-01-02,,,12.45,29.99
2014-01-03,,,11.4,28.699
2014-01-04,,,,
2014-01-05,,,,
2014-01-06,,,,
2014-01-07,,,10.133,23.671
2014-01-08,,,9.406,21.797
2014-01-09,,,8.431,21.407
2014-01-10,,,7.669,20.48
2014-01-11,,,,
2014-01-12,,,,
2014-01-13,,,7.125,19.85
2014-01-14,,,7.038,19.707
2014-01-15,,,7.288,20.057
2014-01-16,,,7.356,20.276
2014-01-17,,,7.629,20.633
2014-01-18,,,,
2014-01-19,,,,
2014-01-20,,,7.898,21.021
2014-01-21,,,8.088,21.729
2014-01-22,,,7.891,21.336
2014-01-23,,,7.779,20.936
2014-01-24,,,7.525,20.443
2014-01-25,,,,
2014-01-26,,,,
2014-01-27,,,7.481,20.226
2014-01-28,,,7.306,20.021
2014-01-29,,,7.144,19.85
2014-01-30,,,7.141,19.811
2014-01-31,,,,
2014-02-01,,,,
2014-02-02,,,,
2014-02-03,,,,
2014-02-04,,,,
2014-02-05,,,,
2014-02-06,,,,
2014-02-07,,,7.476,19.95
2014-02-08,,,,
2014-02-09,,,,
2014-02-10,,,,
2014-02-11,,,7.604,19.953
2014-02-12,,,7.525,19.674
2014-02-13,,,7.476,19.314
2014-02-14,,,7.495,19.129
2014-02-15,,,,
2014-02-16,,,,
2014-02-17,,,7.7,18.921
2014-02-18,,,8.431,18.979
2014-02-19,,,8.681,18.99
2014-02-20,,,8.638,19.003
2014-02-21,,,8.365,18.909
2014-02-22,,,,
2014-02-23,,,,
2014-02-24,,,8.388,18.886
2014-02-25,,,8.4,18.943
2014-02-26,,,8.831,19.15
2014-02-27,,,9.394,21.229
2014-02-28,,,9.591,21.529
2014-03-01,,,,
2014-03-02,,,,
2014-03-03,,,9.525,21.6
2014-03-04,,,9.713,21.707
2014-03-05,,,9.994,22.593
2014-03-06,,,10.619,25.021
2014-03-07,,,10.663,26.486
2014-03-08,,,,
2014-03-09,,,,
2014-03-10,,,10.906,27.036
2014-03-11,,,11.033,27.514
2014-03-12,,,10.288,25.8
2014-03-13,,,9.506,25.164
2014-03-14,,,9.881,25.839
2014-03-15,,,,
2014-03-16,,,,
2014-03-17,,,9.863,26.093
2014-03-18,,,10.188,26.379
2014-03-19,,,10.6,26.771
2014-03-20,,,11.519,27.493
2014-03-21,,,11.663,27.657
2014-03-22,,,,
2014-03-23,,,,
2014-03-24,,,10.975,27.343
2014-03-25,,,11.2,26.971
2014-03-26,,,10.331,26.493
2014-03-27,,,9.625,25.936
2014-03-28,,,9.675,25.043
2014-03-29,,,,
2014-03-30,,,,
2014-03-31,,,10.306,23.986
2014-04-01,,,10.356,23.414
2014-04-02,,,10.238,23.279
2014-04-03,,,10.081,23.171
2014-04-04,,,9.756,22.686
2014-04-05,,,,
2014-04-06,,,,
2014-04-07,,,,
2014-04-08,,,9.213,21.729
2014-04-09,,,8.781,20.314
2014-04-10,,,8.503,19.714
2014-04-11,,,8.088,19.271
2014-04-12,,,,
2014-04-13,,,,
2014-04-14,,,7.956,18.986
2014-04-15,,,7.875,18.814
2014-04-16,,,7.781,18.507
2014-04-17,,,7.279,18.243
2014-04-18,,,7.257,18.208
2014-04-19,,,,
2014-04-20,,,,
2014-04-21,,,7.257,18.205
2014-04-22,,,7.291,18.279
2014-04-23,,,7.469,18.429
2014-04-24,,,7.785,18.883
2014-04-25,,,7.721,18.921
2014-04-26,,,,
2014-04-27,,,,
2014-04-28,,,7.594,18.95
2014-04-29,,,7.151,18.633
2014-04-30,,,7.094,18.513
2014-05-01,,,,
2014-05-02,,,,
2014-05-03,,,,
2014-05-04,,,,
2014-05-05,,,7.819,20.007
2014-05-06,,,7.9,20.097
2014-05-07,,,7.983,20.386
2014-05-08,,,7.731,20.236
2014-05-09,,,7.563,20.164
2014-05-10,,,,
2014-05-11,,,,
2014-05-12,,,7.491,19.929
2014-05-13,,,7.483,19.35
2014-05-14,,,7.625,19.31
2014-05-15,,,7.863,19.453
2014-05-16,,,7.788,19.471
2014-05-17,,,,
2014-05-18,,,,
2014-05-19,,,7.821,19.464
2014-05-20,,,7.519,19.2
2014-05-21,,,7.4,19.043
2014-05-22,,,7.219,18.843
2014-05-23,,,7.338,18.779
2014-05-24,,,,
2014-05-25,,,,
2014-05-26,,,7.8,18.943
2014-05-27,,,8.05,19.143
2014-05-28,,,7.925,19.093
2014-05-29,,,7.731,19.0
2014-05-30,,,7.644,19.061
2014-05-31,,,,
2014-06-01,,,,
2014-06-02,,,,
2014-06-03,,,7.913,19.729
2014-06-04,,,7.981,21.0
2014-06-05,,,7.9,21.514
2014-06-06,,,8.038,21.807
2014-06-07,,,,
2014-06-08,,,,
2014-06-09,,,8.15,21.871
2014-06-10,,,8.219,21.86
2014-06-11,,,8.306,21.65
2014-06-12,,,8.106,21.05
2014-06-13,,,7.875,20.629
2014-06-14,,,,
2014-06-15,,,,
2014-06-16,,,7.675,20.479
2014-06-17,,,7.685,20.379
2014-06-18,,,7.788,20.843
2014-06-19,,,7.956,22.079
2014-06-20,,,8.069,22.557
2014-06-21,,,,
2014-06-22,,,,
2014-06-23,,,7.938,22.357
2014-06-24,,,7.819,21.993
2014-06-25,,,7.75,21.979
2014-06-26,,,7.691,21.536
2014-06-27,,,7.663,21.467
2014-06-28,,,,
2014-06-29,,,,
2014-06-30,,,7.831,22.0
2014-07-01,,,8.123,22.721
2014-07-02,,,8.169,22.979
2014-07-03,,,7.988,22.571
2014-07-04,,,7.913,22.357
2014-07-05,,,,
2014-07-06,,,,
2014-07-07,,,7.95,22.229
2014-07-08,,,7.835,21.914
2014-07-09,,,7.706,21.486
2014-07-10,,,7.596,20.993
2014-07-11,,,7.531,20.557
2014-07-12,,,,
2014-07-13,,,,
2014-07-14,,,7.544,20.236
2014-07-15,,,7.569,19.329
2014-07-16,,,7.565,18.971
2014-07-17,,,7.521,18.693
2014-07-18,,,7.531,18.586
2014-07-19,,,,
2014-07-20,,,,
2014-07-21,,,7.649,18.543
2014-07-22,,,7.688,18.314
2014-07-23,,,7.825,18.314
2014-07-24,,,7.866,18.479
2014-07-25,,,7.825,18.526
2014-07-26,,,,
2014-07-27,,,,
2014-07-28,,,7.848,18.571
2014-07-29,,,7.843,18.551
2014-07-30,,,7.92,18.617
2014-07-31,,,7.831,18.636
2014-08-01,,,7.744,18.607
2014-08-02,,,,
2014-08-03,,,,
2014-08-04,,,7.719,18.621
2014-08-05,,,7.656,18.616
2014-08-06,,,7.643,18.596
2014-08-07,,,7.556,18.593
2014-08-08,,,7.5,18.603
2014-08-09,,,,
2014-08-10,,,,
2014-08-11,,,7.638,18.697
2014-08-12,,,7.906,18.986
2014-08-13,,,8.013,19.386
2014-08-14,,,8.726,20.825
2014-08-15,,,8.95,21.929
2014-08-16,,,,
2014-08-17,,,,
2014-08-18,,,8.963,23.407
2014-08-19,,,8.825,23.129
2014-08-20,,,8.969,22.871
2014-08-21,,,9.438,23.979
2014-08-22,,,9.464,24.317
2014-08-23,,,,
2014-08-24,,,,
2014-08-25,,,9.144,23.743
2014-08-26,,,8.888,23.257
2014-08-27,,,8.563,22.786
2014-08-28,,,8.788,23.779
2014-08-29,,,9.075,24.114
2014-08-30,,,,
2014-08-31,,,,
2014-09-01,,,9.029,24.179
2014-09-02,,,8.788,23.843
2014-09-03,,,8.675,23.507
2014-09-04,,,8.388,23.257
2014-09-05,,,8.413,23.314
2014-09-06,,,,
2014-09-07,,,,
2014-09-08,,,,
2014-09-09,,,8.921,23.447
2014-09-10,,,8.97,23.543
2014-09-11,,,8.825,23.243
2014-09-12,,,8.75,23.071
2014-09-13,,,,
2014-09-14,,,,
2014-09-15,,,8.644,22.693
2014-09-16,,,8.506,22.457
2014-09-17,,,8.175,22.157
2014-09-18,,,8.019,21.486
2014-09-19,,,7.733,20.992
2014-09-20,,,,
2014-09-21,,,,
2014-09-22,,,7.669,20.893
2014-09-23,,,7.888,21.0
2014-09-24,,,7.769,20.314
2014-09-25,,,7.494,19.843
2014-09-26,,,7.525,19.614
2014-09-27,,,,
2014-09-28,,,,
2014-09-29,,,7.856,19.669
2014-09-30,,,8.096,19.789
2014-10-01,,,,
2014-10-02,,,,
2014-10-03,,,,
2014-10-04,,,,
2014-10-05,,,,
2014-10-06,,,,
2014-10-07,,,,
2014-10-08,,,7.706,18.064
2014-10-09,,,7.64,17.786
2014-10-10,,,7.563,17.55
2014-10-11,,,,
2014-10-12,,,,
2014-10-13,,,7.525,17.379
2014-10-14,,,7.46,17.3
2014-10-15,,,7.34,17.211
2014-10-16,,,7.206,17.093
2014-10-17,,,7.318,17.003
2014-10-18,,,,
2014-10-19,,,,
2014-10-20,,,7.438,17.25
2014-10-21,,,8.616,19.45
2014-10-22,,,8.981,20.057
2014-10-23,,,8.963,20.15
2014-10-24,,,8.81,20.11
2014-10-25,,,,
2014-10-26,,,,
2014-10-27,,,9.035,20.793
2014-10-28,,,9.763,23.964
2014-10-29,,,10.106,26.143
2014-10-30,,,9.8,26.129
2014-10-31,,,9.7,25.719
2014-11-01,,,,
2014-11-02,,,,
2014-11-03,,,9.813,26.0
2014-11-04,,,9.91,26.079
2014-11-05,,,9.675,25.657
2014-11-06,,,9.4,24.883
2014-11-07,,,9.356,24.364
2014-11-08,,,,
2014-11-09,,,,
2014-11-10,,,9.663,24.607
2014-11-11,,,9.544,23.55
2014-11-12,,,9.294,22.586
2014-11-13,,,8.721,21.875
2014-11-14,,,8.438,20.593
2014-11-15,,,,
2014-11-16,,,,
2014-11-17,,,8.431,20.257
2014-11-18,,,8.783,20.63
2014-11-19,,,8.963,21.029
2014-11-20,,,8.863,20.871
2014-11-21,,,8.556,20.029
2014-11-22,,,,
2014-11-23,,,,
2014-11-24,,,8.325,19.45
2014-11-25,,,8.656,19.121
2014-11-26,,,8.506,18.707
2014-11-27,,,8.113,18.271
2014-11-28,,,7.894,17.9
2014-11-29,,,,
2014-11-30,,,,
2014-12-01,,,7.575,17.5
2014-12-02,,,7.488,17.279
2014-12-03,,,7.163,17.043
2014-12-04,,,6.713,16.664
2014-12-05,,,6.394,16.129
2014-12-06,,,,
2014-12-07,,,,
2014-12-08,,,6.031,15.843
2014-12-09,,,5.975,15.521
2014-12-10,,,5.731,15.271
2014-12-11,,,5.588,15.021
2014-12-12,,,5.393,14.85
2014-12-13,,,,
2014-12-14,,,,
2014-12-15,,,5.213,14.471
2014-12-16,,,5.213,13.943
2014-12-17,,,5.188,13.079
2014-12-18,,,5.106,12.457
2014-12-19,,,5.034,11.771
2014-12-20,,,,
2014-12-21,,,,
2014-12-22,,,5.03,11.593
2014-12-23,,,5.113,11.471
2014-12-24,,,5.118,11.414
2014-12-25,,,5.123,11.383
2014-12-26,,,5.131,11.385
2014-12-27,,,,
2014-12-28,,,,
2014-12-29,,,5.134,11.354
2014-12-30,,,5.109,11.339
2014-12-31,,,5.069,11.316
2015-01-01,,,,
2015-01-02,,,,
2015-01-03,,,,
2015-01-04,,,,
2015-01-05,,,5.013,11.179
2015-01-06,,,4.894,10.714
2015-01-07,,,4.738,10.386
2015-01-08,,,4.494,10.136
2015-01-09,,,4.269,9.843
2015-01-10,,,,
2015-01-11,,,,
2015-01-12,,,4.238,9.743
2015-01-13,,,4.171,10.364
2015-01-14,,,4.269,10.493
2015-01-15,,,4.211,10.429
2015-01-16,,,4.184,10.564
2015-01-17,,,,
2015-01-18,,,,
2015-01-19,,,4.256,10.664
2015-01-20,,,4.306,11.407
2015-01-21,,,4.45,11.736
2015-01-22,,,4.825,12.336
2015-01-23,,,4.688,12.271
2015-01-24,,,,
2015-01-25,,,,
2015-01-26,,,4.5,11.964
2015-01-27,,,4.381,11.564
2015-01-28,,,4.281,11.3
2015-01-29,,,4.179,10.725
2015-01-30,,,4.131,10.5
2015-01-31,,,,
2015-02-01,,,,
2015-02-02,,,4.081,10.321
2015-02-03,,,4.169,10.229
2015-02-04,,,4.256,10.279
2015-02-05,,,4.313,10.314
2015-02-06,,,4.356,10.779
2015-02-07,,,,
2015-02-08,,,,
2015-02-09,,,4.371,10.864
2015-02-10,,,4.393,10.826
2015-02-11,,,4.556,10.88
2015-02-12,,,4.509,10.611
2015-02-13,,,4.344,10.157
2015-02-14,,,,
2015-02-15,,,,
2015-02-16,,,4.331,10.25
2015-02-17,,,4.365,10.393
2015-02-18,,,,
2015-02-19,,,,
2015-02-20,,,,
2015-02-21,,,,
2015-02-22,,,,
2015-02-23,,,,
2015-02-24,,,,
2015-02-25,,,4.403,10.304
2015-02-26,,,4.437,10.45
2015-02-27,,,4.445,10.496
2015-02-28,,,,
2015-03-01,,,,
2015-03-02,,,4.455,10.451
2015-03-03,,,4.44,10.41
2015-03-04,,,4.441,10.354
2015-03-05,,,4.441,10.354
2015-03-06,,,4.555,10.392
2015-03-07,,,,
2015-03-08,,,,
2015-03-09,,,4.589,10.518
2015-03-10,,,4.57,10.499
2015-03-11,,,4.527,10.524
2015-03-12,,,4.439,10.464
2015-03-13,,,4.397,10.288
2015-03-14,,,,
2015-03-15,,,,
2015-03-16,,,4.42,10.257
2015-03-17,,,4.412,10.22
2015-03-18,,,4.409,10.174
2015-03-19,,,4.431,10.136
2015-03-20,,,4.515,10.166
2015-03-21,,,,
2015-03-22,,,,
2015-03-23,,,4.501,10.156
2015-03-24,,,4.485,10.139
2015-03-25,,,4.478,10.158
2015-03-26,,,4.495,10.194
2015-03-27,,,4.489,10.209
2015-03-28,,,,
2015-03-29,,,,
2015-03-30,,,4.465,10.204
2015-03-31,,,4.495,10.221
2015-04-01,,,4.5,10.174
2015-04-02,,,4.455,10.011
2015-04-03,,,4.442,9.872
2015-04-04,,,,
2015-04-05,,,,
2015-04-06,,,,
2015-04-07,,,4.405,9.818
2015-04-08,,,4.355,9.791
2015-04-09,,,4.38,9.923
2015-04-10,,,4.335,9.994
2015-04-11,,,,
2015-04-12,,,,
2015-04-13,,,4.293,9.993
2015-04-14,,,4.271,9.941
2015-04-15,,,4.302,9.91
2015-04-16,,,4.362,9.901
2015-04-17,,,4.445,9.949
2015-04-18,,,,
2015-04-19,,,,
2015-04-20,,,4.432,10.006
2015-04-21,,,4.446,10.042
2015-04-22,,,4.465,10.072
2015-04-23,,,4.458,10.058
2015-04-24,,,4.443,10.072
2015-04-25,,,,
2015-04-26,,,,
2015-04-27,,,4.448,10.032
2015-04-28,,,4.428,10.029
2015-04-29,,,4.446,10.009
2015-04-30,,,4.439,10.089
2015-05-01,,,,
2015-05-02,,,,
2015-05-03,,,,
2015-05-04,,,4.44,10.174
2015-05-05,,,4.435,10.228
2015-05-06,,,4.441,10.254
2015-05-07,,,4.495,10.378
2015-05-08,,,4.54,10.542
2015-05-09,,,,
2015-05-10,,,,
2015-05-11,,,4.676,10.718
2015-05-12,,,4.932,10.902
2015-05-13,,,5.293,11.383
2015-05-14,,,5.425,12.244
2015-05-15,,,5.209,12.183
2015-05-16,,,,
2015-05-17,,,,
2015-05-18,,,5.057,12.094
2015-05-19,,,5.068,12.013
2015-05-20,,,5.003,11.911
2015-05-21,,,4.964,11.791
2015-05-22,,,4.902,11.566
2015-05-23,,,,
2015-05-24,,,,
2015-05-25,,,4.852,11.363
2015-05-26,,,4.888,11.261
2015-05-27,,,4.994,11.194
2015-05-28,,,5.135,11.144
2015-05-29,,,5.148,11.144
2015-05-30,,,,
2015-05-31,,,,
2015-06-01,,,5.128,11.077
2015-06-02,,,5.125,11.012
2015-06-03,,,5.139,10.99
2015-06-04,,,5.128,10.928
2015-06-05,,,5.105,10.709
2015-06-06,,,,
2015-06-07,,,,
2015-06-08,,,5.048,10.641
2015-06-09,,,4.989,10.587
2015-06-10,,,4.95,10.55
2015-06-11,,,4.919,10.421
2015-06-12,,,4.928,10.326
2015-06-13,,,,
2015-06-14,,,,
2015-06-15,,,4.941,10.278
2015-06-16,,,4.973,10.301
2015-06-17,,,5.145,11.025
2015-06-18,,,5.48,12.588
2015-06-19,,,5.533,12.7
2015-06-20,,,,
2015-06-21,,,,
2015-06-22,,,,
2015-06-23,,,5.48,12.646
2015-06-24,,,5.695,12.869
2015-06-25,,,5.838,13.131
2015-06-26,,,5.705,12.994
2015-06-27,,,,
2015-06-28,,,,
2015-06-29,,,5.555,12.798
2015-06-30,,,5.446,12.518
2015-07-01,,,5.333,12.243
2015-07-02,,,5.145,12.141
2015-07-03,,,5.062,12.043
2015-07-04,,,,
2015-07-05,,,,
2015-07-06,,,5.23,12.094
2015-07-07,,,5.4,12.181
2015-07-08,,,5.37,12.15
2015-07-09,,,5.365,12.238
2015-07-10,,,5.41,12.5
2015-07-11,,,,
2015-07-12,,,,
2015-07-13,,,5.531,12.719
2015-07-14,,,5.665,12.844
2015-07-15,,,5.545,12.813
2015-07-16,,,5.62,13.213
2015-07-17,,,5.704,13.644
2015-07-18,,,,
2015-07-19,,,,
2015-07-20,,,5.775,13.788
2015-07-21,,,5.925,14.265
2015-07-22,,,5.955,14.581
2015-07-23,,,5.826,14.546
2015-07-24,,,5.74,14.671
2015-07-25,,,,
2015-07-26,,,,
2015-07-27,,,5.908,14.85
2015-07-28,,,6.206,14.973
2015-07-29,,,6.325,15.508
2015-07-30,,,6.275,15.82
2015-07-31,,,6.234,16.031
2015-08-01,,,,
2015-08-02,,,,
2015-08-03,,,6.336,16.075
2015-08-04,,,6.96,16.331
2015-08-05,,,7.615,16.506
2015-08-06,,,7.491,16.444
2015-08-07,,,7.275,16.179
2015-08-08,,,,
2015-08-09,,,,
2015-08-10,,,7.27,16.063
2015-08-11,,,7.145,15.838
2015-08-12,,,6.431,14.921
2015-08-13,,,5.89,14.175
2015-08-14,,,5.898,13.946
2015-08-15,,,,
2015-08-16,,,,
2015-08-17,,,6.078,13.931
2015-08-18,,,5.963,13.9
2015-08-19,,,5.79,13.713
2015-08-20,,,5.625,13.363
2015-08-21,,,5.513,12.978
2015-08-22,,,,
2015-08-23,,,,
2015-08-24,,,5.305,12.225
2015-08-25,,,4.878,11.369
2015-08-26,,,4.413,10.256
2015-08-27,,,4.263,9.744
2015-08-28,,,4.328,9.905
2015-08-29,,,,
2015-08-30,,,,
2015-08-31,,,4.623,10.381
2015-09-01,,,4.9,10.85
2015-09-02,,,5.167,11.006
2015-09-03,,,,
2015-09-04,,,,
2015-09-05,,,,
2015-09-06,,,,
2015-09-07,,,5.135,11.184
2015-09-08,,,5.49,11.354
2015-09-09,,,5.566,11.471
2015-09-10,,,5.253,11.188
2015-09-11,,,5.151,11.056
2015-09-12,,,,
2015-09-13,,,,
2015-09-14,,,5.135,10.958
2015-09-15,,,5.112,10.9
2015-09-16,,,5.218,11.055
2015-09-17,,,5.334,11.725
2015-09-18,,,5.921,13.725
2015-09-19,,,,
2015-09-20,,,,
2015-09-21,,,6.223,14.7
2015-09-22,,,5.855,13.956
2015-09-23,,,5.685,13.179
2015-09-24,,,5.785,13.3
2015-09-25,,,5.975,13.7
2015-09-26,,,,
2015-09-27,,,,
2015-09-28,,,6.148,14.094
2015-09-29,,,6.217,14.321
2015-09-30,,,6.04,13.825
2015-10-01,,,,
2015-10-02,,,,
2015-10-03,,,,
2015-10-04,,,,
2015-10-05,,,,
2015-10-06,,,,
2015-10-07,,,,
2015-10-08,,,5.525,11.65
2015-10-09,,,5.437,11.394
2015-10-10,,,,
2015-10-11,,,,
2015-10-12,,,5.51,11.456
2015-10-13,,,5.425,11.538
2015-10-14,,,5.26,11.513
2015-10-15,,,5.0,11.213
2015-10-16,,,4.867,11.075
2015-10-17,,,,
2015-10-18,,,,
2015-10-19,,,4.87,11.144
2015-10-20,,,5.067,11.6
2015-10-21,,,5.206,12.521
2015-10-22,,,5.263,12.57
2015-10-23,,,5.175,12.406
2015-10-24,,,,
2015-10-25,,,,
2015-10-26,,,5.028,11.971
2015-10-27,,,4.84,11.656
2015-10-28,,,4.74,11.278
2015-10-29,,,4.722,11.294
2015-10-30,,,4.749,11.288
2015-10-31,,,,
2015-11-01,,,,
2015-11-02,,,4.751,11.269
2015-11-03,,,4.64,11.015
2015-11-04,,,4.575,10.621
2015-11-05,,,4.555,10.419
2015-11-06,,,4.623,10.363
2015-11-07,,,,
2015-11-08,,,,
2015-11-09,,,4.909,10.081
2015-11-10,,,5.072,9.988
2015-11-11,,,5.0,9.811
2015-11-12,,,4.765,9.514
2015-11-13,,,4.669,9.033
2015-11-14,,,,
2015-11-15,,,,
2015-11-16,,,4.568,8.829
2015-11-17,,,4.494,8.441
2015-11-18,,,4.293,8.219
2015-11-19,,,4.142,8.079
2015-11-20,,,4.043,7.844
2015-11-21,,,,
2015-11-22,,,,
2015-11-23,,,4.06,7.794
2015-11-24,,,4.52,7.968
2015-11-25,,,4.53,8.113
2015-11-26,,,4.695,8.744
2015-11-27,,,4.806,9.319
2015-11-28,,,,
2015-11-29,,,,
2015-11-30,,,4.97,9.638
2015-12-01,,,4.907,9.675
2015-12-02,,,4.52,9.513
2015-12-03,,,4.22,9.26
2015-12-04,,,4.145,9.103
2015-12-05,,,,
2015-12-06,,,,
2015-12-07,,,4.105,9.013
2015-12-08,,,4.11,8.939
2015-12-09,,,4.13,9.169
2015-12-10,,,4.084,9.2
2015-12-11,,,4.04,9.075
2015-12-12,,,,
2015-12-13,,,,
2015-12-14,,,3.953,9.003
2015-12-15,,,3.609,8.65
2015-12-16,,,3.36,8.038
2015-12-17,,,3.265,7.475
2015-12-18,,,3.245,7.363
2015-12-19,,,,
2015-12-20,,,,
2015-12-21,,,3.208,7.189
2015-12-22,,,3.053,6.94
2015-12-23,,,2.975,6.748
2015-12-24,,,2.947,6.653
2015-12-25,,,2.946,6.651
2015-12-26,,,,
2015-12-27,,,,
2015-12-28,,,2.908,6.638
2015-12-29,,,2.935,6.66
2015-12-30,,,2.972,6.684
2015-12-31,,,,
2016-01-01,,,,
2016-01-02,,,,
2016-01-03,,,,
2016-01-04,,,3.14,6.678
2016-01-05,,,3.205,6.714
2016-01-06,,,3.285,6.706
2016-01-07,,,3.26,6.405
2016-01-08,,,3.04,6.285
2016-01-09,,,,
2016-01-10,,,,
2016-01-11,,,2.893,6.194
2016-01-12,,,2.87,5.984
2016-01-13,,,2.87,5.656
2016-01-14,,,2.958,5.611
2016-01-15,,,2.921,5.546
2016-01-16,,,,
2016-01-17,,,,
2016-01-18,,,2.925,5.51
2016-01-19,,,2.959,5.469
2016-01-20,,,2.912,5.356
2016-01-21,,,2.91,5.32
2016-01-22,,,2.977,5.306
2016-01-23,,,,
2016-01-24,,,,
2016-01-25,,,3.068,5.391
2016-01-26,,,3.065,5.444
2016-01-27,,,3.007,5.45
2016-01-28,,,3.006,5.411
2016-01-29,,,3.01,5.37
2016-01-30,,,,
2016-01-31,,,,
2016-02-01,,,3.078,5.375
2016-02-02,,,3.048,5.394
2016-02-03,,,2.966,5.413
2016-02-04,,,2.89,5.453
2016-02-05,,,2.89,5.453
2016-02-06,,,,
2016-02-07,,,,
2016-02-08,,,,
2016-02-09,,,,
2016-02-10,,,,
2016-02-11,,,,
2016-02-12,,,,
2016-02-13,,,,
2016-02-14,,,,
2016-02-15,,,2.868,5.598
2016-02-16,,,2.97,5.651
2016-02-17,,,3.068,5.834
2016-02-18,,,3.074,5.839
2016-02-19,,,3.066,5.815
2016-02-20,,,,
2016-02-21,,,,
2016-02-22,,,3.05,5.784
2016-02-23,,,2.97,5.75
2016-02-24,,,2.897,5.719
2016-02-25,,,2.863,5.691
2016-02-26,,,2.862,5.691
2016-02-27,,,,
2016-02-28,,,,
2016-02-29,,,2.86,5.646
2016-03-01,,,2.899,5.579
2016-03-02,,,2.981,5.544
2016-03-03,,,2.994,5.494
2016-03-04,,,2.951,5.45
2016-03-05,,,,
2016-03-06,,,,
2016-03-07,,,2.939,5.404
2016-03-08,,,2.966,5.431
2016-03-09,,,2.994,5.529
2016-03-10,,,2.959,5.521
2016-03-11,,,2.954,5.541
2016-03-12,,,,
2016-03-13,,,,
2016-03-14,,,2.929,5.575
2016-03-15,,,2.944,5.628
2016-03-16,,,2.953,5.65
2016-03-17,,,2.987,5.645
2016-03-18,,,3.182,5.66
2016-03-19,,,,
2016-03-20,,,,
2016-03-21,,,3.303,5.791
2016-03-22,,,3.165,5.816
2016-03-23,,,3.053,5.748
2016-03-24,,,3.031,5.804
2016-03-25,,,3.026,5.81
2016-03-26,,,,
2016-03-27,,,,
2016-03-28,,,3.028,5.802
2016-03-29,,,3.073,5.763
2016-03-30,,,3.078,5.785
2016-03-31,,,3.223,5.833
2016-04-01,,,3.312,6.127
2016-04-02,,,,
2016-04-03,,,,
2016-04-04,,,,
2016-04-05,,,3.631,6.633
2016-04-06,,,3.553,6.645
2016-04-07,,,3.691,6.779
2016-04-08,,,3.823,6.975
2016-04-09,,,,
2016-04-10,,,,
2016-04-11,,,3.914,7.293
2016-04-12,,,3.835,7.432
2016-04-13,,,3.685,7.386
2016-04-14,,,3.771,7.585
2016-04-15,,,4.109,8.055
2016-04-16,,,,
2016-04-17,,,,
2016-04-18,,,4.275,8.927
2016-04-19,,,4.391,9.277
2016-04-20,,,4.336,9.209
2016-04-21,,,4.1,8.609
2016-04-22,,,4.3,8.959
2016-04-23,,,,
2016-04-24,,,,
2016-04-25,,,4.492,9.005
2016-04-26,,,4.462,8.985
2016-04-27,,,4.4,9.046
2016-04-28,,,4.225,8.937
2016-04-29,,,4.2,8.834
2016-04-30,,,,
2016-05-01,,,,
2016-05-02,,,,
2016-05-03,,,4.157,8.76
2016-05-04,,,3.995,8.527
2016-05-05,,,3.864,8.255
2016-05-06,,,3.754,8.109
2016-05-07,,,,
2016-05-08,,,,
2016-05-09,,,3.672,7.982
2016-05-10,,,3.551,7.714
2016-05-11,,,3.452,7.361
2016-05-12,,,3.537,7.332
2016-05-13,,,3.665,7.64
2016-05-14,,,,
2016-05-15,,,,
2016-05-16,,,3.864,7.955
2016-05-17,,,4.459,8.255
2016-05-18,,,4.547,8.448
2016-05-19,,,4.3,8.227
2016-05-20,,,4.215,8.1
2016-05-21,,,,
2016-05-22,,,,
2016-05-23,,,4.172,8.038
2016-05-24,,,4.225,7.96
2016-05-25,,,4.073,7.85
2016-05-26,,,4.023,7.825
2016-05-27,,,4.149,8.053
2016-05-28,,,,
2016-05-29,,,,
2016-05-30,,,4.241,8.186
2016-05-31,,,4.318,8.295
2016-06-01,,,4.319,8.373
2016-06-02,,,4.315,8.431
2016-06-03,,,4.311,8.886
2016-06-04,,,,
2016-06-05,,,,
2016-06-06,,,4.346,9.041
2016-06-07,,,4.427,9.14
2016-06-08,,,4.665,9.129
2016-06-09,,,,
2016-06-10,,,,
2016-06-11,,,,
2016-06-12,,,,
2016-06-13,,,4.841,9.223
2016-06-14,,,4.97,9.25
2016-06-15,,,4.874,9.238
2016-06-16,,,4.712,9.207
2016-06-17,,,4.675,8.981
2016-06-18,,,,
2016-06-19,,,,
2016-06-20,,,4.481,8.744
2016-06-21,,,4.323,8.709
2016-06-22,,,4.332,8.842
2016-06-23,,,4.4,9.245
2016-06-24,,,4.368,9.281
2016-06-25,,,,
2016-06-26,,,,
2016-06-27,,,4.366,9.3
2016-06-28,,,4.409,9.318
2016-06-29,,,4.474,9.382
2016-06-30,,,4.528,9.411
2016-07-01,,,4.558,9.495
2016-07-02,,,,
2016-07-03,,,,
2016-07-04,,,4.691,9.621
2016-07-05,,,4.736,9.724
2016-07-06,,,4.64,9.548
2016-07-07,,,4.559,9.45
2016-07-08,,,4.55,9.414
2016-07-09,,,,
2016-07-10,,,,
2016-07-11,,,4.557,9.318
2016-07-12,,,4.52,9.209
2016-07-13,,,4.547,9.243
2016-07-14,,,4.562,9.364
2016-07-15,,,4.555,9.418
2016-07-16,,,,
2016-07-17,,,,
2016-07-18,,,4.576,9.295
2016-07-19,,,4.48,9.223
2016-07-20,,,4.277,9.098
2016-07-21,,,4.142,8.97
2016-07-22,,,4.079,8.849
2016-07-23,,,,
2016-07-24,,,,
2016-07-25,,,4.1,8.835
2016-07-26,,,4.078,8.757
2016-07-27,,,3.975,8.693
2016-07-28,,,3.935,8.691
2016-07-29,,,3.891,8.645
2016-07-30,,,,
2016-07-31,,,,
2016-08-01,,,3.875,8.6
2016-08-02,,,3.857,8.634
2016-08-03,,,3.839,8.709
2016-08-04,,,3.843,8.832
2016-08-05,,,3.865,8.894
2016-08-06,,,,
2016-08-07,,,,
2016-08-08,,,3.995,9.013
2016-08-09,,,4.03,9.045
2016-08-10,,,4.085,9.008
2016-08-11,,,4.418,9.048
2016-08-12,,,4.618,9.366
2016-08-13,,,,
2016-08-14,,,,
2016-08-15,,,4.747,9.473
2016-08-16,,,4.814,9.509
2016-08-17,,,4.744,9.376
2016-08-18,,,4.457,9.209
2016-08-19,,,4.333,9.059
2016-08-20,,,,
2016-08-21,,,,
2016-08-22,,,4.35,8.994
2016-08-23,,,4.34,9.058
2016-08-24,,,4.475,9.157
2016-08-25,,,4.59,9.38
2016-08-26,,,4.84,9.791
2016-08-27,,,,
2016-08-28,,,,
2016-08-29,,,4.747,9.738
2016-08-30,,,4.715,9.709
2016-08-31,,,4.628,9.561
2016-09-01,,,4.618,9.644
2016-09-02,,,4.668,9.833
2016-09-03,,,,
2016-09-04,,,,
2016-09-05,,,4.825,10.028
2016-09-06,,,5.025,10.317
2016-09-07,,,5.275,10.883
2016-09-08,,,5.62,11.222
2016-09-09,,,5.715,11.656
2016-09-10,,,,
2016-09-11,,,,
2016-09-12,,,5.827,11.755
2016-09-13,,,5.841,11.744
2016-09-14,,,5.46,11.45
2016-09-15,,,,
2016-09-16,,,,
2016-09-17,,,,
2016-09-18,,,,
2016-09-19,,,6.04,12.194
2016-09-20,,,6.195,12.4
2016-09-21,,,6.177,12.522
2016-09-22,,,6.372,12.625
2016-09-23,,,6.39,12.761
2016-09-24,,,,
2016-09-25,,,,
2016-09-26,,,6.165,12.694
2016-09-27,,,6.055,12.622
2016-09-28,,,5.905,12.328
2016-09-29,,,5.695,12.167
2016-09-30,,,5.49,11.989
2016-10-01,,,,
2016-10-02,,,,
2016-10-03,,,,
2016-10-04,,,,
2016-10-05,,,,
2016-10-06,,,,
2016-10-07,,,,
2016-10-08,,,,
2016-10-09,,,,
2016-10-10,,,6.113,12.614
2016-10-11,,,6.253,12.581
2016-10-12,,,6.18,12.437
2016-10-13,,,5.972,12.255
2016-10-14,,,5.948,12.122
2016-10-15,,,,
2016-10-16,,,,
2016-10-17,,,6.007,12.161
2016-10-18,,,5.974,12.072
2016-10-19,,,5.783,11.633
2016-10-20,,,5.423,11.194
2016-10-21,,,5.206,11.038
2016-10-22,,,,
2016-10-23,,,,
2016-10-24,,,5.18,10.817
2016-10-25,,,5.065,10.194
2016-10-26,,,4.845,9.894
2016-10-27,,,4.715,9.8
2016-10-28,,,4.775,10.005
2016-10-29,,,,
2016-10-30,,,,
2016-10-31,,,5.395,11.217
2016-11-01,,,5.41,11.183
2016-11-02,,,4.955,10.633
2016-11-03,,,5.265,10.783
2016-11-04,,,5.405,11.033
2016-11-05,,,,
2016-11-06,,,,
2016-11-07,,,5.485,11.094
2016-11-08,,,5.74,11.228
2016-11-09,,,5.944,11.626
2016-11-10,,,5.825,11.767
2016-11-11,,,6.367,12.262
2016-11-12,,,,
2016-11-13,,,,
2016-11-14,,,6.335,13.031
2016-11-15,,,6.091,12.965
2016-11-16,,,6.335,12.843
2016-11-17,,,7.035,13.05
2016-11-18,,,7.165,13.289
2016-11-19,,,,
2016-11-20,,,,
2016-11-21,,,7.015,13.203
2016-11-22,,,6.975,13.139
2016-11-23,,,6.935,12.955
2016-11-24,,,6.853,12.739
2016-11-25,,,6.425,12.528
2016-11-26,,,,
2016-11-27,,,,
2016-11-28,,,6.415,12.644
2016-11-29,,,6.532,12.856
2016-11-30,,,6.435,13.05
2016-12-01,,,6.222,12.883
2016-12-02,,,6.08,12.794
2016-12-03,,,,
2016-12-04,,,,
2016-12-05,,,6.24,12.778
2016-12-06,,,6.225,12.739
2016-12-07,,,6.155,12.5
2016-12-08,,,5.556,11.775
2016-12-09,,,5.395,11.306
2016-12-10,,,,
2016-12-11,,,,
2016-12-12,,,5.28,10.533
2016-12-13,,,5.185,10.378
2016-12-14,,,5.14,10.322
2016-12-15,,,4.99,10.317
2016-12-16,,,4.97,10.472
2016-12-17,,,,
2016-12-18,,,,
2016-12-19,,,4.995,10.761
2016-12-20,,,4.968,10.953
2016-12-21,,,4.995,11.217
2016-12-22,,,5.08,11.594
2016-12-23,,,5.35,13.017
2016-12-24,,,,
2016-12-25,,,,
2016-12-26,,,5.43,13.05
2016-12-27,,,5.43,13.05
2016-12-28,,,5.465,12.994
2016-12-29,,,5.45,12.955
2016-12-30,,,5.56,12.933
2016-12-31,,,,
2017-01-01,,,,
2017-01-02,,,,
2017-01-03,,,5.85,12.95
2017-01-04,,,6.148,13.283
2017-01-05,,,6.37,13.828
2017-01-06,,,6.205,13.694
2017-01-07,,,,
2017-01-08,,,,
2017-01-09,,,5.995,13.356
2017-01-10,,,5.885,12.95
2017-01-11,,,5.57,12.517
2017-01-12,,,5.43,11.656
2017-01-13,,,5.495,12.178
2017-01-14,,,,
2017-01-15,,,,
2017-01-16,,,5.58,12.5
2017-01-17,,,5.865,13.089
2017-01-18,,,5.785,13.522
2017-01-19,,,5.838,14.061
2017-01-20,,,5.694,13.807
2017-01-21,,,,
2017-01-22,,,,
2017-01-23,,,5.64,13.517
2017-01-24,,,5.52,13.217
2017-01-25,,,5.268,12.506
2017-01-26,,,5.145,12.356
2017-01-27,,,,
2017-01-28,,,,
2017-01-29,,,,
2017-01-30,,,,
2017-01-31,,,,
2017-02-01,,,,
2017-02-02,,,,
2017-02-03,,,4.872,11.313
2017-02-04,,,,
2017-02-05,,,,
2017-02-06,,,4.821,10.961
2017-02-07,,,4.705,10.667
2017-02-08,,,4.425,10.022
2017-02-09,,,4.43,10.617
2017-02-10,,,4.413,10.65
2017-02-11,,,,
2017-02-12,,,,
2017-02-13,,,4.205,10.544
2017-02-14,,,3.945,10.167
2017-02-15,,,3.88,10.028
2017-02-16,,,4.16,9.894
2017-02-17,,,4.42,10.1
2017-02-18,,,,
2017-02-19,,,,
2017-02-20,,,5.025,10.567
2017-02-21,,,5.232,10.583
2017-02-22,,,5.46,10.75
2017-02-23,,,5.765,11.089
2017-02-24,,,6.005,11.244
2017-02-25,,,,
2017-02-26,,,,
2017-02-27,,,6.01,11.278
2017-02-28,,,5.42,11.25
2017-03-01,,,5.25,10.767
2017-03-02,,,5.995,11.45
2017-03-03,,,6.28,11.856
2017-03-04,,,,
2017-03-05,,,,
2017-03-06,,,6.41,12.444
2017-03-07,,,6.403,13.406
2017-03-08,,,6.433,14.117
2017-03-09,,,6.24,14.239
2017-03-10,,,6.522,14.744
2017-03-11,,,,
2017-03-12,,,,
2017-03-13,,,6.6,14.883
2017-03-14,,,6.57,15.05
2017-03-15,,,6.625,15.633
2017-03-16,,,6.695,15.968
2017-03-17,,,6.88,16.544
2017-03-18,,,,
2017-03-19,,,,
2017-03-20,,,6.943,16.489
2017-03-21,,,6.875,16.356
2017-03-22,,,6.64,16.017
2017-03-23,,,6.49,15.394
2017-03-24,,,6.755,15.828
2017-03-25,,,,
2017-03-26,,,,
2017-03-27,,,7.095,16.517
2017-03-28,,,7.205,16.709
2017-03-29,,,6.953,16.678
2017-03-30,,,6.755,16.489
2017-03-31,,,6.585,16.289
2017-04-01,,,,
2017-04-02,,,,
2017-04-03,,,,
2017-04-04,,,,
2017-04-05,,,6.24,14.856
2017-04-06,,,6.185,14.272
2017-04-07,,,6.165,14.178
2017-04-08,,,,
2017-04-09,,,,
2017-04-10,,,6.15,14.519
2017-04-11,,,6.156,14.888
2017-04-12,,,6.28,15.117
2017-04-13,,,6.252,15.056
2017-04-14,,,6.283,15.031
2017-04-15,,,,
2017-04-16,,,,
2017-04-17,,,6.289,15.033
2017-04-18,,,6.37,14.928
2017-04-19,,,6.31,14.35
2017-04-20,,,6.17,14.111
2017-04-21,,,5.985,13.789
2017-04-22,,,,
2017-04-23,,,,
2017-04-24,,,6.015,13.467
2017-04-25,,,6.23,13.372
2017-04-26,,,6.242,13.433
2017-04-27,,,6.22,13.567
2017-04-28,,,6.14,13.789
2017-04-29,,,,
2017-04-30,,,,
2017-05-01,,,,
2017-05-02,,,5.99,13.783
2017-05-03,,,5.62,13.567
2017-05-04,,,5.498,13.083
2017-05-05,,,5.465,13.028
2017-05-06,,,,
2017-05-07,,,,
2017-05-08,,,5.75,13.233
2017-05-09,,,6.25,13.7
2017-05-10,,,6.26,13.661
2017-05-11,,,6.275,13.856
2017-05-12,,,6.23,14.256
2017-05-13,,,,
2017-05-14,,,,
2017-05-15,,,6.086,14.334
2017-05-16,,,5.945,14.233
2017-05-17,,,5.84,14.106
2017-05-18,,,5.97,14.083
2017-05-19,,,6.11,14.478
2017-05-20,,,,
2017-05-21,,,,
2017-05-22,,,6.165,14.65
2017-05-23,,,6.24,14.856
2017-05-24,,,6.193,14.522
2017-05-25,,,5.97,14.272
2017-05-26,,,5.985,14.15
2017-05-27,,,,
2017-05-28,,,,
2017-05-29,,,,
2017-05-30,,,,
2017-05-31,,,5.975,14.056
2017-06-01,,,5.815,13.867
2017-06-02,,,5.685,13.761
2017-06-03,,,,
2017-06-04,,,,
2017-06-05,,,5.605,13.561
2017-06-06,,,5.715,13.528
2017-06-07,,,5.745,13.367
2017-06-08,,,5.72,13.272
2017-06-09,,,5.78,13.289
2017-06-10,,,,
2017-06-11,,,,
2017-06-12,,,5.84,13.356
2017-06-13,,,5.73,13.111
2017-06-14,,,5.595,12.922
2017-06-15,,,5.41,12.728
2017-06-16,,,5.275,12.517
2017-06-17,,,,
2017-06-18,,,,
2017-06-19,,,5.22,12.339
2017-06-20,,,5.135,11.889
2017-06-21,,,5.065,11.122
2017-06-22,,,4.765,10.75
2017-06-23,,,4.68,10.802
2017-06-24,,,,
2017-06-25,,,,
2017-06-26,,,4.683,11.034
2017-06-27,,,4.717,11.431
2017-06-28,,,5.205,12.117
2017-06-29,,,5.16,12.117
2017-06-30,,,4.995,11.911
2017-07-01,,,,
2017-07-02,,,,
2017-07-03,,,4.955,11.394
2017-07-04,,,4.81,11.111
2017-07-05,,,4.675,11.083
2017-07-06,,,4.535,10.978
2017-07-07,,,4.415,10.828
2017-07-08,,,,
2017-07-09,,,,
2017-07-10,,,4.43,10.767
2017-07-11,,,4.525,10.867
2017-07-12,,,4.715,11.278
2017-07-13,,,5.17,12.272
2017-07-14,,,5.155,12.156
2017-07-15,,,,
2017-07-16,,,,
2017-07-17,,,5.145,12.0
2017-07-18,,,5.175,12.356
2017-07-19,,,5.185,12.589
2017-07-20,,,5.37,12.617
2017-07-21,,,5.44,12.844
2017-07-22,,,,
2017-07-23,,,,
2017-07-24,,,5.63,13.0
2017-07-25,,,5.845,13.167
2017-07-26,,,5.725,13.183
2017-07-27,,,5.535,12.911
2017-07-28,,,5.378,12.844
2017-07-29,,,,
2017-07-30,,,,
2017-07-31,,,5.705,12.944
2017-08-01,,,6.072,13.288
2017-08-02,,,6.42,13.733
2017-08-03,,,6.615,13.978
2017-08-04,,,6.35,14.017
2017-08-05,,,,
2017-08-06,,,,
2017-08-07,,,6.275,14.017
2017-08-08,,,6.2,13.856
2017-08-09,,,6.165,13.917
2017-08-10,,,6.355,14.417
2017-08-11,,,6.66,15.117
2017-08-12,,,,
2017-08-13,,,,
2017-08-14,,,6.9,15.306
2017-08-15,,,6.955,15.511
2017-08-16,,,7.05,16.072
2017-08-17,,,7.34,16.961
2017-08-18,,,7.422,17.244
2017-08-19,,,,
2017-08-20,,,,
2017-08-21,,,7.385,17.267
2017-08-22,,,7.3,17.35
2017-08-23,,,6.922,17.088
2017-08-24,,,6.817,16.825
2017-08-25,,,7.2,16.819
2017-08-26,,,,
2017-08-27,,,,
2017-08-28,,,7.35,16.981
2017-08-29,,,7.322,16.994
2017-08-30,,,6.983,16.606
2017-08-31,,,7.061,16.425
2017-09-01,,,7.139,16.306
2017-09-02,,,,
2017-09-03,,,,
2017-09-04,,,7.194,16.175
2017-09-05,,,7.311,16.381
2017-09-06,,,7.394,16.531
2017-09-07,,,7.617,16.806
2017-09-08,,,7.867,17.088
2017-09-09,,,,
2017-09-10,,,,
2017-09-11,,,7.922,17.15
2017-09-12,,,7.856,17.056
2017-09-13,,,7.811,16.875
2017-09-14,,,8.05,16.969
2017-09-15,,,8.044,17.1
2017-09-16,,,,
2017-09-17,,,,
2017-09-18,,,7.972,17.288
2017-09-19,,,7.85,17.456
2017-09-20,,,7.961,18.225
2017-09-21,,,8.367,18.65
2017-09-22,,,8.35,18.979
2017-09-23,,,,
2017-09-24,,,,
2017-09-25,,,8.178,19.431
2017-09-26,,,7.983,19.481
2017-09-27,,,7.744,19.069
2017-09-28,,,7.561,18.681
2017-09-29,,,7.528,18.363
2017-09-30,,,,
2017-10-01,,,,
2017-10-02,,,,
2017-10-03,,,,
2017-10-04,,,,
2017-10-05,,,,
2017-10-06,,,,
2017-10-07,,,,
2017-10-08,,,,
2017-10-09,,,8.1,18.513
2017-10-10,,,7.956,18.431
2017-10-11,,,7.956,18.256
2017-10-12,,,8.022,17.725
2017-10-13,,,8.122,17.419
2017-10-14,,,,
2017-10-15,,,,
2017-10-16,,,8.567,17.456
2017-10-17,,,8.972,17.6
2017-10-18,,,8.95,17.681
2017-10-19,,,8.8,17.981
2017-10-20,,,8.467,18.125
2017-10-21,,,,
2017-10-22,,,,
2017-10-23,,,8.476,18.113
2017-10-24,,,8.522,18.175
2017-10-25,,,8.278,18.044
2017-10-26,,,8.139,17.888
2017-10-27,,,8.122,17.775
2017-10-28,,,,
2017-10-29,,,,
2017-10-30,,,8.15,17.806
2017-10-31,,,8.172,17.819
2017-11-01,,,7.961,17.819
2017-11-02,,,7.7,17.725
2017-11-03,,,7.55,17.581
2017-11-04,,,,
2017-11-05,,,,
2017-11-06,,,7.667,17.594
2017-11-07,,,7.811,17.75
2017-11-08,,,8.161,18.044
2017-11-09,,,8.3,18.513
2017-11-10,,,8.217,18.929
2017-11-11,,,,
2017-11-12,,,,
2017-11-13,,,8.172,18.988
2017-11-14,,,7.917,18.594
2017-11-15,,,7.717,18.306
2017-11-16,,,7.617,18.181
2017-11-17,,,7.75,17.994
2017-11-18,,,,
2017-11-19,,,,
2017-11-20,,,7.922,18.231
2017-11-21,,,8.106,18.306
2017-11-22,,,8.167,18.406
2017-11-23,,,8.772,18.538
2017-11-24,,,9.022,18.7
2017-11-25,,,,
2017-11-26,,,,
2017-11-27,,,9.217,18.756
2017-11-28,,,9.483,19.325
2017-11-29,,,9.567,19.594
2017-11-30,,,9.694,19.806
2017-12-01,,,9.811,19.95
2017-12-02,,,,
2017-12-03,,,,
2017-12-04,,,9.861,20.713
2017-12-05,,,9.889,21.125
2017-12-06,,,9.706,20.888
2017-12-07,,,9.644,21.056
2017-12-08,,,9.644,21.0
2017-12-09,,,,
2017-12-10,,,,
2017-12-11,,,9.728,21.094
2017-12-12,,,9.867,20.994
2017-12-13,,,9.9,20.956
2017-12-14,,,9.844,20.2
2017-12-15,,,9.794,19.5
2017-12-16,,,,
2017-12-17,,,,
2017-12-18,,,9.811,19.206
2017-12-19,,,9.7,18.475
2017-12-20,,,9.261,17.694
2017-12-21,,,8.339,17.238
2017-12-22,,,7.2,16.956
2017-12-23,,,,
2017-12-24,,,,
2017-12-25,,,7.05,16.956
2017-12-26,,,6.994,16.956
2017-12-27,,,6.461,16.725
2017-12-28,,,5.328,16.2
2017-12-29,,,5.511,16.15
2017-12-30,,,,
2017-12-31,,,,
2018-01-01,,,,
2018-01-02,,,5.711,16.138
2018-01-03,,,6.269,16.356
2018-01-04,,,6.7,16.794
2018-01-05,,,6.956,17.331
2018-01-06,,,,
2018-01-07,,,,
2018-01-08,,,6.906,17.363
2018-01-09,,,6.817,17.338
2018-01-10,,,6.4,16.913
2018-01-11,,,6.176,16.519
2018-01-12,,,5.744,16.125
2018-01-13,,,,
2018-01-14,,,,
2018-01-15,,,6.15,15.981
2018-01-16,,,6.089,15.588
2018-01-17,,,5.922,14.631
2018-01-18,,,5.678,14.006
2018-01-19,,,5.622,14.0
2018-01-20,,,,
2018-01-21,,,,
2018-01-22,,,5.678,14.0
2018-01-23,,,6.194,14.413
2018-01-24,,,6.406,14.875
2018-01-25,,,6.694,15.1
2018-01-26,,,6.839,15.213
2018-01-27,,,,
2018-01-28,,,,
2018-01-29,,,7.083,15.2
2018-01-30,,,6.989,14.769
2018-01-31,,,6.672,14.656
2018-02-01,,,6.533,14.388
2018-02-02,,,6.361,14.506
2018-02-03,,,,
2018-02-04,,,,
2018-02-05,,,6.278,14.731
2018-02-06,,,6.511,14.888
2018-02-07,,,6.689,15.488
2018-02-08,,,6.589,15.856
2018-02-09,,,6.694,16.463
2018-02-10,,,,
2018-02-11,,,,
2018-02-12,,,6.738,16.707
2018-02-13,,,6.783,16.806
2018-02-14,,,6.506,16.619
2018-02-15,,,,
2018-02-16,,,,
2018-02-17,,,,
2018-02-18,,,,
2018-02-19,,,,
2018-02-20,,,,
2018-02-21,,,,
2018-02-22,,,7.078,16.725
2018-02-23,,,7.228,16.806
2018-02-24,,,,
2018-02-25,,,,
2018-02-26,,,7.156,16.744
2018-02-27,,,6.744,16.569
2018-02-28,,,6.4,16.288
2018-03-01,,,6.289,16.138
2018-03-02,,,6.489,16.144
2018-03-03,,,,
2018-03-04,,,,
2018-03-05,,,6.594,16.225
2018-03-06,,,6.644,16.169
2018-03-07,,,6.344,15.806
2018-03-08,,,6.183,15.569
2018-03-09,,,6.444,15.65
2018-03-10,,,,
2018-03-11,,,,
2018-03-12,,,6.428,15.588
2018-03-13,,,6.226,15.325
2018-03-14,,,6.111,15.244
2018-03-15,,,6.111,15.219
2018-03-16,,,6.106,14.975
2018-03-17,,,,
2018-03-18,,,,
2018-03-19,,,6.09,14.931
2018-03-20,,,6.056,14.769
2018-03-21,,,5.972,14.7
2018-03-22,,,5.972,14.719
2018-03-23,,,6.011,14.694
2018-03-24,,,,
2018-03-25,,,,
2018-03-26,,,6.167,14.744
2018-03-27,,,6.356,14.74
2018-03-28,,,5.972,14.381
2018-03-29,,,5.789,14.231
2018-03-30,,,5.767,14.1
2018-03-31,,,,
2018-04-01,,,,
2018-04-02,,,5.783,14.063
2018-04-03,,,5.628,13.881
2018-04-04,,,5.306,13.031
2018-04-05,,,,
2018-04-06,,,,
2018-04-07,,,,
2018-04-08,,,,
2018-04-09,,,5.272,12.763
2018-04-10,,,5.772,12.875
2018-04-11,,,5.956,12.981
2018-04-12,,,5.906,13.013
2018-04-13,,,6.367,13.344
2018-04-14,,,,
2018-04-15,,,,
2018-04-16,,,6.594,13.525
2018-04-17,,,6.389,14.544
2018-04-18,,,6.706,16.125
2018-04-19,,,7.122,17.419
2018-04-20,,,7.1,17.838
2018-04-21,,,,
2018-04-22,,,,
2018-04-23,,,7.244,17.95
2018-04-24,,,7.478,18.113
2018-04-25,,,7.606,18.156
2018-04-26,,,7.583,18.169
2018-04-27,,,7.389,18.063
2018-04-28,,,,
2018-04-29,,,,
2018-04-30,,,,
2018-05-01,,,,
2018-05-02,,,6.96,17.688
2018-05-03,,,7.528,18.408
2018-05-04,,,7.618,18.55
2018-05-05,,,,
2018-05-06,,,,
2018-05-07,,,7.617,18.455
2018-05-08,,,8.032,18.515
2018-05-09,,,,
2018-05-10,,,,
2018-05-11,,,,
2018-05-12,,,,
2018-05-13,,,,
2018-05-14,,,,
2018-05-15,,,,
2018-05-16,,,,
2018-05-17,,,,
2018-05-18,,,,
2018-05-19,,,,
2018-05-20,,,,
2018-05-21,,,,
2018-05-22,,,,
2018-05-23,,,,
2018-05-24,,,,
2018-05-25,,,,
2018-05-26,,,,
2018-05-27,,,,
2018-05-28,,,,
2018-05-29,,,,
2018-05-30,,,,
2018-05-31,,,,
2018-06-01,,,,
2018-06-02,,,,
2018-06-03,,,,
2018-06-04,,,,
2018-06-05,,,,
2018-06-06,,,,
2018-06-07,,,,
2018-06-08,,,,
2018-06-09,,,,
2018-06-10,,,,
2018-06-11,,,,
2018-06-12,,,,
2018-06-13,,,,
2018-06-14,,,,
2018-06-15,,,,
2018-06-16,,,,
2018-06-17,,,,
2018-06-18,,,,
2018-06-19,,,,
2018-06-20,,,,
2018-06-21,,,,
2018-06-22,,,,
2018-06-23,,,,
2018-06-24,,,,
2018-06-25,,,,
2018-06-26,,,,
2018-06-27,,,,
2018-06-28,,,,
2018-06-29,,,,
2018-06-30,,,,
2018-07-01,,,,
2018-07-02,,,,
2018-07-03,,,,
2018-07-04,,,,
2018-07-05,,,,
2018-07-06,,,,
2018-07-07,,,,
2018-07-08,,,,
2018-07-09,,,,
2018-07-10,,,,
2018-07-11,,,,
2018-07-12,,,,
2018-07-13,,,,
2018-07-14,,,,
2018-07-15,,,,
2018-07-16,,,,
2018-07-17,,,,
2018-07-18,,,,
2018-07-19,,,,
2018-07-20,,,,
2018-07-21,,,,
2018-07-22,,,,
2018-07-23,,,,
2018-07-24,,,,
2018-07-25,,,,
2018-07-26,,,,
2018-07-27,,,,
2018-07-28,,,,
2018-07-29,,,,
2018-07-30,,,,
2018-07-31,,,,
2018-08-01,,,,
2018-08-02,,,,
2018-08-03,,,,
2018-08-04,,,,
2018-08-05,,,,
2018-08-06,,,,
2018-08-07,,,,
2018-08-08,,,,
2018-08-09,,,,
2018-08-10,,,,
2018-08-11,,,,
2018-08-12,,,,
2018-08-13,,,,
2018-08-14,,,,
2018-08-15,,,,
2018-08-16,,,,
2018-08-17,,,,
2018-08-18,,,,
2018-08-19,,,,
2018-08-20,,,,
2018-08-21,,,,
2018-08-22,,,,
2018-08-23,,,,
2018-08-24,,,,
2018-08-25,,,,
2018-08-26,,,,
2018-08-27,,,,
2018-08-28,,,,
2018-08-29,,,,
2018-08-30,,,,
2018-08-31,,,,
2018-09-01,,,,
2018-09-02,,,,
2018-09-03,,,,
2018-09-04,,,,
2018-09-05,,,,
2018-09-06,,,,
2018-09-07,,,,
2018-09-08,,,,
2018-09-09,,,,
2018-09-10,,,,
2018-09-11,,,,
2018-09-12,,,,
2018-09-13,,,,
2018-09-14,,,,
2018-09-15,,,,
2018-09-16,,,,
2018-09-17,,,,
2018-09-18,,,,
2018-09-19,,,,
2018-09-20,,,,
2018-09-21,,,,
2018-09-22,,,,
2018-09-23,,,,
2018-09-24,,,,
2018-09-25,,,,
2018-09-26,,,,
2018-09-27,,,,
2018-09-28,,,,
2018-09-29,,,,
2018-09-30,,,,
2018-10-01,,,,
2018-10-02,,,,
2018-10-03,,,,
2018-10-04,,,,
2018-10-05,,,,
2018-10-06,,,,
2018-10-07,,,,
2018-10-08,,,,
2018-10-09,,,,
2018-10-10,,,,
2018-10-11,,,,
2018-10-12,,,,
2018-10-13,,,,
2018-10-14,,,,
2018-10-15,,,,
2018-10-16,,,,
2018-10-17,,,,
2018-10-18,,,,
2018-10-19,,,,
2018-10-20,,,,
2018-10-21,,,,
2018-10-22,,,,
2018-10-23,,,,
2018-10-24,,,,
2018-10-25,,,,
2018-10-26,,,,
2018-10-27,,,,
2018-10-28,,,,
2018-10-29,,,,
2018-10-30,,,,
2018-10-31,,,,
2018-11-01,,,,
2018-11-02,,,,
2018-11-03,,,,
2018-11-04,,,,
2018-11-05,,,,
2018-11-06,,,,
2018-11-07,,,,
2018-11-08,,,,
2018-11-09,,,,
2018-11-10,,,,
2018-11-11,,,,
2018-11-12,,,,
2018-11-13,,,,
2018-11-14,,,,
2018-11-15,,,,
2018-11-16,,,,
2018-11-17,,,,
2018-11-18,,,,
2018-11-19,,,,
2018-11-20,,,,
2018-11-21,,,,
2018-11-22,,,,
2018-11-23,,,,
2018-11-24,,,,
2018-11-25,,,,
2018-11-26,,,,
2018-11-27,,,,
2018-11-28,,,,
2018-11-29,,,,
2018-11-30,,,,
2018-12-01,,,,
2018-12-02,,,,
2018-12-03,,,,
2018-12-04,,,,
2018-12-05,,,,
2018-12-06,,,,
2018-12-07,,,,
2018-12-08,,,,
2018-12-09,,,,
2018-12-10,,,,
2018-12-11,,,,
2018-12-12,,,,
2018-12-13,,,,
2018-12-14,,,,
2018-12-15,,,,
2018-12-16,,,,
2018-12-17,,,,
2018-12-18,,,,
2018-12-19,,,,
2018-12-20,,,,
2018-12-21,,,,
2018-12-22,,,,
2018-12-23,,,,
2018-12-24,,,,
2018-12-25,,,,
2018-12-26,,,,
2018-12-27,,,,
2018-12-28,,,,
2018-12-29,,,,
2018-12-30,,,,
2018-12-31,,,,
2019-01-01,,,,
2019-01-02,,,,
2019-01-03,,,,
2019-01-04,,,,
2019-01-05,,,,
2019-01-06,,,,
2019-01-07,,,,
2019-01-08,,,,
2019-01-09,,,,
2019-01-10,,,,
2019-01-11,,,,
2019-01-12,,,,
2019-01-13,,,,
2019-01-14,,,,
2019-01-15,,,,
2019-01-16,,,,
2019-01-17,,,,
2019-01-18,,,,
2019-01-19,,,,
2019-01-20,,,,
2019-01-21,,,,
2019-01-22,,,,
2019-01-23,,,,
2019-01-24,,,,
2019-01-25,,,,
2019-01-26,,,,
2019-01-27,,,,
2019-01-28,,,,
2019-01-29,,,,
2019-01-30,,,,
2019-01-31,,,,
2019-02-01,,,,
2019-02-02,,,,
2019-02-03,,,,
2019-02-04,,,,
2019-02-05,,,,
2019-02-06,,,,
2019-02-07,,,,
2019-02-08,,,,
2019-02-09,,,,
2019-02-10,,,,
2019-02-11,,,,
2019-02-12,,,,
2019-02-13,,,,
2019-02-14,,,,
2019-02-15,,,,
2019-02-16,,,,
2019-02-17,,,,
2019-02-18,,,,
2019-02-19,,,,
2019-02-20,,,,
2019-02-21,,,,
2019-02-22,,,,
2019-02-23,,,,
2019-02-24,,,,
2019-02-25,,,,
2019-02-26,,,,
2019-02-27,,,,
2019-02-28,,,,
2019-03-01,,,,
2019-03-02,,,,
2019-03-03,,,,
2019-03-04,,,,
2019-03-05,,,,
2019-03-06,,,,
2019-03-07,,,,
2019-03-08,,,,
2019-03-09,,,,
2019-03-10,,,,
2019-03-11,,,,
2019-03-12,,,,
2019-03-13,,,,
2019-03-14,,,,
2019-03-15,,,,
2019-03-16,,,,
2019-03-17,,,,
2019-03-18,,,,
2019-03-19,,,,
2019-03-20,,,,
2019-03-21,,,,
2019-03-22,,,,
2019-03-23,,,,
2019-03-24,,,,
2019-03-25,,,,
2019-03-26,,,,
2019-03-27,,,,
2019-03-28,,,,
2019-03-29,,,,
2019-03-30,,,,
2019-03-31,,,,
2019-04-01,,,,
2019-04-02,,,,
2019-04-03,,,,
2019-04-04,,,,
2019-04-05,,,,
2019-04-06,,,,
2019-04-07,,,,
2019-04-08,,,,
2019-04-09,,,,
2019-04-10,,,,
2019-04-11,,,,
2019-04-12,,,,
2019-04-13,,,,
2019-04-14,,,,
2019-04-15,,,,
2019-04-16,,,,
2019-04-17,,,,
2019-04-18,,,,
2019-04-19,,,,
2019-04-20,,,,
2019-04-21,,,,
2019-04-22,,,,
2019-04-23,,,,
2019-04-24,,,,
2019-04-25,,,,
2019-04-26,,,,
2019-04-27,,,,
2019-04-28,,,,
2019-04-29,,,,
2019-04-30,,,,
2019-05-01,,,,
2019-05-02,,,,
2019-05-03,,,,
2019-05-04,,,,
2019-05-05,,,,
2019-05-06,,,,
2019-05-07,,,,
2019-05-08,,,,
2019-05-09,,,,
2019-05-10,,,,
2019-05-11,,,,
2019-05-12,,,,
2019-05-13,,,,
2019-05-14,,,,
2019-05-15,,,,
2019-05-16,,,,
2019-05-17,,,,
2019-05-18,,,,
2019-05-19,,,,
2019-05-20,,,,
2019-05-21,,,,
2019-05-22,,,,
2019-05-23,,,,
2019-05-24,,,,
2019-05-25,,,,
2019-05-26,,,,
2019-05-27,,,,
2019-05-28,,,,
2019-05-29,,,,
2019-05-30,,,,
2019-05-31,,,,
2019-06-01,,,,
2019-06-02,,,,
2019-06-03,,,,
2019-06-04,,,,
2019-06-05,,,,
2019-06-06,,,,
2019-06-07,,,,
2019-06-08,,,,
2019-06-09,,,,
2019-06-10,,,,
2019-06-11,,,,
2019-06-12,,,,
2019-06-13,,,,
2019-06-14,,,,
2019-06-15,,,,
2019-06-16,,,,
2019-06-17,,,,
2019-06-18,,,,
2019-06-19,,,,
2019-06-20,,,,
2019-06-21,,,,
2019-06-22,,,,
2019-06-23,,,,
2019-06-24,,,,
2019-06-25,,,,
2019-06-26,,,,
2019-06-27,,,,
2019-06-28,,,,
2019-06-29,,,,
2019-06-30,,,,
2019-07-01,,,,
2019-07-02,,,,
2019-07-03,,,,
2019-07-04,,,,
2019-07-05,,,,
2019-07-06,,,,
2019-07-07,,,,
2019-07-08,,,,
2019-07-09,,,,
2019-07-10,,,,
2019-07-11,,,,
2019-07-12,,,,
2019-07-13,,,,
2019-07-14,,,,
2019-07-15,,,,
2019-07-16,,,,
2019-07-17,,,,
2019-07-18,,,,
2019-07-19,,,,
2019-07-20,,,,
2019-07-21,,,,
2019-07-22,,,,
2019-07-23,,,,
2019-07-24,,,,
2019-07-25,,,,
2019-07-26,,,,
2019-07-27,,,,
2019-07-28,,,,
2019-07-29,,,,
2019-07-30,,,,
2019-07-31,,,,
2019-08-01,,,,
2019-08-02,,,,
2019-08-03,,,,
2019-08-04,,,,
2019-08-05,,,,
2019-08-06,,,,
2019-08-07,,,,
2019-08-08,,,,
2019-08-09,,,,
2019-08-10,,,,
2019-08-11,,,,
2019-08-12,,,,
2019-08-13,,,,
2019-08-14,,,,
2019-08-15,,,,
2019-08-16,,,,
2019-08-17,,,,
2019-08-18,,,,
2019-08-19,,,,
2019-08-20,,,,
2019-08-21,,,,
2019-08-22,,,,
2019-08-23,,,,
2019-08-24,,,,
2019-08-25,,,,
2019-08-26,,,,
2019-08-27,,,,
2019-08-28,,,,
2019-08-29,,,,
2019-08-30,,,,
2019-08-31,,,,
2019-09-01,,,,
2019-09-02,,,,
2019-09-03,,,,
2019-09-04,,,,
2019-09-05,,,,
2019-09-06,,,,
2019-09-07,,,,
2019-09-08,,,,
2019-09-09,,,,
2019-09-10,,,,
2019-09-11,,,,
2019-09-12,,,,
2019-09-13,,,,
2019-09-14,,,,
2019-09-15,,,,
2019-09-16,,,,
2019-09-17,,,,
2019-09-18,,,,
2019-09-19,,,,
2019-09-20,,,,
2019-09-21,,,,
2019-09-22,,,,
2019-09-23,,,,
2019-09-24,,,,
2019-09-25,,,,
2019-09-26,,,,
2019-09-27,,,,
2019-09-28,,,,
2019-09-29,,,,
2019-09-30,,,,
2019-10-01,,,,
2019-10-02,,,,
2019-10-03,,,,
2019-10-04,,,,
2019-10-05,,,,
2019-10-06,,,,
2019-10-07,,,,
2019-10-08,,,,
2019-10-09,,,,
2019-10-10,,,,
2019-10-11,,,,
2019-10-12,,,,
2019-10-13,,,,
2019-10-14,,,,
2019-10-15,,,,
2019-10-16,,,,
2019-10-17,,,,
2019-10-18,,,,
2019-10-19,,,,
2019-10-20,,,,
2019-10-21,,,,
2019-10-22,,,,
2019-10-23,,,,
2019-10-24,,,,
2019-10-25,,,,
2019-10-26,,,,
2019-10-27,,,,
2019-10-28,,,,
2019-10-29,,,,
2019-10-30,,,,
2019-10-31,,,,
2019-11-01,,,,
2019-11-02,,,,
2019-11-03,,,,
2019-11-04,,,,
2019-11-05,,,,
2019-11-06,,,,
2019-11-07,,,,
2019-11-08,,,,
2019-11-09,,,,
2019-11-10,,,,
2019-11-11,,,,
2019-11-12,,,,
2019-11-13,,,,
2019-11-14,,,,
2019-11-15,,,,
2019-11-16,,,,
2019-11-17,,,,
2019-11-18,,,,
2019-11-19,,,,
2019-11-20,,,,
2019-11-21,,,,
2019-11-22,,,,
2019-11-23,,,,
2019-11-24,,,,
2019-11-25,,,,
2019-11-26,,,,
2019-11-27,,,,
2019-11-28,,,,
2019-11-29,,,,
2019-11-30,,,,
2019-12-01,,,,
2019-12-02,,,,
2019-12-03,,,,
2019-12-04,,,,
2019-12-05,,,,
2019-12-06,,,,
2019-12-07,,,,
2019-12-08,,,,
2019-12-09,,,,
2019-12-10,,,,
2019-12-11,,,,
2019-12-12,,,,
2019-12-13,,,,
2019-12-14,,,,
2019-12-15,,,,
2019-12-16,,,,
2019-12-17,,,,
2019-12-18,,,,
2019-12-19,,,,
2019-12-20,,,,
2019-12-21,,,,
2019-12-22,,,,
2019-12-23,,,,
2019-12-24,,,,
2019-12-25,,,,
2019-12-26,,,,
2019-12-27,,,,
2019-12-28,,,,
2019-12-29,,,,
2019-12-30,,,,
2019-12-31,,,,
2020-01-01,,,,
2020-01-02,,,,
2020-01-03,,,,
2020-01-04,,,,
2020-01-05,,,,
2020-01-06,,,,
2020-01-07,,,,
2020-01-08,,,,
2020-01-09,,,,
2020-01-10,,,,
2020-01-11,,,,
2020-01-12,,,,
2020-01-13,,,,
2020-01-14,,,,
2020-01-15,,,,
2020-01-16,,,,
2020-01-17,,,,
2020-01-18,,,,
2020-01-19,,,,
2020-01-20,,,,
2020-01-21,,,,
2020-01-22,,,,
2020-01-23,,,,
2020-01-24,,,,
2020-01-25,,,,
2020-01-26,,,,
2020-01-27,,,,
2020-01-28,,,,
2020-01-29,,,,
2020-01-30,,,,
2020-01-31,,,,
2020-02-01,,,,
2020-02-02,,,,
2020-02-03,,,,
2020-02-04,,,,
2020-02-05,,,,
2020-02-06,,,,
2020-02-07,,,,
2020-02-08,,,,
2020-02-09,,,,
2020-02-10,,,,
2020-02-11,,,,
2020-02-12,,,,
2020-02-13,,,,
2020-02-14,,,,
2020-02-15,,,,
2020-02-16,,,,
2020-02-17,,,,
2020-02-18,,,,
2020-02-19,,,,
2020-02-20,,,,
2020-02-21,,,,
2020-02-22,,,,
2020-02-23,,,,
2020-02-24,,,,
2020-02-25,,,,
2020-02-26,,,,
2020-02-27,,,,
2020-02-28,,,,
2020-02-29,,,,
2020-03-01,,,,
2020-03-02,,,,
2020-03-03,,,,
2020-03-04,,,,
2020-03-05,,,,
2020-03-06,,,,
2020-03-07,,,,
2020-03-08,,,,
2020-03-09,,,,
2020-03-10,,,,
2020-03-11,,,,
2020-03-12,,,,
2020-03-13,,,,
2020-03-14,,,,
2020-03-15,,,,
2020-03-16,,,,
2020-03-17,,,,
2020-03-18,,,,
2020-03-19,,,,
2020-03-20,,,,
2020-03-21,,,,
2020-03-22,,,,
2020-03-23,,,,
2020-03-24,,,,
2020-03-25,,,,
2020-03-26,,,,
2020-03-27,,,,
2020-03-28,,,,
2020-03-29,,,,
2020-03-30,,,,
2020-03-31,,,,
2020-04-01,,,,
2020-04-02,,,,
2020-04-03,,,,
2020-04-04,,,,
2020-04-05,,,,
2020-04-06,,,,
2020-04-07,,,,
2020-04-08,,,,
2020-04-09,,,,
2020-04-10,,,,
2020-04-11,,,,
2020-04-12,,,,
2020-04-13,,,,
2020-04-14,,,,
2020-04-15,,,,
2020-04-16,,,,
2020-04-17,,,,
2020-04-18,,,,
2020-04-19,,,,
2020-04-20,,,,
2020-04-21,,,,
2020-04-22,,,,
2020-04-23,,,,
2020-04-24,,,,
2020-04-25,,,,
2020-04-26,,,,
2020-04-27,,,,
2020-04-28,,,,
2020-04-29,,,,
2020-04-30,,,,
2020-05-01,,,,
2020-05-02,,,,
2020-05-03,,,,
2020-05-04,,,,
2020-05-05,,,,
2020-05-06,,,,
2020-05-07,,,,
2020-05-08,,,,
2020-05-09,,,,
2020-05-10,,,,
2020-05-11,,,,
2020-05-12,,,,
2020-05-13,,,,
2020-05-14,,,,
2020-05-15,,,,
2020-05-16,,,,
2020-05-17,,,,
2020-05-18,,,,
2020-05-19,,,,
2020-05-20,,,,
2020-05-21,,,,
2020-05-22,,,,
2020-05-23,,,,
2020-05-24,,,,
2020-05-25,,,,
2020-05-26,,,,
2020-05-27,,,,
2020-05-28,,,,
2020-05-29,,,,
2020-05-30,,,,
2020-05-31,,,,
2020-06-01,,,,
2020-06-02,,,,
2020-06-03,,,,
2020-06-04,,,,
2020-06-05,,,,
2020-06-06,,,,
2020-06-07,,,,
2020-06-08,,,,
2020-06-09,,,,
2020-06-10,,,,
2020-06-11,,,,
2020-06-12,,,,
2020-06-13,,,,
2020-06-14,,,,
2020-06-15,,,,
2020-06-16,,,,
2020-06-17,,,,
2020-06-18,,,,
2020-06-19,,,,
2020-06-20,,,,
2020-06-21,,,,
2020-06-22,,,,
2020-06-23,,,,
2020-06-24,,,,
2020-06-25,,,,
2020-06-26,,,,
2020-06-27,,,,
2020-06-28,,,,
2020-06-29,,,,
2020-06-30,,,,
2020-07-01,,,,
2020-07-02,,,,
2020-07-03,,,,
2020-07-04,,,,
2020-07-05,,,,
2020-07-06,,,,
2020-07-07,,,,
2020-07-08,,,,
2020-07-09,,,,
2020-07-10,,,,
2020-07-11,,,,
2020-07-12,,,,
2020-07-13,,,,
2020-07-14,,,,
2020-07-15,,,,
2020-07-16,,,,
2020-07-17,,,,
2020-07-18,,,,
2020-07-19,,,,
2020-07-20,,,,
2020-07-21,,,,
2020-07-22,,,,
2020-07-23,,,,
2020-07-24,,,,
2020-07-25,,,,
2020-07-26,,,,
2020-07-27,,,,
2020-07-28,,,,
2020-07-29,,,,
2020-07-30,,,,
2020-07-31,,,,
2020-08-01,,,,
2020-08-02,,,,
2020-08-03,,,,
2020-08-04,,,,
2020-08-05,,,,
2020-08-06,,,,
2020-08-07,,,,
2020-08-08,,,,
2020-08-09,,,,
2020-08-10,,,,
2020-08-11,,,,
2020-08-12,,,,
2020-08-13,,,,
2020-08-14,,,,
2020-08-15,,,,
2020-08-16,,,,
2020-08-17,,,,
2020-08-18,,,,
2020-08-19,,,,
2020-08-20,,,,
2020-08-21,,,,
2020-08-22,,,,
2020-08-23,,,,
2020-08-24,,,,
2020-08-25,,,,
2020-08-26,,,,
2020-08-27,,,,
2020-08-28,,,,
2020-08-29,,,,
2020-08-30,,,,
2020-08-31,,,,
2020-09-01,,,,
2020-09-02,,,,
2020-09-03,,,,
2020-09-04,,,,
2020-09-05,,,,
2020-09-06,,,,
2020-09-07,,,,
2020-09-08,,,,
2020-09-09,,,,
2020-09-10,,,,
2020-09-11,,,,
2020-09-12,,,,
2020-09-13,,,,
2020-09-14,,,,
2020-09-15,,,,
2020-09-16,,,,
2020-09-17,,,,
2020-09-18,,,,
2020-09-19,,,,
2020-09-20,,,,
2020-09-21,,,,
2020-09-22,,,,
2020-09-23,,,,
2020-09-24,,,,
2020-09-25,,,,
2020-09-26,,,,
2020-09-27,,,,
2020-09-28,,,,
2020-09-29,,,,
2020-09-30,,,,
2020-10-01,,,,
2020-10-02,,,,
2020-10-03,,,,
2020-10-04,,,,
2020-10-05,,,,
2020-10-06,,,,
2020-10-07,,,,
2020-10-08,,,,
2020-10-09,,,,
2020-10-10,,,,
2020-10-11,,,,
2020-10-12,,,,
2020-10-13,,,,
2020-10-14,,,,
2020-10-15,,,,
2020-10-16,,,,
2020-10-17,,,,
2020-10-18,,,,
2020-10-19,,,,
2020-10-20,,,,
2020-10-21,,,,
2020-10-22,,,,
2020-10-23,,,,
2020-10-24,,,,
2020-10-25,,,,
2020-10-26,,,,
2020-10-27,,,,
2020-10-28,,,,
2020-10-29,,,,
2020-10-30,,,,
2020-10-31,,,,
2020-11-01,,,,
2020-11-02,,,,
2020-11-03,,,,
2020-11-04,,,,
2020-11-05,,,,
2020-11-06,,,,
2020-11-07,,,,
2020-11-08,,,,
2020-11-09,,,,
2020-11-10,,,,
2020-11-11,,,,
2020-11-12,,,,
2020-11-13,,,,
2020-11-14,,,,
2020-11-15,,,,
2020-11-16,,,,
2020-11-17,,,,
2020-11-18,,,,
2020-11-19,,,,
2020-11-20,,,,
2020-11-21,,,,
2020-11-22,,,,
2020-11-23,,,,
2020-11-24,,,,
2020-11-25,,,,
2020-11-26,,,,
2020-11-27,,,,
2020-11-28,,,,
2020-11-29,,,,
2020-11-30,,,,
2020-12-01,,,,
2020-12-02,,,,
2020-12-03,,,,
2020-12-04,,,,
2020-12-05,,,,
2020-12-06,,,,
2020-12-07,,,,
2020-12-08,,,,
2020-12-09,,,,
2020-12-10,,,,
2020-12-11,,,,
2020-12-12,,,,
2020-12-13,,,,
2020-12-14,,,,
2020-12-15,,,,
2020-12-16,,,,
2020-12-17,,,,
2020-12-18,,,,
2020-12-19,,,,
2020-12-20,,,,
2020-12-21,,,,
2020-12-22,,,,
2020-12-23,,,,
2020-12-24,,,,
2020-12-25,,,,
2020-12-26,,,,
2020-12-27,,,,
2020-12-28,,,,
2020-12-29,,,,
2020-12-30,,,,
2020-12-31,,,,
2021-01-01,,,,
2021-01-02,,,,
2021-01-03,,,,
2021-01-04,,,,
2021-01-05,,,,
2021-01-06,,,,
2021-01-07,,,,
2021-01-08,,,,
2021-01-09,,,,
2021-01-10,,,,
2021-01-11,,,,
2021-01-12,,,,
2021-01-13,,,,
2021-01-14,,,,
2021-01-15,,,,
2021-01-16,,,,
2021-01-17,,,,
2021-01-18,,,,
2021-01-19,,,,
2021-01-20,,,,
2021-01-21,,,,
2021-01-22,,,,
2021-01-23,,,,
2021-01-24,,,,
2021-01-25,,,,
2021-01-26,,,,
2021-01-27,,,,
2021-01-28,,,,
2021-01-29,,,,
2021-01-30,,,,
2021-01-31,,,,
2021-02-01,,,,
2021-02-02,,,,
2021-02-03,,,,
2021-02-04,,,,
2021-02-05,,,,
2021-02-06,,,,
2021-02-07,,,,
2021-02-08,,,,
2021-02-09,,,,
2021-02-10,,,,
2021-02-11,,,,
2021-02-12,,,,
2021-02-13,,,,
2021-02-14,,,,
2021-02-15,,,,
2021-02-16,,,,
2021-02-17,,,,
2021-02-18,,,,
2021-02-19,,,,
2021-02-20,,,,
2021-02-21,,,,
2021-02-22,,,,
2021-02-23,,,,
2021-02-24,,,,
2021-02-25,,,,
2021-02-26,,,,
2021-02-27,,,,
2021-02-28,,,,
2021-03-01,,,,
2021-03-02,,,,
2021-03-03,,,,
2021-03-04,,,,
2021-03-05,,,,
2021-03-06,,,,
2021-03-07,,,,
2021-03-08,,,,
2021-03-09,,,,
2021-03-10,,,,
2021-03-11,,,,
2021-03-12,,,,
2021-03-13,,,,
2021-03-14,,,,
2021-03-15,,,,
2021-03-16,,,,
2021-03-17,,,,
2021-03-18,,,,
2021-03-19,,,,
2021-03-20,,,,
2021-03-21,,,,
2021-03-22,,,,
2021-03-23,,,,
2021-03-24,,,,
2021-03-25,,,,
2021-03-26,,,,
2021-03-27,,,,
2021-03-28,,,,
2021-03-29,,,,
2021-03-30,,,,
2021-03-31,,,,
2021-04-01,,,,
2021-04-02,,,,
2021-04-03,,,,
2021-04-04,,,,
2021-04-05,,,,
2021-04-06,,,,
2021-04-07,,,,
2021-04-08,,,,
2021-04-09,,,,
2021-04-10,,,,
2021-04-11,,,,
2021-04-12,,,,
2021-04-13,,,,
2021-04-14,,,,
2021-04-15,,,,
2021-04-16,,,,
2021-04-17,,,,
2021-04-18,,,,
2021-04-19,,,,
2021-04-20,,,,
2021-04-21,,,,
2021-04-22,,,,
2021-04-23,,,,
2021-04-24,,,,
2021-04-25,,,,
2021-04-26,,,,
2021-04-27,,,,
2021-04-28,,,,
2021-04-29,,,,
2021-04-30,,,,
2021-05-01,,,,
2021-05-02,,,,
2021-05-03,,,,
2021-05-04,,,,
2021-05-05,,,,
2021-05-06,,,,
2021-05-07,,,,
2021-05-08,,,,
2021-05-09,,,,
2021-05-10,,,,
2021-05-11,,,,
2021-05-12,,,,
2021-05-13,,,,
2021-05-14,,,,
2021-05-15,,,,
2021-05-16,,,,
2021-05-17,,,,
2021-05-18,,,,
2021-05-19,,,,
2021-05-20,,,,
2021-05-21,,,,
2021-05-22,,,,
2021-05-23,,,,
2021-05-24,,,,
2021-05-25,,,,
2021-05-26,,,,
2021-05-27,,,,
2021-05-28,,,,
2021-05-29,,,,
2021-05-30,,,,
2021-05-31,,,,
2021-06-01,,,,
2021-06-02,,,,
2021-06-03,,,,
2021-06-04,,,,
2021-06-05,,,,
2021-06-06,,,,
2021-06-07,,,,
2021-06-08,,,,
2021-06-09,,,,
2021-06-10,,,,
2021-06-11,,,,
2021-06-12,,,,
2021-06-13,,,,
2021-06-14,,,,
2021-06-15,,,,
2021-06-16,,,,
2021-06-17,,,,
2021-06-18,,,,
2021-06-19,,,,
2021-06-20,,,,
2021-06-21,,,,
2021-06-22,,,,
2021-06-23,,,,
2021-06-24,,,,
2021-06-25,,,,
2021-06-26,,,,
2021-06-27,,,,
2021-06-28,,,,
2021-06-29,,,,
2021-06-30,,,,
2021-07-01,,,,
2021-07-02,,,,
2021-07-03,,,,
2021-07-04,,,,
2021-07-05,,,,
2021-07-06,,,,
2021-07-07,,,,
2021-07-08,,,,
2021-07-09,,,,
2021-07-10,,,,
2021-07-11,,,,
2021-07-12,,,,
2021-07-13,,,,
2021-07-14,,,,
2021-07-15,,,,
2021-07-16,,,,
2021-07-17,,,,
2021-07-18,,,,
2021-07-19,,,,
2021-07-20,,,,
2021-07-21,,,,
2021-07-22,,,,
2021-07-23,,,,
2021-07-24,,,,
2021-07-25,,,,
2021-07-26,,,,
2021-07-27,,,,
2021-07-28,,,,
2021-07-29,,,,
2021-07-30,,,,
2021-07-31,,,,
2021-08-01,,,,
2021-08-02,,,,
2021-08-03,,,,
2021-08-04,,,,
2021-08-05,,,,
2021-08-06,,,,
2021-08-07,,,,
2021-08-08,,,,
2021-08-09,,,,
2021-08-10,,,,
2021-08-11,,,,
2021-08-12,,,,
2021-08-13,,,,
2021-08-14,,,,
2021-08-15,,,,
2021-08-16,,,,
2021-08-17,,,,
2021-08-18,,,,
2021-08-19,,,,
2021-08-20,,,,
2021-08-21,,,,
2021-08-22,,,,
2021-08-23,,,,
2021-08-24,,,,
2021-08-25,,,,
2021-08-26,,,,
2021-08-27,,,,
2021-08-28,,,,
2021-08-29,,,,
2021-08-30,,,,
2021-08-31,,,,
2021-09-01,,,,
2021-09-02,,,,
2021-09-03,,,,
2021-09-04,,,,
2021-09-05,,,,
2021-09-06,,,,
2021-09-07,,,,
2021-09-08,,,,
2021-09-09,,,,
2021-09-10,,,,
2021-09-11,,,,
2021-09-12,,,,
2021-09-13,,,,
2021-09-14,,,,
2021-09-15,,,,
2021-09-16,,,,
2021-09-17,,,,
2021-09-18,,,,
2021-09-19,,,,
2021-09-20,,,,
2021-09-21,,,,
2021-09-22,,,,
2021-09-23,,,,
2021-09-24,,,,
2021-09-25,,,,
2021-09-26,,,,
2021-09-27,,,,
2021-09-28,,,,
2021-09-29,,,,
2021-09-30,,,,
2021-10-01,,,,
2021-10-02,,,,
2021-10-03,,,,
2021-10-04,,,,
2021-10-05,,,,
2021-10-06,,,,
2021-10-07,,,,
2021-10-08,,,,
2021-10-09,,,,
2021-10-10,,,,
2021-10-11,,,,
2021-10-12,,,,
2021-10-13,,,,
2021-10-14,,,,
2021-10-15,,,,
2021-10-16,,,,
2021-10-17,,,,
2021-10-18,,,,
2021-10-19,,,,
2021-10-20,,,,
2021-10-21,,,,
2021-10-22,,,,
2021-10-23,,,,
2021-10-24,,,,
2021-10-25,,,,
2021-10-26,,,,
2021-10-27,,,,
2021-10-28,,,,
2021-10-29,,,,
2021-10-30,,,,
2021-10-31,,,,
2021-11-01,,,,
2021-11-02,,,,
2021-11-03,,,,
2021-11-04,,,,
2021-11-05,,,,
2021-11-06,,,,
2021-11-07,,,,
2021-11-08,,,,
2021-11-09,,,,
2021-11-10,,,,
2021-11-11,,,,
2021-11-12,,,,
2021-11-13,,,,
2021-11-14,,,,
2021-11-15,,,,
2021-11-16,,,,
2021-11-17,,,,
2021-11-18,,,,
2021-11-19,,,,
2021-11-20,,,,
2021-11-21,,,,
2021-11-22,,,,
2021-11-23,,,,
2021-11-24,,,,
2021-11-25,,,,
2021-11-26,,,,
2021-11-27,,,,
2021-11-28,,,,
2021-11-29,,,,
2021-11-30,,,,
2021-12-01,,,,
2021-12-02,,,,
2021-12-03,,,,
2021-12-04,,,,
2021-12-05,,,,
2021-12-06,,,,
2021-12-07,,,,
2021-12-08,,,,
2021-12-09,,,,
2021-12-10,,,,
2021-12-11,,,,
2021-12-12,,,,
2021-12-13,,,,
2021-12-14,,,,
2021-12-15,,,,
2021-12-16,,,,
2021-12-17,,,,
2021-12-18,,,,
2021-12-19,,,,
2021-12-20,,,,
2021-12-21,,,,
2021-12-22,,,,
2021-12-23,,,,
2021-12-24,,,,
2021-12-25,,,,
2021-12-26,,,,
2021-12-27,,,,
2021-12-28,,,,
2021-12-29,,,,
2021-12-30,,,,
2021-12-31,,,,
2022-01-01,,,,
2022-01-02,,,,
2022-01-03,,,,
2022-01-04,,,,
2022-01-05,,,,
2022-01-06,,,,
2022-01-07,,,,
2022-01-08,,,,
2022-01-09,,,,
2022-01-10,,,,
2022-01-11,,,,
2022-01-12,,,,
2022-01-13,,,,
2022-01-14,,,,
2022-01-15,,,,
2022-01-16,,,,
2022-01-17,,,,
2022-01-18,,,,
2022-01-19,,,,
2022-01-20,,,,
2022-01-21,,,,
2022-01-22,,,,
2022-01-23,,,,
2022-01-24,,,,
2022-01-25,,,,
2022-01-26,,,,
2022-01-27,,,,
2022-01-28,,,,
2022-01-29,,,,
2022-01-30,,,,
2022-01-31,,,,
2022-02-01,,,,
2022-02-02,,,,
2022-02-03,,,,
2022-02-04,,,,
2022-02-05,,,,
2022-02-06,,,,
2022-02-07,,,,
2022-02-08,,,,
2022-02-09,,,,
2022-02-10,,,,
2022-02-11,,,,
2022-02-12,,,,
2022-02-13,,,,
2022-02-14,,,,
2022-02-15,,,,
2022-02-16,,,,
2022-02-17,,,,
2022-02-18,,,,
2022-02-19,,,,
2022-02-20,,,,
2022-02-21,,,,
2022-02-22,,,,
2022-02-23,,,,
2022-02-24,,,,
2022-02-25,,,,
2022-02-26,,,,
2022-02-27,,,,
2022-02-28,,,,
2022-03-01,,,,
2022-03-02,,,,
2022-03-03,,,,
2022-03-04,,,,
2022-03-05,,,,
2022-03-06,,,,
2022-03-07,,,,
2022-03-08,,,,
2022-03-09,,,,
2022-03-10,,,,
2022-03-11,,,,
2022-03-12,,,,
2022-03-13,,,,
2022-03-14,,,,
2022-03-15,,,,
2022-03-16,,,,
2022-03-17,,,,
2022-03-18,,,,
2022-03-19,,,,
2022-03-20,,,,
2022-03-21,,,,
2022-03-22,,,,
2022-03-23,,,,
2022-03-24,,,,
2022-03-25,,,,
2022-03-26,,,,
2022-03-27,,,,
2022-03-28,,,,
2022-03-29,,,,
2022-03-30,,,,
2022-03-31,,,,
2022-04-01,,,,
2022-04-02,,,,
2022-04-03,,,,
2022-04-04,,,,
2022-04-05,,,,
2022-04-06,,,,
2022-04-07,,,,
2022-04-08,,,,
2022-04-09,,,,
2022-04-10,,,,
2022-04-11,,,,
2022-04-12,,,,
2022-04-13,,,,
2022-04-14,,,,
2022-04-15,,,,
2022-04-16,,,,
2022-04-17,,,,
2022-04-18,,,,
2022-04-19,,,,
2022-04-20,,,,
2022-04-21,,,,
2022-04-22,,,,
2022-04-23,,,,
2022-04-24,,,,
2022-04-25,,,,
2022-04-26,,,,
2022-04-27,,,,
2022-04-28,,,,
2022-04-29,,,,
2022-04-30,,,,
2022-05-01,,,,
2022-05-02,,,,
2022-05-03,,,,
2022-05-04,,,,
2022-05-05,,,,
2022-05-06,,,,
2022-05-07,,,,
2022-05-08,,,,
2022-05-09,,,,
2022-05-10,,,,
2022-05-11,,,,
2022-05-12,,,,
2022-05-13,,,,
2022-05-14,,,,
2022-05-15,,,,
2022-05-16,,,,
2022-05-17,,,,
2022-05-18,,,,
2022-05-19,,,,
2022-05-20,,,,
2022-05-21,,,,
2022-05-22,,,,
2022-05-23,,,,
2022-05-24,,,,
2022-05-25,,,,
2022-05-26,,,,
2022-05-27,,,,
2022-05-28,,,,
2022-05-29,,,,
2022-05-30,,,,
2022-05-31,,,,
2022-06-01,,,,
2022-06-02,,,,
2022-06-03,,,,
2022-06-04,,,,
2022-06-05,,,,
2022-06-06,,,,
2022-06-07,,,,
2022-06-08,,,,
2022-06-09,,,,
2022-06-10,,,,
2022-06-11,,,,
2022-06-12,,,,
2022-06-13,,,,
2022-06-14,,,,
2022-06-15,,,,
2022-06-16,,,,
2022-06-17,,,,
2022-06-18,,,,
2022-06-19,,,,
2022-06-20,,,,
2022-06-21,,,,
2022-06-22,,,,
2022-06-23,,,,
2022-06-24,,,,
2022-06-25,,,,
2022-06-26,,,,
2022-06-27,,,,
2022-06-28,,,,
2022-06-29,,,,
2022-06-30,,,,
2022-07-01,,,,
2022-07-02,,,,
2022-07-03,,,,
2022-07-04,,,,
2022-07-05,,,,
2022-07-06,,,,
2022-07-07,,,,
2022-07-08,,,,
2022-07-09,,,,
2022-07-10,,,,
2022-07-11,,,,
2022-07-12,,,,
2022-07-13,,,,
2022-07-14,,,,
2022-07-15,,,,
2022-07-16,,,,
2022-07-17,,,,
2022-07-18,,,,
2022-07-19,,,,
2022-07-20,,,,
2022-07-21,,,,
2022-07-22,,,,
2022-07-23,,,,
2022-07-24,,,,
2022-07-25,,,,
2022-07-26,,,,
2022-07-27,,,,
2022-07-28,,,,
2022-07-29,,,,
2022-07-30,,,,
2022-07-31,,,,
2022-08-01,,,,
2022-08-02,,,,
2022-08-03,,,,
2022-08-04,,,,
2022-08-05,,,,
2022-08-06,,,,
2022-08-07,,,,
2022-08-08,,,,
2022-08-09,,,,
2022-08-10,,,,
2022-08-11,,,,
2022-08-12,,,,
2022-08-13,,,,
2022-08-14,,,,
2022-08-15,,,,
2022-08-16,,,,
2022-08-17,,,,
2022-08-18,,,,
2022-08-19,,,,
2022-08-20,,,,
2022-08-21,,,,
2022-08-22,,,,
2022-08-23,,,,
2022-08-24,,,,
2022-08-25,,,,
2022-08-26,,,,
2022-08-27,,,,
2022-08-28,,,,
2022-08-29,,,,
2022-08-30,,,,
2022-08-31,,,,
2022-09-01,,,,
2022-09-02,,,,
2022-09-03,,,,
2022-09-04,,,,
2022-09-05,,,,
2022-09-06,,,,
2022-09-07,,,,
2022-09-08,,,,
2022-09-09,,,,
2022-09-10,,,,
2022-09-11,,,,
2022-09-12,,,,
2022-09-13,,,,
2022-09-14,,,,
2022-09-15,,,,
2022-09-16,,,,
2022-09-17,,,,
2022-09-18,,,,
2022-09-19,,,,
2022-09-20,,,,
2022-09-21,,,,
2022-09-22,,,,
2022-09-23,,,,
2022-09-24,,,,
2022-09-25,,,,
2022-09-26,,,,
2022-09-27,,,,
2022-09-28,,,,
2022-09-29,,,,
2022-09-30,,,,
2022-10-01,,,,
2022-10-02,,,,
2022-10-03,,,,
2022-10-04,,,,
2022-10-05,,,,
2022-10-06,,,,
2022-10-07,,,,
2022-10-08,,,,
2022-10-09,,,,
2022-10-10,,,,
2022-10-11,,,,
2022-10-12,,,,
2022-10-13,,,,
2022-10-14,,,,
2022-10-15,,,,
2022-10-16,,,,
2022-10-17,,,,
2022-10-18,,,,
2022-10-19,,,,
2022-10-20,,,,
2022-10-21,,,,
2022-10-22,,,,
2022-10-23,,,,
2022-10-24,,,,
2022-10-25,,,,
2022-10-26,,,,
2022-10-27,,,,
2022-10-28,,,,
2022-10-29,,,,
2022-10-30,,,,
2022-10-31,,,,
2022-11-01,,,,
2022-11-02,,,,
2022-11-03,,,,
2022-11-04,,,,
2022-11-05,,,,
2022-11-06,,,,
2022-11-07,,,,
2022-11-08,,,,
2022-11-09,,,,
2022-11-10,,,,
2022-11-11,,,,
2022-11-12,,,,
2022-11-13,,,,
2022-11-14,,,,
2022-11-15,,,,
2022-11-16,,,,
2022-11-17,,,,
2022-11-18,,,,
2022-11-19,,,,
2022-11-20,,,,
2022-11-21,,,,
2022-11-22,,,,
2022-11-23,,,,
2022-11-24,,,,
2022-11-25,,,,
2022-11-26,,,,
2022-11-27,,,,
2022-11-28,,,,
2022-11-29,,,,
2022-11-30,,,,
2022-12-01,,,,
2022-12-02,,,,
2022-12-03,,,,
2022-12-04,,,,
2022-12-05,,,,
2022-12-06,,,,
2022-12-07,,,,
2022-12-08,,,,
2022-12-09,19.1,8.83,,
2022-12-10,,,,
2022-12-11,,,,
2022-12-12,18.906,8.335,,
2022-12-13,18.75,8.095,,
2022-12-14,19.533,7.985,,
2022-12-15,20.806,8.655,,
2022-12-16,21.278,8.63,,
2022-12-17,,,,
2022-12-18,,,,
2022-12-19,21.4,8.1,,
2022-12-20,22.194,8.185,,
2022-12-21,23.222,9.095,,
2022-12-22,22.194,8.48,,
2022-12-23,20.072,8.315,,
2022-12-24,,,,
2022-12-25,,,,
2022-12-26,,,,
2022-12-27,,,,
2022-12-28,,,,
2022-12-29,,,,
2022-12-30,,,,
2022-12-31,,,,
2023-01-01,,,,
2023-01-02,,,,
2023-01-03,18.961,7.43,,
2023-01-04,18.544,7.17,,
2023-01-05,18.456,7.205,,
2023-01-06,18.344,7.14,,
2023-01-07,,,,
2023-01-08,,,,
2023-01-09,18.906,7.4,,
2023-01-10,18.583,7.11,,
2023-01-11,18.028,6.99,,
2023-01-12,17.789,7.1,,
2023-01-13,17.708,7.18,,
2023-01-14,,,,
2023-01-15,,,,
2023-01-16,17.828,7.48,,
2023-01-17,17.928,7.19,,
2023-01-18,17.767,6.895,,
2023-01-19,17.3,6.705,,
2023-01-20,16.972,6.65,,
2023-01-21,,,,
2023-01-22,,,,
2023-01-23,16.838,6.645,,
2023-01-24,16.75,6.635,,
2023-01-25,16.739,6.445,,
2023-01-26,16.689,6.28,,
2023-01-27,16.883,6.3,,
2023-01-28,,,,
2023-01-29,,,,
2023-01-30,16.811,6.365,,
2023-01-31,16.75,6.36,,
2023-02-01,16.622,6.33,,
2023-02-02,16.193,6.39,,
2023-02-03,16.06,6.375,,
2023-02-04,,,,
2023-02-05,,,,
2023-02-06,16.0,6.315,,
2023-02-07,16.417,6.26,,
2023-02-08,16.567,6.27,,
2023-02-09,16.611,6.02,,
2023-02-10,16.683,6.2,,
2023-02-11,,,,
2023-02-12,,,,
2023-02-13,16.683,6.325,,
2023-02-14,16.428,6.305,,
2023-02-15,16.3,6.165,,
2023-02-16,16.172,6.077,,
2023-02-17,16.111,6.062,,
2023-02-18,,,,
2023-02-19,,,,
2023-02-20,16.05,6.115,,
2023-02-21,16.072,6.13,,
2023-02-22,16.3,6.295,,
2023-02-23,16.889,6.805,,
2023-02-24,17.067,6.825,,
2023-02-25,,,,
2023-02-26,,,,
2023-02-27,17.122,7.07,,
2023-02-28,17.144,7.073,,
2023-03-01,17.825,7.45,,
2023-03-02,18.122,7.375,,
2023-03-03,18.75,7.75,,
2023-03-04,,,,
2023-03-05,,,,
2023-03-06,19.033,8.09,,
2023-03-07,19.344,8.06,,
2023-03-08,19.367,8.065,,
2023-03-09,19.656,8.27,,
2023-03-10,19.872,8.375,,
2023-03-11,,,,
2023-03-12,,,,
2023-03-13,20.156,8.495,,
2023-03-14,21.422,9.175,,
2023-03-15,21.38,9.083,,
2023-03-16,20.694,8.625,,
2023-03-17,20.589,8.755,,
2023-03-18,,,,
2023-03-19,,,,
2023-03-20,20.622,9.095,,
2023-03-21,20.206,8.85,,
2023-03-22,19.556,8.545,,
2023-03-23,20.178,8.928,,
2023-03-24,20.45,8.85,,
2023-03-25,,,,
2023-03-26,,,,
2023-03-27,20.233,8.41,,
2023-03-28,20.01,7.843,,
2023-03-29,20.833,7.82,,
2023-03-30,20.883,7.885,,
2023-03-31,21.0,7.9,,
2023-04-01,,,,
2023-04-02,,,,
2023-04-03,21.511,8.175,,
2023-04-04,22.222,8.875,,
2023-04-05,22.706,8.77,,
2023-04-06,22.822,8.585,,
2023-04-07,,,,
2023-04-08,,,,
2023-04-09,,,,
2023-04-10,,,,
2023-04-11,22.222,7.985,,
2023-04-12,21.9,8.055,,
2023-04-13,22.028,8.53,,
2023-04-14,22.15,8.18,,
2023-04-15,,,,
2023-04-16,,,,
2023-04-17,21.911,8.085,,
2023-04-18,21.567,7.715,,
2023-04-19,21.183,7.705,,
2023-04-20,21.389,8.065,,
2023-04-21,21.7,8.675,,
2023-04-22,,,,
2023-04-23,,,,
2023-04-24,21.678,8.475,,
2023-04-25,21.756,8.33,,
2023-04-26,22.117,8.54,,
2023-04-27,22.65,9.1,,
2023-04-28,22.728,9.043,,
2023-04-29,,,,
2023-04-30,,,,
2023-05-01,,,,
2023-05-02,22.661,8.885,,
2023-05-03,22.511,8.76,,
2023-05-04,22.344,8.715,,
2023-05-05,22.319,8.91,,
2023-05-06,,,,
2023-05-07,,,,
2023-05-08,,,,
2023-05-09,22.444,9.435,,
2023-05-10,22.556,9.435,,
2023-05-11,22.4,9.18,,
2023-05-12,22.194,8.952,,
2023-05-13,,,,
2023-05-14,,,,
2023-05-15,21.856,8.86,,
2023-05-16,21.411,8.725,,
2023-05-17,21.161,8.795,,
2023-05-18,21.033,8.84,,
2023-05-19,20.794,8.805,,
2023-05-20,,,,
2023-05-21,,,,
2023-05-22,20.656,8.753,,
2023-05-23,20.611,8.85,,
2023-05-24,20.35,8.635,,
2023-05-25,19.972,8.27,,
2023-05-26,19.489,8.36,,
2023-05-27,,,,
2023-05-28,,,,
2023-05-29,,,,
2023-05-30,19.317,8.0,,
2023-05-31,18.567,7.415,,
2023-06-01,18.072,7.55,,
2023-06-02,18.083,7.57,,
2023-06-03,,,,
2023-06-04,,,,
2023-06-05,18.278,7.995,,
2023-06-06,19.175,8.74,,
2023-06-07,19.272,8.55,,
2023-06-08,19.522,8.66,,
2023-06-09,19.7,8.735,,
2023-06-10,,,,
2023-06-11,,,,
2023-06-12,19.861,8.64,,
2023-06-13,20.05,8.535,,
2023-06-14,20.378,8.515,,
2023-06-15,20.461,8.38,,
2023-06-16,20.389,8.125,,
2023-06-17,,,,
2023-06-18,,,,
2023-06-19,20.322,8.06,,
2023-06-20,20.422,7.895,,
2023-06-21,20.822,8.105,,
2023-06-22,21.611,8.51,,
2023-06-23,21.733,8.795,,
2023-06-24,,,,
2023-06-25,,,,
2023-06-26,21.694,8.645,,
2023-06-27,21.122,8.162,,
2023-06-28,20.511,8.21,,
2023-06-29,20.483,8.345,,
2023-06-30,20.711,8.31,,
2023-07-01,,,,
2023-07-02,,,,
2023-07-03,20.767,8.19,,
2023-07-04,20.506,8.15,,
2023-07-05,20.056,7.96,,
2023-07-06,19.967,8.045,,
2023-07-07,20.033,8.068,,
2023-07-08,,,,
2023-07-09,,,,
2023-07-10,19.85,8.305,,
2023-07-11,19.739,8.095,,
2023-07-12,19.894,8.105,,
2023-07-13,20.067,7.98,,
2023-07-14,19.978,7.815,,
2023-07-15,,,,
2023-07-16,,,,
2023-07-17,19.689,7.75,,
2023-07-18,19.528,7.63,,
2023-07-19,19.306,7.495,,
2023-07-20,19.078,7.43,,
2023-07-21,19.117,7.67,,
2023-07-22,,,,
2023-07-23,,,,
2023-07-24,19.128,7.645,,
2023-07-25,19.106,7.545,,
2023-07-26,19.383,7.66,,
2023-07-27,19.572,7.7,,
2023-07-28,19.639,7.745,,
2023-07-29,,,,
2023-07-30,,,,
2023-07-31,19.85,8.04,,
2023-08-01,20.156,8.255,,
2023-08-02,20.089,8.05,,
2023-08-03,20.078,8.28,,
2023-08-04,20.389,8.295,,
2023-08-05,,,,
2023-08-06,,,,
2023-08-07,20.472,8.525,,
2023-08-08,20.494,8.38,,
2023-08-09,20.4,8.315,,
2023-08-10,20.328,8.045,,
2023-08-11,20.3,7.735,,
2023-08-12,,,,
2023-08-13,,,,
2023-08-14,20.289,7.72,,
2023-08-15,20.85,7.595,,
2023-08-16,21.544,8.1,,
2023-08-17,21.444,7.98,,
2023-08-18,21.228,7.84,,
2023-08-19,,,,
2023-08-20,,,,
2023-08-21,20.867,7.74,,
2023-08-22,20.25,7.73,,
2023-08-23,19.856,7.54,,
2023-08-24,19.272,7.29,,
2023-08-25,19.072,7.39,,
2023-08-26,,,,
2023-08-27,,,,
2023-08-28,,,,
2023-08-29,19.133,7.702,,
2023-08-30,18.989,7.505,,
2023-08-31,18.778,7.67,,
2023-09-01,18.672,7.67,,
2023-09-02,,,,
2023-09-03,,,,
2023-09-04,18.822,7.95,,
2023-09-05,18.939,7.79,,
2023-09-06,18.811,7.88,,
2023-09-07,18.95,8.265,,
2023-09-08,19.483,8.262,,
2023-09-09,,,,
2023-09-10,,,,
2023-09-11,19.683,8.3,,
2023-09-12,19.822,8.255,,
2023-09-13,20.067,8.36,,
2023-09-14,20.206,8.56,,
2023-09-15,20.472,8.85,,
2023-09-16,,,,
2023-09-17,,,,
2023-09-18,20.867,9.2,,
2023-09-19,21.633,9.645,,
2023-09-20,22.383,9.47,,
2023-09-21,22.117,9.015,,
2023-09-22,22.372,9.495,,
2023-09-23,,,,
2023-09-24,,,,
2023-09-25,22.556,9.69,,
2023-09-26,23.967,10.22,,
2023-09-27,24.128,10.35,,
2023-09-28,23.338,9.915,,
2023-09-29,23.331,9.87,,
2023-09-30,,,,
2023-10-01,,,,
2023-10-02,23.7,10.43,,
2023-10-03,24.256,10.755,,
2023-10-04,24.322,10.555,,
2023-10-05,24.767,10.655,,
2023-10-06,26.378,11.158,,
2023-10-07,,,,
2023-10-08,,,,
2023-10-09,26.644,11.295,,
2023-10-10,26.178,11.005,,
2023-10-11,25.783,10.5,,
2023-10-12,25.589,10.445,,
2023-10-13,25.733,10.41,,
2023-10-14,,,,
2023-10-15,,,,
2023-10-16,25.911,10.67,,
2023-10-17,26.444,11.03,,
2023-10-18,26.811,11.22,,
2023-10-19,26.4,10.78,,
2023-10-20,25.772,10.7,,
2023-10-21,,,,
2023-10-22,,,,
2023-10-23,25.317,10.655,,
2023-10-24,24.633,10.36,,
2023-10-25,23.778,9.745,,
2023-10-26,22.806,8.92,,
2023-10-27,21.428,8.545,,
2023-10-28,,,,
2023-10-29,,,,
2023-10-30,20.806,8.49,,
2023-10-31,20.839,8.475,,
2023-11-01,20.539,8.175,,
2023-11-02,20.156,8.025,,
2023-11-03,20.833,8.57,,
2023-11-04,,,,
2023-11-05,,,,
2023-11-06,21.311,9.48,,
2023-11-07,21.333,9.895,,
2023-11-08,21.05,9.37,,
2023-11-09,21.583,9.89,,
2023-11-10,21.989,9.995,,
2023-11-11,,,,
2023-11-12,,,,
2023-11-13,22.017,9.99,,
2023-11-14,21.911,9.95,,
2023-11-15,21.928,10.365,,
2023-11-16,22.506,10.67,,
2023-11-17,22.589,10.22,,
2023-11-18,,,,
2023-11-19,,,,
2023-11-20,22.278,9.965,,
2023-11-21,21.789,9.67,,
2023-11-22,21.572,9.16,,
2023-11-23,23.833,9.675,,
2023-11-24,26.433,11.015,,
2023-11-25,,,,
2023-11-26,,,,
2023-11-27,26.972,11.78,,
2023-11-28,26.956,11.195,,
2023-11-29,29.028,12.28,,
2023-11-30,31.628,13.05,,
2023-12-01,34.444,13.105,,
2023-12-02,,,,
2023-12-03,,,,
2023-12-04,35.022,13.745,,
2023-12-05,32.167,12.745,,
2023-12-06,29.417,11.74,,
2023-12-07,27.561,10.45,,
2023-12-08,28.361,11.47,,
2023-12-09,,,,
2023-12-10,,,,
2023-12-11,28.583,12.925,,
2023-12-12,28.417,14.465,,
2023-12-13,26.889,13.69,,
2023-12-14,24.861,14.885,,
2023-12-15,24.506,14.885,,
2023-12-16,,,,
2023-12-17,,,,
2023-12-18,24.389,14.295,,
2023-12-19,24.061,13.67,,
2023-12-20,23.861,12.495,,
2023-12-21,23.856,11.64,,
2023-12-22,24.989,11.185,,
2023-12-23,,,,
2023-12-24,,,,
2023-12-25,,,,
2023-12-26,,,,
2023-12-27,,,,
2023-12-28,,,,
2023-12-29,,,,
2023-12-30,,,,
2023-12-31,,,,
2024-01-01,,,,
2024-01-02,28.306,10.56,,
2024-01-03,29.417,10.08,,
2024-01-04,29.489,9.7,,
2024-01-05,29.397,9.975,,
2024-01-06,,,,
2024-01-07,,,,
2024-01-08,27.044,9.57,,
2024-01-09,25.25,8.565,,
2024-01-10,23.972,8.35,,
2024-01-11,22.689,8.195,,
2024-01-12,22.011,7.965,,
2024-01-13,,,,
2024-01-14,,,,
2024-01-15,20.844,7.82,,
2024-01-16,19.872,7.815,,
2024-01-17,19.556,7.8,,
2024-01-18,21.383,8.14,,
2024-01-19,23.833,8.77,,
2024-01-20,,,,
2024-01-21,,,,
2024-01-22,22.794,8.32,,
2024-01-23,21.461,7.79,,
2024-01-24,21.061,8.155,,
2024-01-25,20.783,7.925,,
2024-01-26,21.311,7.87,,
2024-01-27,,,,
2024-01-28,,,,
2024-01-29,21.311,7.67,,
2024-01-30,20.906,7.485,,
2024-01-31,21.722,7.965,,
2024-02-01,22.15,8.415,,
2024-02-02,22.15,8.475,,
2024-02-03,,,,
2024-02-04,,,,
2024-02-05,22.605,8.755,,
2024-02-06,24.125,9.22,,
2024-02-07,23.425,8.69,,
2024-02-08,23.49,8.235,,
2024-02-09,24.111,9.46,,
2024-02-10,,,,
2024-02-11,,,,
2024-02-12,24.667,9.625,,
2024-02-13,24.575,9.57,,
2024-02-14,24.275,9.26,,
2024-02-15,24.245,9.05,,
2024-02-16,24.195,9.7,,
2024-02-17,,,,
2024-02-18,,,,
2024-02-19,24.125,9.755,,
2024-02-20,23.92,9.485,,
2024-02-21,24.66,9.645,,
2024-02-22,25.65,10.39,,
2024-02-23,26.18,11.205,,
2024-02-24,,,,
2024-02-25,,,,
2024-02-26,26.35,10.95,,
2024-02-27,26.26,11.085,,
2024-02-28,27.465,12.16,,
2024-02-29,27.895,12.77,,
2024-03-01,28.767,13.645,,
2024-03-02,,,,
2024-03-03,,,,
2024-03-04,29.655,14.675,,
2024-03-05,29.575,14.46,,
2024-03-06,28.955,12.9,,
2024-03-07,30.105,13.745,,
2024-03-08,31.26,14.4,,
2024-03-09,,,,
2024-03-10,,,,
2024-03-11,31.63,14.535,,
2024-03-12,30.865,13.125,,
2024-03-13,31.7,12.945,,
2024-03-14,31.115,12.325,,
2024-03-15,30.98,12.24,,
2024-03-16,,,,
2024-03-17,,,,
2024-03-18,30.995,12.805,,
2024-03-19,30.655,13.075,,
2024-03-20,29.965,11.975,,
2024-03-21,29.01,12.155,,
2024-03-22,28.535,12.171,,
2024-03-23,,,,
2024-03-24,,,,
2024-03-25,27.95,11.32,,
2024-03-26,26.65,10.195,,
2024-03-27,25.695,9.515,,
2024-03-28,25.375,10.14,,
2024-03-29,,,,
2024-03-30,,,,
2024-03-31,,,,
2024-04-01,,,,
2024-04-02,23.69,9.64,,
2024-04-03,23.9,9.905,,
2024-04-04,24.05,9.6,,
2024-04-05,24.305,9.215,,
2024-04-06,,,,
2024-04-07,,,,
2024-04-08,24.35,8.955,,
2024-04-09,24.125,8.915,,
2024-04-10,24.95,8.99,,
2024-04-11,25.65,10.355,,
2024-04-12,25.865,10.76,,
2024-04-13,,,,
2024-04-14,,,,
2024-04-15,25.745,10.57,,
2024-04-16,26.41,10.915,,
2024-04-17,26.86,11.66,,
2024-04-18,27.255,11.735,,
2024-04-19,27.04,11.875,,
2024-04-20,,,,
2024-04-21,,,,
2024-04-22,26.43,11.275,,
2024-04-23,25.91,10.835,,
2024-04-24,25.69,10.45,,
2024-04-25,25.28,10.13,,
2024-04-26,25.13,9.915,,
2024-04-27,,,,
2024-04-28,,,,
2024-04-29,24.992,9.58,,
2024-04-30,25.145,9.965,,
2024-05-01,25.15,10.006,,
2024-05-02,25.76,10.445,,
2024-05-03,26.665,10.7,,
2024-05-04,,,,
2024-05-05,,,,
2024-05-06,,,,
2024-05-07,27.505,11.65,,
2024-05-08,27.76,11.86,,
2024-05-09,27.344,11.8,,
2024-05-10,27.05,11.715,,
2024-05-11,,,,
2024-05-12,,,,
2024-05-13,26.175,11.225,,
2024-05-14,25.21,11.07,,
2024-05-15,24.828,10.665,,
2024-05-16,24.78,10.135,,
2024-05-17,25.094,10.656,,
2024-05-18,,,,
2024-05-19,,,,
2024-05-20,25.333,10.511,,
2024-05-21,25.435,10.265,,
2024-05-22,25.16,10.24,,
2024-05-23,24.975,9.805,,
2024-05-24,24.765,10.095,,
2024-05-25,,,,
2024-05-26,,,,
2024-05-27,,,,
2024-05-28,24.375,9.985,,
2024-05-29,24.3,10.1,,
2024-05-30,23.97,10.885,,
2024-05-31,24.255,11.135,,
2024-06-01,,,,
2024-06-02,,,,
2024-06-03,24.515,11.065,,
2024-06-04,24.71,11.105,,
2024-06-05,25.24,11.185,,
2024-06-06,25.506,11.215,,
2024-06-07,25.765,11.245,,
2024-06-08,,,,
2024-06-09,,,,
2024-06-10,26.085,10.875,,
2024-06-11,25.62,10.33,,
2024-06-12,25.535,10.095,,
2024-06-13,26.955,11.02,,
2024-06-14,26.785,10.62,,
2024-06-15,,,,
2024-06-16,,,,
2024-06-17,26.645,10.59,,
2024-06-18,26.595,10.74,,
2024-06-19,26.54,10.635,,
2024-06-20,27.335,11.025,,
2024-06-21,27.375,11.095,,
2024-06-22,,,,
2024-06-23,,,,
2024-06-24,27.29,10.745,,
2024-06-25,27.095,10.265,,
2024-06-26,28.01,10.595,,
2024-06-27,28.815,11.33,,
2024-06-28,29.2,11.165,,
2024-06-29,,,,
2024-06-30,,,,
2024-07-01,32.625,11.48,,
2024-07-02,32.3,12.17,,
2024-07-03,30.29,10.86,,
2024-07-04,29.19,10.745,,
2024-07-05,28.505,10.28,,
2024-07-06,,,,
2024-07-07,,,,
2024-07-08,28.155,10.26,,
2024-07-09,26.98,10.02,,
2024-07-10,26.985,9.935,,
2024-07-11,26.815,10.01,,
2024-07-12,27.13,10.02,,
2024-07-13,,,,
2024-07-14,,,,
2024-07-15,26.78,9.89,,
2024-07-16,26.225,9.2,,
2024-07-17,25.64,9.13,,
2024-07-18,26.135,9.565,,
2024-07-19,26.05,9.725,,
2024-07-20,,,,
2024-07-21,,,,
2024-07-22,25.97,9.705,,
2024-07-23,25.23,9.45,,
2024-07-24,24.91,9.37,,
2024-07-25,24.825,9.54,,
2024-07-26,24.69,9.52,,
2024-07-27,,,,
2024-07-28,,,,
2024-07-29,24.57,9.52,,
2024-07-30,24.405,9.445,,
2024-07-31,23.87,9.335,,
2024-08-01,23.69,9.485,,
2024-08-02,23.62,9.82,,
2024-08-03,,,,
2024-08-04,,,,
2024-08-05,23.67,9.735,,
2024-08-06,23.97,9.715,,
2024-08-07,24.315,9.885,,
2024-08-08,24.485,9.825,,
2024-08-09,24.695,9.88,,
2024-08-10,,,,
2024-08-11,,,,
2024-08-12,24.725,10.038,,
2024-08-13,25.135,10.365,,
2024-08-14,25.55,11.03,,
2024-08-15,25.117,10.375,,
2024-08-16,25.04,10.485,,
2024-08-17,,,,
2024-08-18,,,,
2024-08-19,25.215,10.755,,
2024-08-20,25.405,10.91,,
2024-08-21,25.765,11.185,,
2024-08-22,25.99,11.01,,
2024-08-23,26.28,11.005,,
2024-08-24,,,,
2024-08-25,,,,
2024-08-26,,,,
2024-08-27,26.46,10.985,,
2024-08-28,27.39,11.31,,
2024-08-29,28.14,11.635,,
2024-08-30,28.0,11.3,,
2024-08-31,,,,
2024-09-01,,,,
2024-09-02,28.095,11.785,,
2024-09-03,28.12,11.765,,
2024-09-04,27.74,11.135,,
2024-09-05,27.535,11.455,,
2024-09-06,27.63,11.89,,
2024-09-07,,,,
2024-09-08,,,,
2024-09-09,27.915,11.96,,
2024-09-10,27.775,11.51,,
2024-09-11,27.735,11.73,,
2024-09-12,27.49,11.485,,
2024-09-13,26.995,11.3,,
2024-09-14,,,,
2024-09-15,,,,
2024-09-16,26.706,11.64,,
2024-09-17,26.45,11.8,,
2024-09-18,26.539,11.53,,
2024-09-19,28.225,11.885,,
2024-09-20,28.035,11.685,,
2024-09-21,,,,
2024-09-22,,,,
2024-09-23,28.015,11.775,,
2024-09-24,28.225,11.68,,
2024-09-25,28.26,11.59,,
2024-09-26,28.49,11.59,,
2024-09-27,28.34,11.48,,
2024-09-28,,,,
2024-09-29,,,,
2024-09-30,28.17,11.655,,
2024-10-01,27.75,11.39,,
2024-10-02,27.169,11.095,,
2024-10-03,27.117,10.88,,
2024-10-04,27.095,10.73,,
2024-10-05,,,,
2024-10-06,,,,
2024-10-07,26.945,10.65,,
2024-10-08,26.365,10.055,,
2024-10-09,25.967,9.67,,
2024-10-10,25.725,9.675,,
2024-10-11,25.655,10.025,,
2024-10-12,,,,
2024-10-13,,,,
2024-10-14,25.35,10.25,,
2024-10-15,24.79,9.83,,
2024-10-16,23.96,9.35,,
2024-10-17,22.24,8.75,,
2024-10-18,22.1,8.965,,
2024-10-19,,,,
2024-10-20,,,,
2024-10-21,21.84,8.86,,
2024-10-22,21.14,8.465,,
2024-10-23,20.85,8.715,,
2024-10-24,20.885,8.775,,
2024-10-25,20.905,8.735,,
2024-10-26,,,,
2024-10-27,,,,
2024-10-28,20.85,8.555,,
2024-10-29,20.81,8.74,,
2024-10-30,20.455,8.62,,
2024-10-31,20.425,8.63,,
2024-11-01,20.485,8.605,,
2024-11-02,,,,
2024-11-03,,,,
2024-11-04,20.38,8.82,,
2024-11-05,20.845,9.35,,
2024-11-06,21.135,9.232,,
2024-11-07,21.49,9.425,,
2024-11-08,22.145,9.78,,
2024-11-09,,,,
2024-11-10,,,,
2024-11-11,23.27,10.005,,
2024-11-12,24.535,10.275,,
2024-11-13,24.15,10.19,,
2024-11-14,24.78,10.45,,
2024-11-15,25.775,11.63,,
2024-11-16,,,,
2024-11-17,,,,
2024-11-18,25.675,11.23,,
2024-11-19,24.31,9.825,,
2024-11-20,24.07,10.4,,
2024-11-21,23.77,10.325,,
2024-11-22,23.375,9.96,,
2024-11-23,,,,
2024-11-24,,,,
2024-11-25,23.09,10.145,,
2024-11-26,22.995,10.585,,
2024-11-27,22.01,9.895,,
2024-11-28,20.865,9.36,,
2024-11-29,20.05,8.87,,
2024-11-30,,,,
2024-12-01,,,,
2024-12-02,19.19,8.705,,
2024-12-03,18.93,8.275,,
2024-12-04,18.13,7.65,,
2024-12-05,17.51,7.375,,
2024-12-06,17.48,7.415,,
2024-12-07,,,,
2024-12-08,,,,
2024-12-09,17.56,7.42,,
2024-12-10,17.44,7.3,,
2024-12-11,17.15,6.93,,
2024-12-12,16.205,6.795,,
2024-12-13,16.23,6.99,,
2024-12-14,,,,
2024-12-15,,,,
2024-12-16,16.78,7.34,,
2024-12-17,16.685,6.86,,
2024-12-18,16.464,6.505,,
2024-12-19,16.615,6.245,,
2024-12-20,16.95,6.385,,
2024-12-21,,,,
2024-12-22,,,,
2024-12-23,16.98,6.42,,
2024-12-24,17.015,6.54,,
2024-12-25,,,,
2024-12-26,,,,
2024-12-27,,,,
2024-12-28,,,,
2024-12-29,,,,
2024-12-30,,,,
2024-12-31,,,,
2025-01-01,,,,
2025-01-02,18.035,6.73,,
2025-01-03,18.285,7.275,,
2025-01-04,,,,
2025-01-05,,,,
2025-01-06,17.64,6.84,,
2025-01-07,17.33,6.525,,
2025-01-08,17.08,6.21,,
2025-01-09,17.345,6.11,,
2025-01-10,18.155,6.245,,
2025-01-11,,,,
2025-01-12,,,,
2025-01-13,18.51,6.63,,
2025-01-14,18.215,6.45,,
2025-01-15,18.05,6.54,,
2025-01-16,17.97,6.4,,
2025-01-17,18.005,6.405,,
2025-01-18,,,,
2025-01-19,,,,
2025-01-20,17.885,6.21,,
2025-01-21,17.68,6.255,,
2025-01-22,17.745,6.205,,
2025-01-23,17.48,5.95,,
2025-01-24,17.095,5.85,,
2025-01-25,,,,
2025-01-26,,,,
2025-01-27,17.056,5.79,,
2025-01-28,17.15,5.705,,
2025-01-29,17.222,5.72,,
2025-01-30,17.089,5.885,,
2025-01-31,17.14,6.22,,
2025-02-01,,,,
2025-02-02,,,,
2025-02-03,17.04,6.27,,
2025-02-04,16.92,6.375,,
2025-02-05,16.895,6.705,,
2025-02-06,16.955,6.695,,
2025-02-07,17.16,6.71,,
2025-02-08,,,,
2025-02-09,,,,
2025-02-10,17.165,6.445,,
2025-02-11,17.07,6.36,,
2025-02-12,16.76,6.0,,
2025-02-13,16.685,6.045,,
2025-02-14,16.755,6.03,,
2025-02-15,,,,
2025-02-16,,,,
2025-02-17,16.8,6.015,,
2025-02-18,16.955,6.05,,
2025-02-19,17.25,6.385,,
2025-02-20,17.645,6.34,,
2025-02-21,18.2,6.485,,
2025-02-22,,,,
2025-02-23,,,,
2025-02-24,18.31,6.65,,
2025-02-25,18.66,7.185,,
2025-02-26,19.205,8.2,,
2025-02-27,19.83,8.695,,
2025-02-28,19.875,9.855,,
2025-03-01,,,,
2025-03-02,,,,
2025-03-03,20.067,10.535,,
2025-03-04,19.955,10.455,,
2025-03-05,20.125,9.61,,
2025-03-06,20.955,10.13,,
2025-03-07,22.715,10.095,,
2025-03-08,,,,
2025-03-09,,,,
2025-03-10,22.87,10.075,,
2025-03-11,22.725,10.06,,
2025-03-12,24.05,11.095,,
2025-03-13,24.625,11.58,,
2025-03-14,24.355,10.665,,
2025-03-15,,,,
2025-03-16,,,,
2025-03-17,24.371,10.042,,
2025-03-18,24.115,9.805,,
2025-03-19,24.0,9.675,,
2025-03-20,24.08,9.655,,
2025-03-21,24.485,9.35,,
2025-03-22,,,,
2025-03-23,,,,
2025-03-24,25.0,9.33,,
2025-03-25,24.71,9.03,,
2025-03-26,24.145,8.69,,
2025-03-27,23.68,8.635,,
2025-03-28,23.08,8.655,,
2025-03-29,,,,
2025-03-30,,,,
2025-03-31,23.0,8.675,,
2025-04-01,22.79,8.745,,
2025-04-02,22.45,9.235,,
2025-04-03,22.175,9.35,,
2025-04-04,21.815,8.78,,
2025-04-05,,,,
2025-04-06,,,,
2025-04-07,20.67,7.93,,
2025-04-08,19.805,7.61,,
2025-04-09,18.71,7.265,,
2025-04-10,18.915,7.59,,
2025-04-11,19.185,7.735,,
2025-04-12,,,,
2025-04-13,,,,
2025-04-14,19.31,7.79,,
2025-04-15,18.735,7.56,,
2025-04-16,18.555,7.225,,
2025-04-17,18.825,7.14,,
2025-04-18,,,,
2025-04-19,,,,
2025-04-20,,,,
2025-04-21,,,,
2025-04-22,18.685,7.085,,
2025-04-23,19.02,7.33,,
2025-04-24,19.485,7.755,,
2025-04-25,19.755,7.815,,
2025-04-26,,,,
2025-04-27,,,,
2025-04-28,19.845,8.07,,
2025-04-29,19.695,8.005,,
2025-04-30,19.45,8.025,,
2025-05-01,19.375,8.061,,
2025-05-02,19.345,8.005,,
2025-05-03,,,,
2025-05-04,,,,
2025-05-05,,,,
2025-05-06,19.156,7.9,,
2025-05-07,18.91,7.8,,
2025-05-08,18.405,7.69,,
2025-05-09,18.215,7.49,,
2025-05-10,,,,
2025-05-11,,,,
2025-05-12,18.36,7.56,,
2025-05-13,18.185,7.415,,
2025-05-14,18.155,7.3,,
2025-05-15,18.665,7.47,,
2025-05-16,19.405,8.195,,
2025-05-17,,,,
2025-05-18,,,,
2025-05-19,18.67,7.705,,
2025-05-20,18.27,7.885,,
2025-05-21,18.585,8.215,,
2025-05-22,18.755,8.36,,
2025-05-23,18.835,8.55,,
2025-05-24,,,,
2025-05-25,,,,
2025-05-26,,,,
2025-05-27,19.12,8.27,,
2025-05-28,19.67,8.35,,
2025-05-29,20.106,8.767,,
2025-05-30,22.0,8.945,,
2025-05-31,,,,
2025-06-01,,,,
2025-06-02,21.99,8.965,,
2025-06-03,21.884,9.265,,
2025-06-04,22.3,9.76,,
2025-06-05,24.594,10.544,,
2025-06-06,24.489,10.445,,
2025-06-07,,,,
2025-06-08,,,,
2025-06-09,24.133,10.091,,
2025-06-10,23.41,9.74,,
2025-06-11,24.77,9.51,,
2025-06-12,26.3,10.37,,
2025-06-13,26.63,11.015,,
2025-06-14,,,,
2025-06-15,,,,
2025-06-16,26.6,10.99,,
2025-06-17,26.075,10.42,,
2025-06-18,24.53,9.52,,
2025-06-19,22.85,9.315,,
2025-06-20,22.395,9.24,,
2025-06-21,,,,
2025-06-22,,,,
2025-06-23,22.47,9.175,,
2025-06-24,23.175,8.923,,
2025-06-25,22.55,8.41,,
2025-06-26,21.62,6.88,,
2025-06-27,20.935,6.67,,
2025-06-28,,,,
2025-06-29,,,,
2025-06-30,19.985,6.905,,
2025-07-01,19.415,6.945,,
2025-07-02,18.77,7.06,,
2025-07-03,18.75,7.385,,
2025-07-04,18.672,7.44,,
2025-07-05,,,,
2025-07-06,,,,
2025-07-07,18.605,7.565,,
2025-07-08,18.445,7.515,,
2025-07-09,18.425,7.315,,
2025-07-10,18.82,7.535,,
2025-07-11,19.985,8.22,,
2025-07-12,,,,
2025-07-13,,,,
2025-07-14,20.4,8.138,,
2025-07-15,20.995,8.42,,
2025-07-16,21.455,8.795,,
2025-07-17,22.714,9.745,,
2025-07-18,23.045,9.62,,
2025-07-19,,,,
2025-07-20,,,,
2025-07-21,22.93,9.51,,
2025-07-22,23.115,9.565,,
2025-07-23,23.88,10.05,,
2025-07-24,24.7,10.575,,
2025-07-25,24.745,10.285,,
2025-07-26,,,,
2025-07-27,,,,
2025-07-28,24.585,10.25,,
2025-07-29,24.005,9.952,,
2025-07-30,23.415,9.775,,
2025-07-31,23.805,10.295,,
2025-08-01,24.185,10.67,,
2025-08-02,,,,
2025-08-03,,,,
2025-08-04,23.915,9.915,,
2025-08-05,23.665,9.6,,
2025-08-06,24.135,10.37,,
2025-08-07,24.075,9.985,,
2025-08-08,25.02,10.6,,
2025-08-09,,,,
2025-08-10,,,,
2025-08-11,25.035,10.475,,
2025-08-12,24.925,10.16,,
2025-08-13,25.075,9.975,,
2025-08-14,25.1,10.145,,
2025-08-15,24.872,9.897,,
2025-08-16,,,,
2025-08-17,,,,
2025-08-18,24.51,9.767,,
2025-08-19,24.0,9.195,,
2025-08-20,23.475,9.04,,
2025-08-21,23.269,8.75,,
2025-08-22,23.44,9.395,,
2025-08-23,,,,
2025-08-24,,,,
2025-08-25,,,,
2025-08-26,24.72,10.72,,
2025-08-27,24.71,10.325,,
2025-08-28,24.435,10.025,,
2025-08-29,24.48,10.2,,
2025-08-30,,,,
2025-08-31,,,,
2025-09-01,24.465,10.265,,
2025-09-02,24.265,10.11,,
2025-09-03,23.695,9.952,,
2025-09-04,23.655,10.11,,
2025-09-05,23.57,9.99,,
2025-09-06,,,,
2025-09-07,,,,
2025-09-08,23.675,10.36,,
2025-09-09,24.06,10.51,,
2025-09-10,24.09,10.59,,
2025-09-11,23.71,10.295,,
2025-09-12,23.59,10.245,,
2025-09-13,,,,
2025-09-14,,,,
2025-09-15,23.78,10.62,,
2025-09-16,23.94,10.4,,
2025-09-17,24.03,10.585,,
2025-09-18,24.52,10.955,,
2025-09-19,24.77,10.94,,
2025-09-20,,,,
2025-09-21,,,,
2025-09-22,24.845,10.775,,
2025-09-23,25.015,10.77,,
2025-09-24,25.75,10.815,,
2025-09-25,25.985,11.0,,
2025-09-26,25.935,10.9,,
2025-09-27,,,,
2025-09-28,,,,
2025-09-29,25.755,10.575,,
2025-09-30,24.74,10.095,,
2025-10-01,23.725,9.07,,
2025-10-02,23.52,8.91,,
2025-10-03,23.533,8.975,,
2025-10-04,,,,
2025-10-05,23.533,8.975,,
2025-10-06,23.872,9.295,,
2025-10-07,23.967,9.46,,
2025-10-08,24.05,9.5,,
2025-10-09,23.55,9.39,,
2025-10-10,23.56,9.625,,
2025-10-11,,,,
2025-10-12,,,,
2025-10-13,25.2,12.15,,
2025-10-14,23.709,10.305,,
2025-10-15,23.295,10.165,,
2025-10-16,24.213,10.555,,
2025-10-17,24.523,10.485,,
2025-10-18,,,,
2025-10-19,,,,
2025-10-20,24.518,10.48,,
2025-10-21,24.605,10.69,,
2025-10-22,24.309,10.75,,
2025-10-23,23.659,10.405,,
2025-10-24,22.845,9.705,,
2025-10-25,,,,
2025-10-26,,,,
2025-10-27,22.764,9.625,,
2025-10-28,22.477,9.347,,
2025-10-29,22.773,9.325,,
2025-10-30,23.377,9.515,,
2025-10-31,23.314,9.28,,
2025-11-01,,,,
2025-11-02,,,,
2025-11-03,23.014,9.12,,
2025-11-04,22.991,9.485,,
2025-11-05,23.168,10.085,,
2025-11-06,23.432,10.55,,
2025-11-07,23.418,10.365,,
2025-11-08,,,,
2025-11-09,,,,
2025-11-10,23.305,10.32,,
2025-11-11,23.123,10.245,,
2025-11-12,22.727,9.5,,
2025-11-13,22.777,10.035,,
2025-11-14,23.505,10.295,,
2025-11-15,,,,
2025-11-16,,,,
2025-11-17,23.605,10.315,,
2025-11-18,24.377,10.785,,
2025-11-19,24.727,10.785,,
2025-11-20,24.72,10.785,,
2025-11-21,24.632,10.48,,
2025-11-22,,,,
2025-11-23,,,,
2025-11-24,24.741,10.695,,
2025-11-25,24.745,10.595,,
2025-11-26,24.691,10.96,,
2025-11-27,24.523,11.605,,
2025-11-28,25.091,11.89,,
2025-11-29,,,,
2025-11-30,,,,
2025-12-01,25.282,12.075,,
2025-12-02,25.436,12.21,,
2025-12-03,25.868,12.605,,
2025-12-04,25.718,12.075,,
2025-12-05,25.059,12.02,,
2025-12-06,,,,
2025-12-07,,,,
2025-12-08,24.823,12.115,,
2025-12-09,24.168,11.64,,
2025-12-10,22.764,10.855,,
2025-12-11,22.014,10.13,,
2025-12-12,21.886,10.49,,
2025-12-13,,,,
2025-12-14,,,,
2025-12-15,22.155,10.82,,
2025-12-16,24.995,10.525,,
2025-12-17,24.295,10.365,,
2025-12-18,24.073,10.5,,
2025-12-19,24.177,10.095,,
2025-12-20,,,,
2025-12-21,,,,
2025-12-22,24.214,9.795,,
2025-12-23,23.75,8.745,,
2025-12-24,23.618,8.915,,
2025-12-25,,,,
2025-12-26,,,,
2025-12-27,,,,
2025-12-28,,,,
2025-12-29,,,,
2025-12-30,,,,
2025-12-31,,,,
2026-01-01,,,,
2026-01-02,22.214,8.46,,
2026-01-03,,,,
2026-01-04,,,,
2026-01-05,21.936,8.3,,
2026-01-06,22.2,8.13,,
2026-01-07,21.723,7.99,,
2026-01-08,21.077,7.88,,
2026-01-09,20.823,7.855,,
2026-01-10,,,,
2026-01-11,,,,
2026-01-12,20.786,7.71,,
2026-01-13,20.327,7.515,,
2026-01-14,19.182,7.545,,
2026-01-15,19.259,7.225,,
2026-01-16,19.559,7.45,,
2026-01-17,,,,
2026-01-18,,,,
2026-01-19,20.277,8.11,,
2026-01-20,20.932,8.495,,
2026-01-21,21.95,8.625,,
2026-01-22,21.886,7.78,,
2026-01-23,21.777,7.855,,
2026-01-24,,,,
2026-01-25,,,,
2026-01-26,21.975,7.975,,
2026-01-27,23.95,9.175,,
2026-01-28,24.286,9.015,,
2026-01-29,24.245,8.835,,
2026-01-30,26.218,9.835,,
2026-01-31,,,,
2026-02-01,,,,
2026-02-02,25.868,9.345,,
2026-02-03,24.568,8.505,,
2026-02-04,23.727,8.345,,
2026-02-05,23.55,8.405,,
2026-02-06,23.195,8.435,,
2026-02-07,,,,
2026-02-08,,,,
2026-02-09,22.986,8.067,,
2026-02-10,22.35,7.944,,
2026-02-11,22.864,8.417,,
2026-02-12,24.209,9.378,,
2026-02-13,23.923,9.272,,
2026-02-14,,,,
2026-02-15,,,,
2026-02-16,23.86,9.517,,
2026-02-17,23.825,9.494,,
2026-02-18,23.48,9.45,,
2026-02-19,23.382,9.217,,
2026-02-20,23.855,9.367,,
2026-02-21,,,,
2026-02-22,,,,
2026-02-23,24.323,10.172,,
2026-02-24,24.423,10.174,,
2026-02-25,23.95,9.9,,
2026-02-26,23.468,9.828,,
2026-02-27,23.45,10.239,,
2026-02-28,,,,
2026-03-01,,,,
2026-03-02,23.975,10.489,,
2026-03-03,25.232,11.094,,
2026-03-04,25.955,11.322,,
2026-03-05,25.773,10.522,,
2026-03-06,25.75,9.611,,
2026-03-07,,,,
2026-03-08,,,,
2026-03-09,27.705,12.87,,
2026-03-10,27.964,11.305,,
2026-03-11,27.95,11.67,,
2026-03-12,29.005,12.46,,
2026-03-13,29.395,13.48,,
2026-03-14,,,,
2026-03-15,,,,
2026-03-16,29.795,13.475,,
2026-03-17,29.895,12.725,,
2026-03-18,30.509,12.365,,
2026-03-19,30.732,11.88,,
2026-03-20,30.65,11.71,,
2026-03-21,,,,
2026-03-22,,,,
2026-03-23,30.545,11.65,,
2026-03-24,30.1,11.255,,
2026-03-25,30.25,10.59,,
2026-03-26,30.559,10.6,,
2026-03-27,30.482,10.99,,
2026-03-28,,,,
2026-03-29,,,,
2026-03-30,30.205,10.98,,
2026-03-31,30.123,11.12,,
2026-04-01,30.141,11.55,,
2026-04-02,30.164,11.635,,
2026-04-03,,,,
2026-04-04,,,,
2026-04-05,,,,
2026-04-06,,,,
2026-04-07,30.455,12.01,,
2026-04-08,30.523,12.16,,
2026-04-09,30.114,11.929,,
2026-04-10,30.2,12.02,,
2026-04-11,,,,
2026-04-12,,,,
2026-04-13,30.455,12.39,,
2026-04-14,31.855,13.08,,
2026-04-15,32.441,13.53,,
2026-04-16,32.377,13.28,,
2026-04-17,32.673,13.595,,
2026-04-18,,,,
2026-04-19,,,,
2026-04-20,33.714,13.605,,
2026-04-21,33.395,13.515,,
2026-04-22,33.268,13.25,,
2026-04-23,33.218,12.995,,
2026-04-24,33.068,13.0,,
2026-04-25,,,,
2026-04-26,,,,
2026-04-27,33.032,13.03,,
2026-04-28,33.118,13.2,,
2026-04-29,33.173,13.24,,
2026-04-30,34.455,13.44,,
2026-05-01,35.05,13.667,,
2026-05-02,,,,
2026-05-03,,,,
2026-05-04,,,,
2026-05-05,35.725,14.75,,
2026-05-06,36.909,15.71,,
2026-05-07,36.805,15.715,,
2026-05-08,35.509,15.2,,
2026-05-09,,,,
2026-05-10,,,,
2026-05-11,35.614,15.215,,
2026-05-12,35.736,15.175,,
2026-05-13,37.127,15.89,,
2026-05-14,36.925,15.433,,
2026-05-15,36.8,15.01,,
2026-05-16,,,,
2026-05-17,,,,
2026-05-18,36.605,14.79,,
2026-05-19,36.45,14.94,,
2026-05-20,36.323,15.295,,
2026-05-21,36.15,15.265,,
2026-05-22,,,,
2026-05-23,,,,
2026-05-24,,,,
2026-05-25,,,,
2026-05-26,36.923,16.29,,
2026-05-27,37.368,16.315,,
2026-05-28,37.791,16.87,,
2026-05-29,37.723,16.41,,
2026-05-30,,,,
2026-05-31,,,,
2026-06-01,37.645,16.39,,
2026-06-02,37.591,16.185,,
2026-06-03,36.85,15.27,,
2026-06-04,36.632,14.535,,
2026-06-05,36.5,13.92,,
2026-06-06,,,,
2026-06-07,,,,
2026-06-08,36.255,13.135,,
2026-06-09,35.65,12.18,,
2026-06-10,35.395,12.015,,
2026-06-11,35.977,10.935,,
2026-06-12,35.455,10.89,,
2026-06-13,,,,
2026-06-14,,,,
2026-06-15,34.509,10.76,,
2026-06-16,32.609,10.71,,
2026-06-17,31.75,10.73,,
2026-06-18,31.377,11.515,,
2026-06-19,31.718,12.44,,
2026-06-20,32.15,11.875,,
2026-06-21,,,,
2026-06-22,32.15,11.875,,
2026-06-23,32.361,11.66,,
2026-06-24,31.886,11.295,,
2026-06-25,30.091,10.715,,
2026-06-26,28.332,10.235,,
2026-06-27,,,,
2026-06-28,,,,
2026-06-29,28.082,10.16,,
2026-06-30,28.227,10.37,,
2026-07-01,28.782,10.82,,
2026-07-02,29.673,11.585,,
2026-07-03,30.114,12.245,,
2026-07-04,,,,
2026-07-05,,,,
2026-07-06,31.614,12.77,,
2026-07-07,32.306,13.35,,
2026-07-08,31.91,12.97,,
2026-07-09,32.06,13.225,,
2026-07-10,33.0,13.315,,
2026-07-11,,,,
2026-07-12,,,,
2026-07-13,33.11,13.485,,
2026-07-14,34.605,13.42,,
2026-07-15,34.025,13.295,,
2026-07-16,33.345,12.39,,
2026-07-17,32.717,11.805,,
2026-07-18,,,,
2026-07-19,,,,
2026-07-20,32.105,11.045,,
2026-07-21,32.3,11.17,,
2026-07-22,33.445,11.775,,
2026-07-23,34.135,12.115,,
2026-07-24,34.68,12.855,,
2026-07-25,,,,
2026-07-26,,,,
2026-07-27,34.36,12.625,,
2026-07-28,33.78,12.17,,
2026-07-29,33.035,11.945,,
2026-07-30,33.78,12.4,,
2026-07-31,34.16,13.05,,
2026-08-01,,,,
2026-08-02,,,,
2026-08-03,34.81,14.445,,
2026-08-04,35.51,15.245,,
2026-08-05,36.07,16.295,,
2026-08-06,35.925,15.95,,
2026-08-07,35.705,16.295,,
2026-08-08,,,,
2026-08-09,,,,
2026-08-10,35.573,16.23,,
2020-09-08,16.39,6.964,6.966,16.304
2020-09-09,15.945,6.809,6.907,16.086
2020-09-10,15.63,6.682,6.697,15.699
2020-09-11,15.605,7.0,6.883,15.751
2020-09-12,0.0,0.0,0.0,0.0
2020-09-13,0.0,0.0,0.0,0.0
2020-09-14,15.955,7.373,7.239,15.901
2020-09-15,16.16,7.332,7.374,16.054
2020-09-16,16.215,7.173,7.241,16.164
2020-09-17,16.255,7.032,7.101,16.249
2020-09-18,16.295,7.082,7.042,16.364
2020-09-19,0.0,0.0,0.0,0.0
2020-09-20,0.0,0.0,0.0,0.0
2020-09-21,16.48,7.391,7.174,16.37
2020-09-22,17.355,7.75,7.556,17.12
2020-09-23,18.245,8.441,8.228,17.678
2020-09-24,20.525,8.809,8.655,19.298
2020-09-25,20.58,8.705,8.827,20.453
2020-09-26,0.0,0.0,0.0,0.0
2020-09-27,0.0,0.0,0.0,0.0
2020-09-28,20.365,8.305,8.423,20.259
2020-09-29,20.415,8.436,8.332,20.138
2020-09-30,21.461,8.695,8.658,20.599
2020-10-01,21.6,8.85,0.0,0.0
2020-10-02,23.378,9.773,0.0,0.0
2020-10-03,0.0,0.0,0.0,0.0
2020-10-04,0.0,0.0,0.0,0.0
2020-10-05,23.34,10.636,0.0,0.0
2020-10-06,23.14,11.073,0.0,0.0
2020-10-07,22.46,10.482,0.0,0.0
2020-10-08,21.645,10.205,0.0,0.0
2020-10-09,20.122,9.709,9.655,20.835
2020-10-10,0.0,0.0,0.0,0.0
2020-10-11,0.0,0.0,0.0,0.0
2020-10-12,19.14,9.377,9.49,19.976
2020-10-13,19.03,9.127,9.179,19.269
2020-10-14,18.465,8.364,8.638,18.983
2020-10-15,18.07,7.8,7.964,18.313
2020-10-16,16.53,7.668,7.703,17.301
2020-10-17,0.0,0.0,0.0,0.0
2020-10-18,0.0,0.0,0.0,0.0
2020-10-19,16.04,7.255,7.48,16.175
2020-10-20,15.93,6.945,6.969,15.665
2020-10-21,16.145,7.223,7.123,16.03
2020-10-22,17.375,7.782,7.642,16.766
2020-10-23,17.425,7.823,7.84,17.588
2020-10-24,0.0,0.0,0.0,0.0
2020-10-25,0.0,0.0,0.0,0.0
2020-10-26,17.11,7.659,7.731,17.45
2020-10-27,17.145,7.995,7.679,17.014
2020-10-28,16.64,7.8,7.894,17.05
2020-10-29,15.41,7.068,7.466,16.154
2020-10-30,15.095,7.1,6.991,15.116
2020-10-31,0.0,0.0,0.0,0.0
2020-11-01,0.0,0.0,0.0,0.0
2020-11-02,15.045,7.227,7.152,15.193
2020-11-03,14.925,7.086,7.209,15.071
2020-11-04,14.265,6.955,7.047,14.651
2020-11-05,13.975,6.777,6.847,14.056
2020-11-06,14.16,6.823,6.722,13.988
2020-11-07,0.0,0.0,0.0,0.0
2020-11-08,0.0,0.0,0.0,0.0
2020-11-09,14.38,7.109,6.851,14.094
2020-11-10,14.455,7.091,7.166,14.389
2020-11-11,13.73,6.564,6.743,14.231
2020-11-12,13.635,6.523,6.539,13.634
2020-11-13,13.705,6.55,6.55,13.7
2020-11-14,0.0,0.0,0.0,0.0
2020-11-15,0.0,0.0,0.0,0.0
2020-11-16,13.69,6.577,6.561,13.75
2020-11-17,13.62,6.545,6.573,13.715
2020-11-18,13.535,6.75,6.649,13.6
2020-11-19,13.495,6.905,6.796,13.531
2020-11-20,13.425,6.973,6.947,13.451
2020-11-21,0.0,0.0,0.0,0.0
2020-11-22,0.0,0.0,0.0,0.0
2020-11-23,13.475,7.159,7.034,13.521
2020-11-24,13.365,6.959,7.089,13.456
2020-11-25,13.535,7.0,6.951,13.366
2020-11-26,13.7,7.123,7.129,13.53
2020-11-27,13.815,7.118,7.12,13.754
2020-11-28,0.0,0.0,0.0,0.0
2020-11-29,0.0,0.0,0.0,0.0
2020-11-30,13.735,7.009,7.095,13.769
2020-12-01,13.625,6.714,6.88,13.624
2020-12-02,13.325,6.745,6.718,13.525
2020-12-03,12.6,7.277,6.767,13.263
2020-12-04,12.36,7.795,7.446,12.651
2020-12-05,0.0,0.0,0.0,0.0
2020-12-06,0.0,0.0,0.0,0.0
2020-12-07,11.795,7.295,7.688,12.326
2020-12-08,11.575,6.682,6.876,11.838
2020-12-09,11.85,6.455,6.48,11.534
2020-12-10,12.33,6.755,6.605,11.793
2020-12-11,13.065,6.991,6.894,12.589
2020-12-12,0.0,0.0,0.0,0.0
2020-12-13,0.0,0.0,0.0,0.0
2020-12-14,13.665,6.909,6.964,13.208
2020-12-15,14.94,6.85,6.862,13.953
2020-12-16,15.04,6.973,6.866,14.999
2020-12-17,15.075,7.095,6.997,15.038
2020-12-18,15.64,7.236,7.092,15.629
2020-12-19,0.0,0.0,0.0,0.0
2020-12-20,0.0,0.0,0.0,0.0
2020-12-21,15.715,7.264,7.193,15.705
2020-12-22,15.91,7.532,7.344,15.815
2020-12-23,16.09,8.132,7.86,16.021
2020-12-24,16.085,8.141,8.146,16.118
2020-12-25,16.115,8.145,8.145,16.115
2020-12-26,0.0,0.0,0.0,0.0
2020-12-27,0.0,0.0,0.0,0.0
2020-12-28,15.939,7.768,7.768,15.939
2020-12-29,15.035,7.117,7.117,15.035
2020-12-30,14.973,7.078,7.078,14.973
2020-12-31,15.214,7.49,7.49,15.214
2021-01-01,0.0,0.0,0.0,0.0
2021-01-02,0.0,0.0,0.0,0.0
2021-01-03,0.0,0.0,0.0,0.0
2021-01-04,15.74,8.309,7.934,15.308
2021-01-05,15.62,8.873,8.584,15.628
2021-01-06,15.455,8.777,8.783,15.636
2021-01-07,21.965,9.632,8.943,15.679
2021-01-08,17.33,9.336,8.989,15.998
2021-01-09,0.0,0.0,0.0,0.0
2021-01-10,0.0,0.0,0.0,0.0
2021-01-11,19.275,9.986,9.659,17.881
2021-01-12,20.925,10.511,10.333,20.776
2021-01-13,20.58,10.227,10.367,21.093
2021-01-14,19.87,9.336,9.794,20.041
2021-01-15,19.56,8.814,9.079,19.378
2021-01-16,0.0,0.0,0.0,0.0
2021-01-17,0.0,0.0,0.0,0.0
2021-01-18,19.47,8.536,8.839,19.386
2021-01-19,19.685,8.305,8.437,19.545
2021-01-20,19.845,7.882,8.193,19.763
2021-01-21,19.665,8.009,7.778,19.941
2021-01-22,19.245,7.873,7.998,19.49
2021-01-23,0.0,0.0,0.0,0.0
2021-01-24,0.0,0.0,0.0,0.0
2021-01-25,18.46,7.6,7.779,19.135
2021-01-26,17.765,6.914,7.125,18.113
2021-01-27,17.315,6.477,6.773,17.328
2021-01-28,16.975,6.245,6.361,16.91
2021-01-29,17.245,6.145,6.131,16.81
2021-01-30,0.0,0.0,0.0,0.0
2021-01-31,0.0,0.0,0.0,0.0
2021-02-01,17.32,6.114,6.171,17.373
2021-02-02,16.545,5.927,6.041,16.565
2021-02-03,16.6,5.905,5.903,16.193
2021-02-04,16.62,5.936,5.93,16.729
2021-02-05,16.52,6.009,5.991,16.754
2021-02-06,0.0,0.0,0.0,0.0
2021-02-07,0.0,0.0,0.0,0.0
2021-02-08,15.86,5.927,6.022,16.55
2021-02-09,15.265,5.791,5.89,15.603
2021-02-10,15.06,5.745,5.792,15.415
2021-02-11,14.883,5.727,0.0,0.0
2021-02-12,14.906,5.827,0.0,0.0
2021-02-13,0.0,0.0,0.0,0.0
2021-02-14,0.0,0.0,0.0,0.0
2021-02-15,15.085,6.023,0.0,0.0
2021-02-16,16.58,6.7,0.0,0.0
2021-02-17,18.45,8.4,0.0,0.0
2021-02-18,17.74,8.005,8.277,18.229
2021-02-19,17.375,7.05,7.356,17.454
2021-02-20,0.0,0.0,0.0,0.0
2021-02-21,0.0,0.0,0.0,0.0
2021-02-22,17.385,6.936,7.008,17.24
2021-02-23,16.975,6.741,6.879,17.163
2021-02-24,16.05,6.745,6.692,16.688
2021-02-25,15.48,7.282,7.123,15.998
2021-02-26,15.49,7.168,7.294,15.503
2021-02-27,0.0,0.0,0.0,0.0
2021-02-28,0.0,0.0,0.0,0.0
2021-03-01,15.511,7.155,7.114,15.535
2021-03-02,15.74,7.418,7.196,15.575
2021-03-03,16.51,8.445,8.012,15.939
2021-03-04,16.25,8.35,8.453,16.561
2021-03-05,16.78,8.959,8.599,16.46
2021-03-06,0.0,0.0,0.0,0.0
2021-03-07,0.0,0.0,0.0,0.0
2021-03-08,17.345,8.959,8.905,16.844
2021-03-09,18.235,9.397,9.217,17.441
2021-03-10,20.07,9.623,9.468,18.916
2021-03-11,19.28,9.286,9.339,19.668
2021-03-12,18.55,9.155,9.222,19.151
2021-03-13,0.0,0.0,0.0,0.0
2021-03-14,0.0,0.0,0.0,0.0
2021-03-15,18.83,9.295,9.083,18.61
2021-03-16,19.07,9.214,9.313,19.125
2021-03-17,20.315,9.255,9.226,19.111
2021-03-18,21.32,9.364,9.292,20.623
2021-03-19,21.75,9.327,9.401,21.695
2021-03-20,0.0,0.0,0.0,0.0
2021-03-21,0.0,0.0,0.0,0.0
2021-03-22,21.845,9.4,9.354,21.806
2021-03-23,21.295,9.168,9.406,21.688
2021-03-24,20.7,8.85,9.04,20.741
2021-03-25,20.65,9.0,8.809,20.463
2021-03-26,21.04,9.223,9.077,20.755
2021-03-27,0.0,0.0,0.0,0.0
2021-03-28,0.0,0.0,0.0,0.0
2021-03-29,21.125,9.186,9.195,21.069
2021-03-30,20.595,9.005,9.084,21.089
2021-03-31,20.97,8.909,8.899,20.41
2021-04-01,21.333,9.915,9.579,21.428
2021-04-02,21.648,9.831,9.831,21.648
2021-04-03,0.0,0.0,0.0,0.0
2021-04-04,0.0,0.0,0.0,0.0
2021-04-05,0.0,0.0,0.0,0.0
2021-04-06,21.76,10.359,10.242,21.925
2021-04-07,22.09,10.377,10.459,22.125
2021-04-08,22.27,10.227,10.362,22.42
2021-04-09,22.475,10.341,10.294,22.591
2021-04-10,0.0,0.0,0.0,0.0
2021-04-11,0.0,0.0,0.0,0.0
2021-04-12,23.49,11.255,10.798,22.991
2021-04-13,23.675,11.209,11.389,23.961
2021-04-14,23.8,11.055,10.868,23.615
2021-04-15,25.125,11.595,11.421,24.573
2021-04-16,25.205,11.368,11.448,25.163
2021-04-17,0.0,0.0,0.0,0.0
2021-04-18,0.0,0.0,0.0,0.0
2021-04-19,25.66,11.423,11.465,25.238
2021-04-20,25.65,11.218,11.448,25.65
2021-04-21,27.165,11.723,11.493,26.404
2021-04-22,27.18,11.632,11.707,27.288
2021-04-23,27.305,11.55,11.586,27.078
2021-04-24,0.0,0.0,0.0,0.0
2021-04-25,0.0,0.0,0.0,0.0
2021-04-26,27.425,11.709,11.623,27.319
2021-04-27,28.185,12.495,12.064,28.108
2021-04-28,28.77,12.955,12.62,28.638
2021-04-29,29.065,13.195,13.107,29.0
2021-04-30,29.695,13.241,13.141,29.409
2021-05-01,0.0,0.0,0.0,0.0
2021-05-02,0.0,0.0,0.0,0.0
2021-05-03,0.0,0.0,0.0,0.0
2021-05-04,30.32,14.564,0.0,0.0
2021-05-05,31.639,15.35,0.0,0.0
2021-05-06,30.725,14.564,14.842,31.253
2021-05-07,30.355,14.427,14.426,30.369
2021-05-08,0.0,0.0,0.0,0.0
2021-05-09,0.0,0.0,0.0,0.0
2021-05-10,31.015,14.986,14.863,30.736
2021-05-11,31.215,14.795,15.017,31.285
2021-05-12,28.81,13.932,14.198,30.696
2021-05-13,27.65,13.59,13.865,28.95
2021-05-14,26.89,12.173,12.557,26.848
2021-05-15,0.0,0.0,0.0,0.0
2021-05-16,0.0,0.0,0.0,0.0
2021-05-17,26.239,11.655,11.853,26.384
2021-05-18,25.975,11.905,11.644,26.21
2021-05-19,25.656,12.368,12.069,26.109
2021-05-20,25.905,12.595,12.519,25.863
2021-05-21,26.21,13.386,12.969,26.366
2021-05-22,0.0,0.0,0.0,0.0
2021-05-23,0.0,0.0,0.0,0.0
2021-05-24,26.389,13.683,13.721,26.605
2021-05-25,25.865,13.005,13.307,26.158
2021-05-26,25.325,12.695,12.978,25.703
2021-05-27,25.005,12.127,12.266,25.15
2021-05-28,24.255,11.164,11.684,24.884
2021-05-29,0.0,0.0,0.0,0.0
2021-05-30,0.0,0.0,0.0,0.0
2021-05-31,24.22,11.122,11.122,24.22
2021-06-01,23.7,11.173,10.999,23.826
2021-06-02,23.215,10.759,11.08,23.744
2021-06-03,22.855,10.1,10.422,23.231
2021-06-04,22.555,9.641,9.931,22.769
2021-06-05,0.0,0.0,0.0,0.0
2021-06-06,0.0,0.0,0.0,0.0
2021-06-07,21.945,9.573,9.601,22.329
2021-06-08,21.475,9.373,9.499,21.425
2021-06-09,21.71,9.559,9.367,21.46
2021-06-10,23.9,10.4,10.409,22.541
2021-06-11,25.55,11.441,11.067,24.519
2021-06-12,0.0,0.0,0.0,0.0
2021-06-13,0.0,0.0,0.0,0.0
2021-06-14,26.5,11.6,0.0,0.0
2021-06-15,27.5,11.736,11.647,26.754
2021-06-16,28.975,12.395,11.997,27.899
2021-06-17,29.645,12.577,12.623,28.969
2021-06-18,28.125,11.423,11.885,28.371
2021-06-19,0.0,0.0,0.0,0.0
2021-06-20,0.0,0.0,0.0,0.0
2021-06-21,27.52,11.182,11.331,27.516
2021-06-22,26.44,10.44,10.721,26.861
2021-06-23,26.33,10.241,10.265,26.146
2021-06-24,26.665,11.127,10.96,27.05
2021-06-25,27.69,11.995,11.607,27.35
2021-06-26,0.0,0.0,0.0,0.0
2021-06-27,0.0,0.0,0.0,0.0
2021-06-28,27.985,12.168,12.146,27.938
2021-06-29,28.05,12.968,12.996,28.328
2021-06-30,27.325,12.05,12.672,27.879
2021-07-01,26.63,11.432,11.662,26.879
2021-07-02,25.81,11.055,11.227,26.42
2021-07-03,0.0,0.0,0.0,0.0
2021-07-04,0.0,0.0,0.0,0.0
2021-07-05,25.33,10.659,10.822,25.538
2021-07-06,24.795,10.745,10.722,25.271
2021-07-07,25.055,11.605,11.277,25.151
2021-07-08,26.25,11.677,11.864,25.813
2021-07-09,26.875,11.359,11.479,26.371
2021-07-10,0.0,0.0,0.0,0.0
2021-07-11,0.0,0.0,0.0,0.0
2021-07-12,26.98,11.164,11.272,26.766
2021-07-13,26.16,10.866,11.068,26.426
2021-07-14,25.285,10.591,10.748,25.634
2021-07-15,24.94,10.591,10.527,25.045
2021-07-16,24.985,10.841,10.675,25.151
2021-07-17,0.0,0.0,0.0,0.0
2021-07-18,0.0,0.0,0.0,0.0
2021-07-19,25.5,11.4,11.238,25.294
2021-07-20,25.835,11.473,11.439,25.581
2021-07-21,25.875,11.782,11.7,25.929
2021-07-22,26.445,12.305,11.927,25.965
2021-07-23,27.615,13.377,13.06,26.981
2021-07-24,0.0,0.0,0.0,0.0
2021-07-25,0.0,0.0,0.0,0.0
2021-07-26,27.68,13.277,13.417,27.861
2021-07-27,27.365,12.677,12.977,27.599
2021-07-28,27.275,12.936,12.694,27.238
2021-07-29,28.285,14.014,13.912,27.741
2021-07-30,28.875,15.118,14.733,28.748
2021-07-31,0.0,0.0,0.0,0.0
2021-08-01,0.0,0.0,0.0,0.0
2021-08-02,28.875,14.777,14.918,28.879
2021-08-03,29.015,14.468,14.528,28.598
2021-08-04,29.345,14.682,14.517,28.731
2021-08-05,30.17,14.968,14.866,29.374
2021-08-06,30.265,14.559,14.799,29.748
2021-08-07,0.0,0.0,0.0,0.0
2021-08-08,0.0,0.0,0.0,0.0
2021-08-09,30.225,14.7,14.48,29.926
2021-08-10,30.195,14.277,14.446,29.988
2021-08-11,30.315,13.973,14.081,29.889
2021-08-12,31.55,14.518,14.201,30.924
2021-08-13,32.025,14.677,14.844,31.655
2021-08-14,0.0,0.0,0.0,0.0
2021-08-15,0.0,0.0,0.0,0.0
2021-08-16,32.267,14.659,14.669,32.005
2021-08-17,32.465,14.568,14.438,32.115
2021-08-18,34.25,15.382,14.823,32.891
2021-08-19,34.84,15.241,15.335,34.506
2021-08-20,36.125,15.823,15.557,35.438
2021-08-21,0.0,0.0,0.0,0.0
2021-08-22,0.0,0.0,0.0,0.0
2021-08-23,36.4,16.0,15.897,36.411
2021-08-24,36.33,15.959,15.943,36.603
2021-08-25,35.685,15.232,15.809,36.548
2021-08-26,35.565,14.982,15.127,35.998
2021-08-27,35.77,14.95,14.983,35.81
2021-08-28,0.0,0.0,0.0,0.0
2021-08-29,0.0,0.0,0.0,0.0
2021-08-30,35.741,14.936,14.936,35.741
2021-08-31,34.87,13.795,14.26,35.335
2021-09-01,34.29,13.659,13.738,34.471
2021-09-02,33.675,13.882,13.852,33.891
2021-09-03,33.165,13.668,13.895,33.666
2021-09-04,0.0,0.0,0.0,0.0
2021-09-05,0.0,0.0,0.0,0.0
2021-09-06,32.15,12.823,13.365,32.904
2021-09-07,30.875,12.541,12.518,31.808
2021-09-08,29.815,12.509,12.571,30.241
2021-09-09,30.215,13.077,12.89,30.338
2021-09-10,31.85,14.155,13.678,31.068
2021-09-11,0.0,0.0,0.0,0.0
2021-09-12,0.0,0.0,0.0,0.0
2021-09-13,35.025,16.755,15.658,33.436
2021-09-14,35.27,16.773,16.991,35.18
2021-09-15,35.155,16.205,16.494,35.055
2021-09-16,34.61,15.755,15.746,34.651
2021-09-17,35.195,16.386,16.273,34.698
2021-09-18,0.0,0.0,0.0,0.0
2021-09-19,0.0,0.0,0.0,0.0
2021-09-20,35.411,16.968,0.0,0.0
2021-09-21,36.667,18.068,0.0,0.0
2021-09-22,37.667,19.845,19.446,36.831
2021-09-23,38.41,20.145,20.239,37.89
2021-09-24,38.485,19.082,19.862,37.885
2021-09-25,0.0,0.0,0.0,0.0
2021-09-26,0.0,0.0,0.0,0.0
2021-09-27,39.2,19.573,19.217,37.916
2021-09-28,43.2,21.818,21.579,41.825
2021-09-29,45.875,22.855,22.107,44.238
2021-09-30,45.4,21.473,22.665,45.71
2021-10-01,45.275,21.195,0.0,0.0
2021-10-02,0.0,0.0,0.0,0.0
2021-10-03,0.0,0.0,0.0,0.0
2021-10-04,45.361,22.082,0.0,0.0
2021-10-05,47.58,22.614,0.0,0.0
2021-10-06,49.6,23.55,0.0,0.0
2021-10-07,49.99,22.891,0.0,0.0
2021-10-08,48.9,21.336,21.861,48.549
2021-10-09,0.0,0.0,0.0,0.0
2021-10-10,0.0,0.0,0.0,0.0
2021-10-11,48.583,21.359,21.146,47.965
2021-10-12,47.65,20.5,21.205,48.189
2021-10-13,46.05,18.927,19.822,46.898
2021-10-14,43.725,18.323,18.513,45.534
2021-10-15,40.025,16.736,17.311,41.969
2021-10-16,0.0,0.0,0.0,0.0
2021-10-17,0.0,0.0,0.0,0.0
2021-10-18,38.74,16.236,16.532,39.125
2021-10-19,38.865,16.345,16.288,38.466
2021-10-20,39.3,16.732,16.816,39.519
2021-10-21,37.575,15.682,16.336,39.106
2021-10-22,36.0,14.264,14.347,36.229
2021-10-23,0.0,0.0,0.0,0.0
2021-10-24,0.0,0.0,0.0,0.0
2021-10-25,33.495,13.595,13.959,34.445
2021-10-26,31.6,12.509,13.018,32.665
2021-10-27,29.0,12.123,12.278,29.416
2021-10-28,28.225,12.345,12.36,28.386
2021-10-29,28.075,12.505,12.597,28.2
2021-10-30,0.0,0.0,0.0,0.0
2021-10-31,0.0,0.0,0.0,0.0
2021-11-01,28.095,12.391,12.594,28.121
2021-11-02,26.595,11.373,11.949,27.455
2021-11-03,24.925,10.555,11.276,25.209
2021-11-04,24.815,10.541,10.531,24.535
2021-11-05,24.66,10.85,10.963,24.768
2021-11-06,0.0,0.0,0.0,0.0
2021-11-07,0.0,0.0,0.0,0.0
2021-11-08,24.785,11.382,11.131,24.709
2021-11-09,25.525,12.064,11.734,24.946
2021-11-10,26.15,12.541,12.173,25.994
2021-11-11,26.515,13.014,12.724,26.429
2021-11-12,26.53,12.923,12.985,26.644
2021-11-13,0.0,0.0,0.0,0.0
2021-11-14,0.0,0.0,0.0,0.0
2021-11-15,26.21,12.736,12.902,26.594
2021-11-16,24.7,11.509,12.308,25.911
2021-11-17,24.0,10.45,10.798,24.239
2021-11-18,24.94,11.036,10.892,24.548
2021-11-19,26.085,12.555,11.529,25.253
2021-11-20,0.0,0.0,0.0,0.0
2021-11-21,0.0,0.0,0.0,0.0
2021-11-22,26.81,13.341,12.711,26.253
2021-11-23,27.22,13.682,13.97,27.088
2021-11-24,26.175,12.223,13.108,27.001
2021-11-25,26.175,12.055,12.083,25.965
2021-11-26,27.785,12.164,12.035,26.256
2021-11-27,0.0,0.0,0.0,0.0
2021-11-28,0.0,0.0,0.0,0.0
2021-11-29,28.95,12.955,12.288,28.075
2021-11-30,29.785,13.9,13.639,29.098
2021-12-01,29.25,13.223,13.614,29.529
2021-12-02,29.125,13.073,13.253,29.114
2021-12-03,29.14,13.036,13.219,29.14
2021-12-04,0.0,0.0,0.0,0.0
2021-12-05,0.0,0.0,0.0,0.0
2021-12-06,29.12,13.495,13.253,29.174
2021-12-07,29.385,14.15,13.802,29.376
2021-12-08,29.625,14.836,14.343,29.639
2021-12-09,28.175,14.077,14.476,29.413
2021-12-10,27.25,13.732,13.708,27.767
2021-12-11,0.0,0.0,0.0,0.0
2021-12-12,0.0,0.0,0.0,0.0
2021-12-13,26.82,13.555,13.506,27.289
2021-12-14,25.875,12.6,13.101,26.5
2021-12-15,23.97,9.909,11.956,25.441
2021-12-16,22.95,9.027,9.287,23.537
2021-12-17,22.07,9.023,8.979,22.831
2021-12-18,0.0,0.0,0.0,0.0
2021-12-19,0.0,0.0,0.0,0.0
2021-12-20,22.255,9.727,9.177,22.2
2021-12-21,22.2,9.359,9.826,22.564
2021-12-22,22.025,9.145,9.186,22.271
2021-12-23,21.5,8.864,9.096,22.054
2021-12-24,21.361,8.945,8.819,21.556
2021-12-25,0.0,0.0,0.0,0.0
2021-12-26,0.0,0.0,0.0,0.0
2021-12-27,21.511,8.948,8.948,21.511
2021-12-28,21.534,9.09,9.09,21.534
2021-12-29,21.489,9.038,9.038,21.489
2021-12-30,22.3,9.151,9.151,22.3
2021-12-31,22.889,9.78,9.78,22.889
2022-01-01,0.0,0.0,0.0,0.0
2022-01-02,0.0,0.0,0.0,0.0
2022-01-03,0.0,0.0,0.0,0.0
2022-01-04,22.205,8.818,9.193,22.671
2022-01-05,21.885,8.609,8.751,22.5
2022-01-06,21.815,9.173,8.62,21.7
2022-01-07,21.965,9.632,9.286,21.866
2022-01-08,0.0,0.0,0.0,0.0
2022-01-09,0.0,0.0,0.0,0.0
2022-01-10,22.0,10.141,10.037,22.011
2022-01-11,21.45,8.905,9.628,21.807
2022-01-12,20.825,8.064,8.242,21.186
2022-01-13,19.865,7.491,7.848,20.487
2022-01-14,19.175,7.014,7.251,19.756
2022-01-15,0.0,0.0,0.0,0.0
2022-01-16,0.0,0.0,0.0,0.0
2022-01-17,18.955,7.473,7.019,19.106
2022-01-18,18.765,7.764,7.588,18.993
2022-01-19,18.765,7.764,7.782,18.896
2022-01-20,17.66,6.977,7.524,18.39
2022-01-21,17.28,6.786,6.914,17.541
2022-01-22,0.0,0.0,0.0,0.0
2022-01-23,0.0,0.0,0.0,0.0
2022-01-24,17.015,6.736,6.795,17.158
2022-01-25,16.73,6.323,6.687,17.001
2022-01-26,16.75,5.989,6.136,16.569
2022-01-27,17.905,6.473,6.083,16.813
2022-01-28,19.375,7.523,6.674,17.911
2022-01-29,0.0,0.0,0.0,0.0
2022-01-30,0.0,0.0,0.0,0.0
2022-01-31,20.139,7.836,0.0,0.0
2022-02-01,20.517,7.877,0.0,0.0
2022-02-02,20.467,7.759,0.0,0.0
2022-02-03,20.39,7.609,0.0,0.0
2022-02-04,20.26,7.164,0.0,0.0
2022-02-05,0.0,0.0,0.0,0.0
2022-02-06,0.0,0.0,0.0,0.0
2022-02-07,20.315,6.986,7.117,20.281
2022-02-08,20.895,7.1,7.003,20.307
2022-02-09,22.285,8.014,7.303,20.924
2022-02-10,23.775,8.955,8.414,22.693
2022-02-11,23.485,8.559,8.653,23.706
2022-02-12,0.0,0.0,0.0,0.0
2022-02-13,0.0,0.0,0.0,0.0
2022-02-14,23.23,8.255,8.506,23.429
2022-02-15,22.975,8.136,8.128,23.134
2022-02-16,21.325,7.55,7.979,22.417
2022-02-17,20.92,7.85,7.6,20.953
2022-02-18,21.605,8.132,7.952,21.054
2022-02-19,0.0,0.0,0.0,0.0
2022-02-20,0.0,0.0,0.0,0.0
2022-02-21,22.11,8.859,8.203,21.664
2022-02-22,22.41,9.7,9.391,22.553
2022-02-23,23.1,10.477,9.891,22.896
2022-02-24,22.185,10.305,10.408,23.043
2022-02-25,21.695,8.8,9.756,22.013
2022-02-26,0.0,0.0,0.0,0.0
2022-02-27,0.0,0.0,0.0,0.0
2022-02-28,21.71,8.623,8.757,21.671
2022-03-01,22.067,9.064,8.826,21.867
2022-03-02,22.91,10.436,9.997,22.633
2022-03-03,23.35,10.0,10.298,23.053
2022-03-04,23.64,10.145,10.09,23.329
2022-03-05,0.0,0.0,0.0,0.0
2022-03-06,0.0,0.0,0.0,0.0
2022-03-07,26.03,11.186,10.583,23.946
2022-03-08,27.525,11.564,11.337,26.841
2022-03-09,30.5,12.009,11.75,28.257
2022-03-10,30.775,12.018,12.1,30.667
2022-03-11,30.78,11.909,11.936,30.596
2022-03-12,0.0,0.0,0.0,0.0
2022-03-13,0.0,0.0,0.0,0.0
2022-03-14,30.35,12.327,11.95,30.526
2022-03-15,29.075,12.377,12.381,30.029
2022-03-16,27.24,12.259,12.486,28.923
2022-03-17,27.525,12.282,12.063,27.324
2022-03-18,28.14,12.236,12.189,27.747
2022-03-19,0.0,0.0,0.0,0.0
2022-03-20,0.0,0.0,0.0,0.0
2022-03-21,27.875,11.741,12.124,28.284
2022-03-22,26.815,11.236,11.652,27.746
2022-03-23,26.605,11.314,11.211,26.617
2022-03-24,26.69,11.698,11.73,26.854
2022-03-25,26.35,11.641,11.614,26.753
2022-03-26,0.0,0.0,0.0,0.0
2022-03-27,0.0,0.0,0.0,0.0
2022-03-28,25.925,10.986,11.444,26.553
2022-03-29,25.545,10.682,10.848,25.779
2022-03-30,25.29,10.677,10.746,25.521
2022-03-31,25.565,10.809,10.863,25.586
2022-04-01,26.2,10.641,10.776,25.654
2022-04-02,0.0,0.0,0.0,0.0
2022-04-03,0.0,0.0,0.0,0.0
2022-04-04,26.06,9.936,0.0,0.0
2022-04-05,25.66,8.927,0.0,0.0
2022-04-06,25.4,8.677,8.832,25.477
2022-04-07,25.075,8.85,8.826,25.401
2022-04-08,24.775,9.236,9.144,25.279
2022-04-09,0.0,0.0,0.0,0.0
2022-04-10,0.0,0.0,0.0,0.0
2022-04-11,24.57,9.132,9.196,24.914
2022-04-12,24.54,9.005,9.096,24.754
2022-04-13,24.365,9.205,9.053,24.724
2022-04-14,24.5,9.818,9.376,24.461
2022-04-15,24.646,9.76,9.76,24.646
2022-04-16,0.0,0.0,0.0,0.0
2022-04-17,0.0,0.0,0.0,0.0
2022-04-18,24.611,9.772,9.772,24.611
2022-04-19,24.43,8.909,9.159,24.48
2022-04-20,24.55,9.123,9.173,24.506
2022-04-21,25.42,9.968,9.442,24.791
2022-04-22,26.04,10.741,10.372,25.611
2022-04-23,0.0,0.0,0.0,0.0
2022-04-24,0.0,0.0,0.0,0.0
2022-04-25,26.43,11.245,11.252,26.329
2022-04-26,26.435,11.886,11.694,26.706
2022-04-27,26.375,12.245,11.954,26.704
2022-04-28,25.74,12.009,12.206,26.369
2022-04-29,25.47,11.964,12.013,25.896
2022-04-30,0.0,0.0,0.0,0.0
2022-05-01,0.0,0.0,0.0,0.0
2022-05-02,0.0,0.0,0.0,0.0
2022-05-03,25.675,11.995,0.0,0.0
2022-05-04,26.975,12.091,0.0,0.0
2022-05-05,29.75,12.914,12.328,28.234
2022-05-06,30.425,13.205,13.236,30.46
2022-05-07,0.0,0.0,0.0,0.0
2022-05-08,0.0,0.0,0.0,0.0
2022-05-09,32.5,13.236,13.348,31.046
2022-05-10,33.725,14.05,13.513,33.521
2022-05-11,34.45,14.518,14.25,34.291
2022-05-12,34.74,15.214,14.953,34.869
2022-05-13,34.64,15.077,15.229,34.871
2022-05-14,0.0,0.0,0.0,0.0
2022-05-15,0.0,0.0,0.0,0.0
2022-05-16,34.515,15.059,15.04,34.753
2022-05-17,34.87,15.164,15.136,34.703
2022-05-18,36.75,15.741,15.411,35.194
2022-05-19,37.675,15.573,15.873,36.969
2022-05-20,38.175,15.005,15.389,37.214
2022-05-21,0.0,0.0,0.0,0.0
2022-05-22,0.0,0.0,0.0,0.0
2022-05-23,38.325,15.341,15.261,37.834
2022-05-24,37.34,14.405,14.873,37.894
2022-05-25,36.517,14.025,14.229,37.124
2022-05-26,35.3,13.086,13.594,36.243
2022-05-27,31.675,11.741,12.817,34.697
2022-05-28,0.0,0.0,0.0,0.0
2022-05-29,0.0,0.0,0.0,0.0
2022-05-30,30.85,11.545,11.582,31.279
2022-05-31,31.56,12.55,11.859,31.161
2022-06-01,32.611,13.641,12.997,32.164
2022-06-02,32.113,12.713,12.713,32.113
2022-06-03,0.0,0.0,0.0,0.0
2022-06-04,0.0,0.0,0.0,0.0
2022-06-05,0.0,0.0,0.0,0.0
2022-06-06,32.778,12.968,12.632,32.084
2022-06-07,32.375,12.905,12.929,32.543
2022-06-08,31.825,12.368,12.864,32.14
2022-06-09,31.515,12.35,12.164,31.416
2022-06-10,31.37,12.495,12.541,31.56
2022-06-11,0.0,0.0,0.0,0.0
2022-06-12,0.0,0.0,0.0,0.0
2022-06-13,31.07,12.236,12.406,31.307
2022-06-14,31.175,12.418,12.191,30.964
2022-06-15,31.95,12.586,12.461,31.317
2022-06-16,32.417,12.8,12.667,31.961
2022-06-17,33.15,13.49,13.124,32.606
2022-06-18,0.0,0.0,0.0,0.0
2022-06-19,0.0,0.0,0.0,0.0
2022-06-20,33.083,13.41,13.6,33.304
2022-06-21,31.956,11.817,13.13,32.781
2022-06-22,30.044,11.245,11.528,30.97
2022-06-23,29.839,12.055,11.351,29.92
2022-06-24,29.911,11.78,11.914,29.939
2022-06-25,0.0,0.0,0.0,0.0
2022-06-26,0.0,0.0,0.0,0.0
2022-06-27,29.533,11.65,11.783,29.89
2022-06-28,28.867,11.055,11.339,29.257
2022-06-29,29.611,11.185,11.073,28.829
2022-06-30,30.506,11.82,11.457,29.7
2022-07-01,30.4,11.535,11.707,30.256
2022-07-02,0.0,0.0,0.0,0.0
2022-07-03,0.0,0.0,0.0,0.0
2022-07-04,30.261,10.8,11.42,30.121
2022-07-05,29.733,10.52,10.603,29.66
2022-07-06,29.461,10.43,10.478,29.427
2022-07-07,29.933,11.44,10.887,29.581
2022-07-08,30.133,11.385,11.506,30.123
2022-07-09,0.0,0.0,0.0,0.0
2022-07-10,0.0,0.0,0.0,0.0
2022-07-11,30.272,11.385,11.423,30.134
2022-07-12,30.4,10.265,11.087,30.146
2022-07-13,30.728,10.59,10.347,30.443
2022-07-14,31.211,10.675,10.717,30.921
2022-07-15,32.111,10.915,10.753,31.607
2022-07-16,0.0,0.0,0.0,0.0
2022-07-17,0.0,0.0,0.0,0.0
2022-07-18,32.483,11.065,11.03,32.29
2022-07-19,32.406,10.86,11.142,32.486
2022-07-20,31.472,10.715,10.823,32.281
2022-07-21,30.95,10.963,10.754,31.22
2022-07-22,30.783,11.17,11.019,30.903
2022-07-23,0.0,0.0,0.0,0.0
2022-07-24,0.0,0.0,0.0,0.0
2022-07-25,29.728,10.715,11.069,30.671
2022-07-26,28.933,10.285,10.439,29.284
2022-07-27,28.261,10.235,10.287,28.733
2022-07-28,28.261,9.8,10.15,27.614
2022-07-29,25.95,9.75,9.863,26.553
2022-07-30,0.0,0.0,0.0,0.0
2022-07-31,0.0,0.0,0.0,0.0
2022-08-01,25.583,9.76,9.883,26.197
2022-08-02,25.267,9.495,9.713,25.59
2022-08-03,24.283,8.55,9.301,24.853
2022-08-04,22.45,7.775,8.14,23.684
2022-08-05,22.111,7.87,7.786,22.414
2022-08-06,0.0,0.0,0.0,0.0
2022-08-07,0.0,0.0,0.0,0.0
2022-08-08,21.95,8.22,7.906,22.146
2022-08-09,21.9,8.31,8.427,22.096
2022-08-10,21.978,8.845,8.571,22.177
2022-08-11,21.717,8.61,8.882,22.061
2022-08-12,20.767,8.085,8.27,21.416
2022-08-13,0.0,0.0,0.0,0.0
2022-08-14,0.0,0.0,0.0,0.0
2022-08-15,20.306,7.56,8.063,20.72
2022-08-16,20.044,7.765,7.61,20.347
2022-08-17,19.889,8.19,7.91,20.103
2022-08-18,19.039,7.66,8.129,19.733
2022-08-19,18.828,7.595,7.713,19.149
2022-08-20,0.0,0.0,0.0,0.0
2022-08-21,0.0,0.0,0.0,0.0
2022-08-22,18.917,7.95,7.753,18.92
2022-08-23,19.278,8.355,8.248,18.991
2022-08-24,19.0,7.95,8.253,19.191
2022-08-25,18.726,7.699,7.699,18.726
2022-08-26,17.844,7.625,7.496,18.14
2022-08-27,0.0,0.0,0.0,0.0
2022-08-28,0.0,0.0,0.0,0.0
2022-08-29,18.049,7.622,7.622,18.049
2022-08-30,17.744,7.78,7.583,17.974
2022-08-31,17.761,7.785,7.759,17.803
2022-09-01,18.556,8.3,7.82,18.004
2022-09-02,19.667,8.885,8.546,18.883
2022-09-03,0.0,0.0,0.0,0.0
2022-09-04,0.0,0.0,0.0,0.0
2022-09-05,19.928,8.805,8.883,19.917
2022-09-06,19.572,8.055,8.256,19.597
2022-09-07,19.283,7.74,7.917,19.219
2022-09-08,18.85,7.785,7.87,19.216
2022-09-09,18.813,7.755,7.777,18.916
2022-09-10,0.0,0.0,0.0,0.0
2022-09-11,0.0,0.0,0.0,0.0
2022-09-12,18.944,8.125,0.0,0.0
2022-09-13,20.106,8.97,8.622,19.2
2022-09-14,22.139,9.88,9.379,20.717
2022-09-15,22.306,9.787,9.823,22.011
2022-09-16,21.917,8.85,9.283,22.139
2022-09-17,0.0,0.0,0.0,0.0
2022-09-18,0.0,0.0,0.0,0.0
2022-09-19,21.914,8.874,8.874,21.914
2022-09-20,23.711,10.35,9.831,22.689
2022-09-21,23.622,10.19,10.367,23.819
2022-09-22,23.078,9.42,9.724,23.31
2022-09-23,23.717,10.24,9.514,23.156
2022-09-24,0.0,0.0,0.0,0.0
2022-09-25,0.0,0.0,0.0,0.0
2022-09-26,23.689,9.945,10.109,23.854
2022-09-27,23.509,9.405,9.317,23.354
2022-09-28,23.217,8.905,9.139,23.029
2022-09-29,22.861,8.36,8.772,22.821
2022-09-30,22.811,8.035,8.162,22.557
2022-10-01,0.0,0.0,0.0,0.0
2022-10-02,0.0,0.0,0.0,0.0
2022-10-03,23.106,8.355,0.0,0.0
2022-10-04,23.517,8.815,0.0,0.0
2022-10-05,24.344,9.59,0.0,0.0
2022-10-06,24.539,9.05,0.0,0.0
2022-10-07,24.667,9.06,0.0,0.0
2022-10-08,0.0,0.0,0.0,0.0
2022-10-09,0.0,0.0,0.0,0.0
2022-10-10,24.4,9.315,9.256,24.574
2022-10-11,23.667,9.5,9.389,23.743
2022-10-12,23.928,9.255,9.444,23.379
2022-10-13,23.261,9.025,8.98,23.617
2022-10-14,23.233,9.25,9.081,23.357
2022-10-15,0.0,0.0,0.0,0.0
2022-10-16,0.0,0.0,0.0,0.0
2022-10-17,22.944,9.325,9.29,23.323
2022-10-18,22.789,9.415,9.406,23.003
2022-10-19,22.394,9.115,9.398,22.707
2022-10-20,21.367,9.11,9.082,22.181
2022-10-21,21.128,9.465,9.172,21.413
2022-10-22,0.0,0.0,0.0,0.0
2022-10-23,0.0,0.0,0.0,0.0
2022-10-24,21.061,9.42,9.403,21.19
2022-10-25,20.939,9.005,9.076,21.069
2022-10-26,20.661,8.93,8.887,20.771
2022-10-27,20.194,8.675,8.786,20.471
2022-10-28,19.95,8.64,8.648,20.024
2022-10-29,0.0,0.0,0.0,0.0
2022-10-30,0.0,0.0,0.0,0.0
2022-10-31,19.65,8.535,8.596,19.876
2022-11-01,19.311,8.255,8.378,19.511
2022-11-02,19.183,8.055,8.218,19.253
2022-11-03,19.328,7.905,8.071,19.123
2022-11-04,19.594,8.055,7.987,19.211
2022-11-05,0.0,0.0,0.0,0.0
2022-11-06,0.0,0.0,0.0,0.0
2022-11-07,19.861,8.12,8.083,19.551
2022-11-08,20.322,8.34,8.263,19.906
2022-11-09,20.572,9.03,8.462,20.373
2022-11-10,20.194,9.225,9.122,20.633
2022-11-11,19.761,8.825,8.929,20.133
2022-11-12,0.0,0.0,0.0,0.0
2022-11-13,0.0,0.0,0.0,0.0
2022-11-14,19.683,8.62,8.801,19.814
2022-11-15,19.35,8.52,8.619,19.629
2022-11-16,18.933,8.375,8.478,19.349
2022-11-17,17.994,7.945,8.296,18.81
2022-11-18,17.789,7.83,7.9,17.849
2022-11-19,0.0,0.0,0.0,0.0
2022-11-20,0.0,0.0,0.0,0.0
2022-11-21,17.75,7.665,7.76,17.719
2022-11-22,17.25,7.57,7.644,17.716
2022-11-23,17.444,7.69,7.556,17.293
2022-11-24,18.167,8.25,7.857,17.783
2022-11-25,19.006,8.98,8.966,18.377
2022-11-26,0.0,0.0,0.0,0.0
2022-11-27,0.0,0.0,0.0,0.0
2022-11-28,19.294,9.13,9.103,19.097
2022-11-29,19.139,8.495,8.588,18.98
2022-11-30,19.683,8.645,8.533,18.986
2022-12-01,19.65,8.34,8.482,19.283
2022-12-02,19.567,8.125,8.181,19.197
2022-12-03,0.0,0.0,0.0,0.0
2022-12-04,0.0,0.0,0.0,0.0
2022-12-05,19.328,8.2,8.172,19.484
2022-12-06,19.161,8.435,8.263,19.389
2022-12-07,19.194,8.78,8.469,19.227
2022-12-08,19.05,8.845,8.724,19.19
2022-12-09,19.1,8.83,8.823,19.096
2022-12-10,0.0,0.0,0.0,0.0
2022-12-11,0.0,0.0,0.0,0.0
2022-12-12,18.906,8.335,8.73,19.103
2022-12-13,18.75,8.095,8.183,18.793
2022-12-14,19.533,7.985,8.058,18.711
2022-12-15,20.806,8.655,8.11,19.417
2022-12-16,21.278,8.63,8.656,20.85
2022-12-17,0.0,0.0,0.0,0.0
2022-12-18,0.0,0.0,0.0,0.0
2022-12-19,21.4,8.1,8.468,20.985
2022-12-20,22.194,8.185,8.126,21.239
2022-12-21,23.222,9.095,8.419,22.476
2022-12-22,22.194,8.48,8.82,23.213
2022-12-23,20.072,8.315,8.386,21.919
2022-12-24,0.0,0.0,0.0,0.0
2022-12-25,0.0,0.0,0.0,0.0
2022-12-26,20.25,8.277,8.277,20.25
2022-12-27,20.17,8.307,8.307,20.17
2022-12-28,19.634,8.196,8.196,19.634
2022-12-29,19.404,8.031,8.031,19.404
2022-12-30,19.073,7.694,7.694,19.073
2022-12-31,0.0,0.0,0.0,0.0
2023-01-01,0.0,0.0,0.0,0.0
2023-01-02,0.0,0.0,0.0,0.0
2023-01-03,18.961,7.43,7.506,19.009
2023-01-04,18.544,7.17,7.322,18.779
2023-01-05,18.456,7.205,7.173,18.686
2023-01-06,18.344,7.14,7.191,18.556
2023-01-07,0.0,0.0,0.0,0.0
2023-01-08,0.0,0.0,0.0,0.0
2023-01-09,18.906,7.4,7.224,18.367
2023-01-10,18.583,7.11,7.314,18.856
2023-01-11,18.028,6.99,6.967,18.254
2023-01-12,17.789,7.1,6.959,18.046
2023-01-13,17.708,7.18,7.057,17.941
2023-01-14,0.0,0.0,0.0,0.0
2023-01-15,0.0,0.0,0.0,0.0
2023-01-16,17.828,7.48,7.228,17.76
2023-01-17,17.928,7.19,7.498,17.916
2023-01-18,17.767,6.895,7.176,17.993
2023-01-19,17.3,6.705,6.806,17.636
2023-01-20,16.972,6.65,6.694,17.286
2023-01-21,0.0,0.0,0.0,0.0
2023-01-22,0.0,0.0,0.0,0.0
2023-01-23,16.838,6.645,0.0,0.0
2023-01-24,16.75,6.635,0.0,0.0
2023-01-25,16.739,6.445,0.0,0.0
2023-01-26,16.689,6.28,0.0,0.0
2023-01-27,16.883,6.3,0.0,0.0
2023-01-28,0.0,0.0,0.0,0.0
2023-01-29,0.0,0.0,0.0,0.0
2023-01-30,16.811,6.365,6.382,16.861
2023-01-31,16.75,6.36,6.394,16.801
2023-02-01,16.622,6.33,6.358,16.689
2023-02-02,16.193,6.39,6.343,16.564
2023-02-03,16.06,6.375,6.361,16.243
2023-02-04,0.0,0.0,0.0,0.0
2023-02-05,0.0,0.0,0.0,0.0
2023-02-06,16.0,6.315,6.354,16.089
2023-02-07,16.417,6.26,6.281,16.111
2023-02-08,16.567,6.27,6.287,16.483
2023-02-09,16.611,6.02,6.16,16.536
2023-02-10,16.683,6.2,6.136,16.55
2023-02-11,0.0,0.0,0.0,0.0
2023-02-12,0.0,0.0,0.0,0.0
2023-02-13,16.683,6.325,6.298,16.714
2023-02-14,16.428,6.305,6.341,16.729
2023-02-15,16.3,6.165,6.303,16.529
2023-02-16,16.172,6.077,6.144,16.3
2023-02-17,16.111,6.062,6.076,16.194
2023-02-18,0.0,0.0,0.0,0.0
2023-02-19,0.0,0.0,0.0,0.0
2023-02-20,16.05,6.115,6.074,16.2
2023-02-21,16.072,6.13,6.104,16.143
2023-02-22,16.3,6.295,6.282,16.239
2023-02-23,16.889,6.805,6.487,16.407
2023-02-24,17.067,6.825,6.919,17.011
2023-02-25,0.0,0.0,0.0,0.0
2023-02-26,0.0,0.0,0.0,0.0
2023-02-27,17.122,7.07,6.978,17.143
2023-02-28,17.144,7.073,7.066,17.109
2023-03-01,17.825,7.45,7.15,17.273
2023-03-02,18.122,7.375,7.431,17.796
2023-03-03,18.75,7.75,7.539,18.229
2023-03-04,0.0,0.0,0.0,0.0
2023-03-05,0.0,0.0,0.0,0.0
2023-03-06,19.033,8.09,7.861,18.847
2023-03-07,19.344,8.06,8.083,19.131
2023-03-08,19.367,8.065,8.061,19.299
2023-03-09,19.656,8.27,8.154,19.426
2023-03-10,19.872,8.375,8.271,19.7
2023-03-11,0.0,0.0,0.0,0.0
2023-03-12,0.0,0.0,0.0,0.0
2023-03-13,20.156,8.495,8.42,19.91
2023-03-14,21.422,9.175,8.984,20.559
2023-03-15,21.38,9.083,9.176,21.409
2023-03-16,20.694,8.625,8.887,20.986
2023-03-17,20.589,8.755,8.572,20.626
2023-03-18,0.0,0.0,0.0,0.0
2023-03-19,0.0,0.0,0.0,0.0
2023-03-20,20.622,9.095,8.761,20.6
2023-03-21,20.206,8.85,8.894,20.6
2023-03-22,19.556,8.545,8.687,20.1
2023-03-23,20.178,8.928,8.662,19.821
2023-03-24,20.45,8.85,8.899,20.071
2023-03-25,0.0,0.0,0.0,0.0
2023-03-26,0.0,0.0,0.0,0.0
2023-03-27,20.233,8.41,8.544,20.146
2023-03-28,20.01,7.843,8.147,20.039
2023-03-29,20.833,7.82,7.844,19.927
2023-03-30,20.883,7.885,7.871,20.686
2023-03-31,21.0,7.9,7.852,20.811
2023-04-01,0.0,0.0,0.0,0.0
2023-04-02,0.0,0.0,0.0,0.0
2023-04-03,21.511,8.175,8.0,21.129
2023-04-04,22.222,8.875,8.709,21.857
2023-04-05,22.706,8.77,0.0,0.0
2023-04-06,22.822,8.585,8.679,22.359
2023-04-07,22.571,8.608,8.608,22.571
2023-04-08,0.0,0.0,0.0,0.0
2023-04-09,0.0,0.0,0.0,0.0
2023-04-10,22.589,8.553,8.553,22.589
2023-04-11,22.222,7.985,8.159,22.133
2023-04-12,21.9,8.055,7.956,21.979
2023-04-13,22.028,8.53,8.412,21.856
2023-04-14,22.15,8.18,8.438,22.063
2023-04-15,0.0,0.0,0.0,0.0
2023-04-16,0.0,0.0,0.0,0.0
2023-04-17,21.911,8.085,8.234,22.093
2023-04-18,21.567,7.715,7.993,21.764
2023-04-19,21.183,7.705,7.676,21.461
2023-04-20,21.389,8.065,7.922,21.421
2023-04-21,21.7,8.675,8.503,21.619
2023-04-22,0.0,0.0,0.0,0.0
2023-04-23,0.0,0.0,0.0,0.0
2023-04-24,21.678,8.475,8.628,21.756
2023-04-25,21.756,8.33,8.379,21.564
2023-04-26,22.117,8.54,8.356,21.739
2023-04-27,22.65,9.1,8.819,22.224
2023-04-28,22.728,9.043,9.04,22.591
2023-04-29,0.0,0.0,0.0,0.0
2023-04-30,0.0,0.0,0.0,0.0
2023-05-01,0.0,0.0,0.0,0.0
2023-05-02,22.661,8.885,0.0,0.0
2023-05-03,22.511,8.76,0.0,0.0
2023-05-04,22.344,8.715,8.753,22.333
2023-05-05,22.319,8.91,8.708,22.324
2023-05-06,0.0,0.0,0.0,0.0
2023-05-07,0.0,0.0,0.0,0.0
2023-05-08,22.336,9.012,9.012,22.336
2023-05-09,22.444,9.435,9.329,22.474
2023-05-10,22.556,9.435,9.466,22.621
2023-05-11,22.4,9.18,9.304,22.436
2023-05-12,22.194,8.952,8.922,22.201
2023-05-13,0.0,0.0,0.0,0.0
2023-05-14,0.0,0.0,0.0,0.0
2023-05-15,21.856,8.86,8.878,22.05
2023-05-16,21.411,8.725,8.77,21.773
2023-05-17,21.161,8.795,8.677,21.209
2023-05-18,21.033,8.84,8.819,21.14
2023-05-19,20.794,8.805,8.814,21.01
2023-05-20,0.0,0.0,0.0,0.0
2023-05-21,0.0,0.0,0.0,0.0
2023-05-22,20.656,8.753,8.742,20.769
2023-05-23,20.611,8.85,8.797,20.629
2023-05-24,20.35,8.635,8.704,20.519
2023-05-25,19.972,8.27,8.48,20.233
2023-05-26,19.489,8.36,8.3,19.939
2023-05-27,0.0,0.0,0.0,0.0
2023-05-28,0.0,0.0,0.0,0.0
2023-05-29,19.547,8.334,8.334,19.547
2023-05-30,19.317,8.0,8.119,19.274
2023-05-31,18.567,7.415,7.659,18.884
2023-06-01,18.072,7.55,7.528,18.446
2023-06-02,18.083,7.57,7.552,18.091
2023-06-03,0.0,0.0,0.0,0.0
2023-06-04,0.0,0.0,0.0,0.0
2023-06-05,18.278,7.995,7.863,18.19
2023-06-06,19.175,8.74,8.452,18.58
2023-06-07,19.272,8.55,8.523,18.944
2023-06-08,19.522,8.66,8.588,19.191
2023-06-09,19.7,8.735,8.648,19.39
2023-06-10,0.0,0.0,0.0,0.0
2023-06-11,0.0,0.0,0.0,0.0
2023-06-12,19.861,8.64,8.628,19.623
2023-06-13,20.05,8.535,8.54,19.767
2023-06-14,20.378,8.515,8.506,20.029
2023-06-15,20.461,8.38,8.456,20.351
2023-06-16,20.389,8.125,8.28,20.367
2023-06-17,0.0,0.0,0.0,0.0
2023-06-18,0.0,0.0,0.0,0.0
2023-06-19,20.322,8.06,8.084,20.269
2023-06-20,20.422,7.895,7.949,20.153
2023-06-21,20.822,8.105,7.954,20.464
2023-06-22,21.611,8.51,0.0,0.0
2023-06-23,21.733,8.795,0.0,0.0
2023-06-24,0.0,0.0,0.0,0.0
2023-06-25,0.0,0.0,0.0,0.0
2023-06-26,21.694,8.645,8.718,21.744
2023-06-27,21.122,8.162,8.461,21.314
2023-06-28,20.511,8.21,8.128,20.729
2023-06-29,20.483,8.345,8.381,20.613
2023-06-30,20.711,8.31,8.353,20.564
2023-07-01,0.0,0.0,0.0,0.0
2023-07-02,0.0,0.0,0.0,0.0
2023-07-03,20.767,8.19,8.329,20.824
2023-07-04,20.506,8.15,8.141,20.64
2023-07-05,20.056,7.96,7.868,20.256
2023-07-06,19.967,8.045,7.933,20.007
2023-07-07,20.033,8.068,8.034,19.949
2023-07-08,0.0,0.0,0.0,0.0
2023-07-09,0.0,0.0,0.0,0.0
2023-07-10,19.85,8.305,8.134,19.957
2023-07-11,19.739,8.095,8.197,19.72
2023-07-12,19.894,8.105,8.092,19.586
2023-07-13,20.067,7.98,8.046,19.953
2023-07-14,19.978,7.815,7.924,19.944
2023-07-15,0.0,0.0,0.0,0.0
2023-07-16,0.0,0.0,0.0,0.0
2023-07-17,19.689,7.75,7.842,19.89
2023-07-18,19.528,7.63,7.75,19.634
2023-07-19,19.306,7.495,7.637,19.501
2023-07-20,19.078,7.43,7.456,19.34
2023-07-21,19.117,7.67,7.568,19.164
2023-07-22,0.0,0.0,0.0,0.0
2023-07-23,0.0,0.0,0.0,0.0
2023-07-24,19.128,7.645,7.624,19.096
2023-07-25,19.106,7.545,7.562,19.08
2023-07-26,19.383,7.66,7.6,19.119
2023-07-27,19.572,7.7,7.66,19.351
2023-07-28,19.639,7.745,7.677,19.514
2023-07-29,0.0,0.0,0.0,0.0
2023-07-30,0.0,0.0,0.0,0.0
2023-07-31,19.85,8.04,7.844,19.654
2023-08-01,20.156,8.255,8.209,20.029
2023-08-02,20.089,8.05,8.153,20.086
2023-08-03,20.078,8.28,8.05,19.967
2023-08-04,20.389,8.295,8.238,20.023
2023-08-05,0.0,0.0,0.0,0.0
2023-08-06,0.0,0.0,0.0,0.0
2023-08-07,20.472,8.525,8.45,20.293
2023-08-08,20.494,8.38,8.543,20.501
2023-08-09,20.4,8.315,8.338,20.454
2023-08-10,20.328,8.045,8.228,20.373
2023-08-11,20.3,7.735,7.852,20.179
2023-08-12,0.0,0.0,0.0,0.0
2023-08-13,0.0,0.0,0.0,0.0
2023-08-14,20.289,7.72,7.811,20.187
2023-08-15,20.85,7.595,7.673,20.166
2023-08-16,21.544,8.1,7.943,21.177
2023-08-17,21.444,7.98,8.047,21.516
2023-08-18,21.228,7.84,7.926,21.336
2023-08-19,0.0,0.0,0.0,0.0
2023-08-20,0.0,0.0,0.0,0.0
2023-08-21,20.867,7.74,7.766,21.104
2023-08-22,20.25,7.73,7.761,20.707
2023-08-23,19.856,7.54,7.658,20.134
2023-08-24,19.272,7.29,7.539,19.9
2023-08-25,19.072,7.39,7.291,19.261
2023-08-26,0.0,0.0,0.0,0.0
2023-08-27,0.0,0.0,0.0,0.0
2023-08-28,19.257,7.441,7.441,19.257
2023-08-29,19.133,7.702,7.586,19.254
2023-08-30,18.989,7.505,7.562,19.17
2023-08-31,18.778,7.67,7.59,18.924
2023-09-01,18.672,7.67,7.604,18.783
2023-09-02,0.0,0.0,0.0,0.0
2023-09-03,0.0,0.0,0.0,0.0
2023-09-04,18.822,7.95,7.906,18.817
2023-09-05,18.939,7.79,7.909,18.89
2023-09-06,18.811,7.88,7.833,18.934
2023-09-07,18.95,8.265,7.929,18.847
2023-09-08,19.483,8.262,8.276,19.159
2023-09-09,0.0,0.0,0.0,0.0
2023-09-10,0.0,0.0,0.0,0.0
2023-09-11,19.683,8.3,8.294,19.523
2023-09-12,19.822,8.255,8.271,19.621
2023-09-13,20.067,8.36,8.303,19.721
2023-09-14,20.206,8.56,8.461,20.059
2023-09-15,20.472,8.85,8.679,20.23
2023-09-16,0.0,0.0,0.0,0.0
2023-09-17,0.0,0.0,0.0,0.0
2023-09-18,20.867,9.2,8.944,20.664
2023-09-19,21.633,9.645,9.322,21.226
2023-09-20,22.383,9.47,9.664,21.899
2023-09-21,22.117,9.015,9.261,22.02
2023-09-22,22.372,9.495,9.303,22.044
2023-09-23,0.0,0.0,0.0,0.0
2023-09-24,0.0,0.0,0.0,0.0
2023-09-25,22.556,9.69,9.522,22.329
2023-09-26,23.967,10.22,10.034,22.893
2023-09-27,24.128,10.35,10.218,23.979
2023-09-28,23.338,9.915,10.251,24.064
2023-09-29,23.331,9.87,0.0,0.0
2023-09-30,0.0,0.0,0.0,0.0
2023-10-01,0.0,0.0,0.0,0.0
2023-10-02,23.7,10.43,0.0,0.0
2023-10-03,24.256,10.755,0.0,0.0
2023-10-04,24.322,10.555,0.0,0.0
2023-10-05,24.767,10.655,0.0,0.0
2023-10-06,26.378,11.158,0.0,0.0
2023-10-07,0.0,0.0,0.0,0.0
2023-10-08,0.0,0.0,0.0,0.0
2023-10-09,26.644,11.295,11.236,26.567
2023-10-10,26.178,11.005,11.16,26.43
2023-10-11,25.783,10.5,10.65,26.029
2023-10-12,25.589,10.445,10.45,25.543
2023-10-13,25.733,10.41,10.394,25.45
2023-10-14,0.0,0.0,0.0,0.0
2023-10-15,0.0,0.0,0.0,0.0
2023-10-16,25.911,10.67,10.477,25.564
2023-10-17,26.444,11.03,10.693,25.847
2023-10-18,26.811,11.22,11.08,26.464
2023-10-19,26.4,10.78,10.893,26.343
2023-10-20,25.772,10.7,10.636,26.066
2023-10-21,0.0,0.0,0.0,0.0
2023-10-22,0.0,0.0,0.0,0.0
2023-10-23,25.317,10.655,10.741,25.606
2023-10-24,24.633,10.36,10.58,24.969
2023-10-25,23.778,9.745,10.15,24.17
2023-10-26,22.806,8.92,9.349,23.184
2023-10-27,21.428,8.545,8.673,22.356
2023-10-28,0.0,0.0,0.0,0.0
2023-10-29,0.0,0.0,0.0,0.0
2023-10-30,20.806,8.49,8.439,21.003
2023-10-31,20.839,8.475,8.427,20.727
2023-11-01,20.539,8.175,8.332,20.89
2023-11-02,20.156,8.025,8.064,20.327
2023-11-03,20.833,8.57,8.224,20.219
2023-11-04,0.0,0.0,0.0,0.0
2023-11-05,0.0,0.0,0.0,0.0
2023-11-06,21.311,9.48,8.828,20.806
2023-11-07,21.333,9.895,9.831,21.4
2023-11-08,21.05,9.37,9.293,21.251
2023-11-09,21.583,9.89,9.508,21.183
2023-11-10,21.989,9.995,9.886,21.691
2023-11-11,0.0,0.0,0.0,0.0
2023-11-12,0.0,0.0,0.0,0.0
2023-11-13,22.017,9.99,9.897,21.89
2023-11-14,21.911,9.95,9.97,22.103
2023-11-15,21.928,10.365,10.062,22.0
2023-11-16,22.506,10.67,10.48,22.179
2023-11-17,22.589,10.22,10.524,22.497
2023-11-18,0.0,0.0,0.0,0.0
2023-11-19,0.0,0.0,0.0,0.0
2023-11-20,22.278,9.965,10.058,22.38
2023-11-21,21.789,9.67,9.87,21.969
2023-11-22,21.572,9.16,9.438,21.541
2023-11-23,23.833,9.675,9.493,21.946
2023-11-24,26.433,11.015,10.079,24.104
2023-11-25,0.0,0.0,0.0,0.0
2023-11-26,0.0,0.0,0.0,0.0
2023-11-27,26.972,11.78,11.503,26.839
2023-11-28,26.956,11.195,11.643,26.869
2023-11-29,29.028,12.28,11.737,28.014
2023-11-30,31.628,13.05,12.778,31.331
2023-12-01,34.444,13.105,13.144,31.807
2023-12-02,0.0,0.0,0.0,0.0
2023-12-03,0.0,0.0,0.0,0.0
2023-12-04,35.022,13.745,13.178,34.979
2023-12-05,32.167,12.745,13.287,33.677
2023-12-06,29.417,11.74,12.403,31.2
2023-12-07,27.561,10.45,10.754,27.334
2023-12-08,28.361,11.47,10.893,28.119
2023-12-09,0.0,0.0,0.0,0.0
2023-12-10,0.0,0.0,0.0,0.0
2023-12-11,28.583,12.925,12.501,28.591
2023-12-12,28.417,14.465,13.53,28.777
2023-12-13,26.889,13.69,13.794,28.49
2023-12-14,24.861,14.885,14.21,27.523
2023-12-15,24.506,14.885,14.57,24.789
2023-12-16,0.0,0.0,0.0,0.0
2023-12-17,0.0,0.0,0.0,0.0
2023-12-18,24.389,14.295,14.43,24.509
2023-12-19,24.061,13.67,13.933,24.136
2023-12-20,23.861,12.495,12.762,23.707
2023-12-21,23.856,11.64,11.788,23.547
2023-12-22,24.989,11.185,11.283,23.479
2023-12-23,0.0,0.0,0.0,0.0
2023-12-24,0.0,0.0,0.0,0.0
2023-12-25,24.646,11.162,11.162,24.646
2023-12-26,24.647,11.018,11.018,24.647
2023-12-27,24.756,10.663,10.663,24.756
2023-12-28,25.534,10.85,10.85,25.534
2023-12-29,26.56,11.553,11.553,26.56
2023-12-30,0.0,0.0,0.0,0.0
2023-12-31,0.0,0.0,0.0,0.0
2024-01-01,0.0,0.0,0.0,0.0
2024-01-02,28.306,10.56,11.156,26.777
2024-01-03,29.417,10.08,10.45,27.936
2024-01-04,29.489,9.7,9.922,29.183
2024-01-05,29.397,9.975,9.776,29.35
2024-01-06,0.0,0.0,0.0,0.0
2024-01-07,0.0,0.0,0.0,0.0
2024-01-08,27.044,9.57,9.644,29.0
2024-01-09,25.25,8.565,8.801,26.04
2024-01-10,23.972,8.35,8.4,24.729
2024-01-11,22.689,8.195,8.092,23.089
2024-01-12,22.011,7.965,7.974,22.301
2024-01-13,0.0,0.0,0.0,0.0
2024-01-14,0.0,0.0,0.0,0.0
2024-01-15,20.844,7.82,7.891,21.87
2024-01-16,19.872,7.815,7.813,20.271
2024-01-17,19.556,7.8,7.833,19.656
2024-01-18,21.383,8.14,7.884,19.769
2024-01-19,23.833,8.77,8.522,22.493
2024-01-20,0.0,0.0,0.0,0.0
2024-01-21,0.0,0.0,0.0,0.0
2024-01-22,22.794,8.32,8.571,23.043
2024-01-23,21.461,7.79,8.006,22.113
2024-01-24,21.061,8.155,7.849,21.78
2024-01-25,20.783,7.925,8.146,21.291
2024-01-26,21.311,7.87,7.886,20.917
2024-01-27,0.0,0.0,0.0,0.0
2024-01-28,0.0,0.0,0.0,0.0
2024-01-29,21.311,7.67,7.752,21.071
2024-01-30,20.906,7.485,7.554,20.88
2024-01-31,21.722,7.965,7.938,21.024
2024-02-01,22.15,8.415,8.19,21.95
2024-02-02,22.15,8.475,8.394,22.14
2024-02-03,0.0,0.0,0.0,0.0
2024-02-04,0.0,0.0,0.0,0.0
2024-02-05,22.605,8.755,8.522,22.257
2024-02-06,24.125,9.22,9.05,23.084
2024-02-07,23.425,8.69,9.208,24.269
2024-02-08,23.49,8.235,8.378,23.127
2024-02-09,24.111,9.46,8.559,23.491
2024-02-10,0.0,0.0,0.0,0.0
2024-02-11,0.0,0.0,0.0,0.0
2024-02-12,24.667,9.625,0.0,0.0
2024-02-13,24.575,9.57,0.0,0.0
2024-02-14,24.275,9.26,0.0,0.0
2024-02-15,24.245,9.05,0.0,0.0
2024-02-16,24.195,9.7,0.0,0.0
2024-02-17,0.0,0.0,0.0,0.0
2024-02-18,0.0,0.0,0.0,0.0
2024-02-19,24.125,9.755,9.863,24.279
2024-02-20,23.92,9.485,9.521,24.054
2024-02-21,24.66,9.645,9.433,23.889
2024-02-22,25.65,10.39,9.732,24.666
2024-02-23,26.18,11.205,10.842,25.646
2024-02-24,0.0,0.0,0.0,0.0
2024-02-25,0.0,0.0,0.0,0.0
2024-02-26,26.35,10.95,11.158,26.343
2024-02-27,26.26,11.085,10.988,26.26
2024-02-28,27.465,12.16,11.546,26.8
2024-02-29,27.895,12.77,12.473,27.827
2024-03-01,28.767,13.645,13.35,28.394
2024-03-02,0.0,0.0,0.0,0.0
2024-03-03,0.0,0.0,0.0,0.0
2024-03-04,29.655,14.675,14.219,28.971
2024-03-05,29.575,14.46,14.447,29.411
2024-03-06,28.955,12.9,13.607,29.12
2024-03-07,30.105,13.745,13.348,29.264
2024-03-08,31.26,14.4,14.053,30.411
2024-03-09,0.0,0.0,0.0,0.0
2024-03-10,0.0,0.0,0.0,0.0
2024-03-11,31.63,14.535,14.47,31.354
2024-03-12,30.865,13.125,13.404,31.139
2024-03-13,31.7,12.945,12.942,30.906
2024-03-14,31.115,12.325,12.462,31.486
2024-03-15,30.98,12.24,12.34,31.143
2024-03-16,0.0,0.0,0.0,0.0
2024-03-17,0.0,0.0,0.0,0.0
2024-03-18,30.995,12.805,12.519,31.161
2024-03-19,30.655,13.075,13.156,31.159
2024-03-20,29.965,11.975,12.258,30.486
2024-03-21,29.01,12.155,12.025,29.693
2024-03-22,28.535,12.171,12.389,29.257
2024-03-23,0.0,0.0,0.0,0.0
2024-03-24,0.0,0.0,0.0,0.0
2024-03-25,27.95,11.32,11.852,28.3
2024-03-26,26.65,10.195,10.578,27.693
2024-03-27,25.695,9.515,9.844,26.336
2024-03-28,25.375,10.14,9.594,25.529
2024-03-29,25.436,10.095,10.095,25.436
2024-03-30,0.0,0.0,0.0,0.0
2024-03-31,0.0,0.0,0.0,0.0
2024-04-01,25.386,10.132,10.132,25.386
2024-04-02,23.69,9.64,9.767,24.95
2024-04-03,23.9,9.905,9.643,23.864
2024-04-04,24.05,9.6,0.0,0.0
2024-04-05,24.305,9.215,0.0,0.0
2024-04-06,0.0,0.0,0.0,0.0
2024-04-07,0.0,0.0,0.0,0.0
2024-04-08,24.35,8.955,9.146,23.929
2024-04-09,24.125,8.915,8.95,24.2
2024-04-10,24.95,8.99,8.979,24.457
2024-04-11,25.65,10.355,10.106,25.286
2024-04-12,25.865,10.76,10.544,25.771
2024-04-13,0.0,0.0,0.0,0.0
2024-04-14,0.0,0.0,0.0,0.0
2024-04-15,25.745,10.57,10.618,25.85
2024-04-16,26.41,10.915,10.894,25.954
2024-04-17,26.86,11.66,11.394,26.521
2024-04-18,27.255,11.735,11.779,26.944
2024-04-19,27.04,11.875,11.852,27.307
2024-04-20,0.0,0.0,0.0,0.0
2024-04-21,0.0,0.0,0.0,0.0
2024-04-22,26.43,11.275,11.682,26.964
2024-04-23,25.91,10.835,10.801,26.321
2024-04-24,25.69,10.45,10.672,26.0
2024-04-25,25.28,10.13,10.35,25.757
2024-04-26,25.13,9.915,9.948,25.336
2024-04-27,0.0,0.0,0.0,0.0
2024-04-28,0.0,0.0,0.0,0.0
2024-04-29,24.992,9.58,9.849,25.164
2024-04-30,25.145,9.965,9.76,25.007
2024-05-01,25.15,10.006,0.0,0.0
2024-05-02,25.76,10.445,0.0,0.0
2024-05-03,26.665,10.7,0.0,0.0
2024-05-04,0.0,0.0,0.0,0.0
2024-05-05,0.0,0.0,0.0,0.0
2024-05-06,26.764,11.001,11.001,26.764
2024-05-07,27.505,11.65,11.489,27.207
2024-05-08,27.76,11.86,11.779,27.689
2024-05-09,27.344,11.8,11.808,27.793
2024-05-10,27.05,11.715,11.594,27.286
2024-05-11,0.0,0.0,0.0,0.0
2024-05-12,0.0,0.0,0.0,0.0
2024-05-13,26.175,11.225,11.556,26.979
2024-05-14,25.21,11.07,11.108,25.961
2024-05-15,24.828,10.665,10.902,25.279
2024-05-16,24.78,10.135,10.306,24.536
2024-05-17,25.094,10.656,10.606,25.071
2024-05-18,0.0,0.0,0.0,0.0
2024-05-19,0.0,0.0,0.0,0.0
2024-05-20,25.333,10.511,10.738,25.214
2024-05-21,25.435,10.265,10.278,25.336
2024-05-22,25.16,10.24,10.201,25.371
2024-05-23,24.975,9.805,9.978,24.979
2024-05-24,24.765,10.095,9.883,24.85
2024-05-25,0.0,0.0,0.0,0.0
2024-05-26,0.0,0.0,0.0,0.0
2024-05-27,24.831,10.072,10.072,24.831
2024-05-28,24.375,9.985,10.017,24.738
2024-05-29,24.3,10.1,9.966,24.336
2024-05-30,23.97,10.885,10.561,24.379
2024-05-31,24.255,11.135,11.1,24.221
2024-06-01,0.0,0.0,0.0,0.0
2024-06-02,0.0,0.0,0.0,0.0
2024-06-03,24.515,11.065,11.165,24.394
2024-06-04,24.71,11.105,11.039,24.504
2024-06-05,25.24,11.185,11.251,24.877
2024-06-06,25.506,11.215,11.336,25.357
2024-06-07,25.765,11.245,11.168,25.543
2024-06-08,0.0,0.0,0.0,0.0
2024-06-09,0.0,0.0,0.0,0.0
2024-06-10,26.085,10.875,0.0,0.0
2024-06-11,25.62,10.33,10.522,25.687
2024-06-12,25.535,10.095,10.191,25.436
2024-06-13,26.955,11.02,10.789,25.861
2024-06-14,26.785,10.62,10.611,26.664
2024-06-15,0.0,0.0,0.0,0.0
2024-06-16,0.0,0.0,0.0,0.0
2024-06-17,26.645,10.59,10.58,26.536
2024-06-18,26.595,10.74,10.599,26.629
2024-06-19,26.54,10.635,10.71,26.72
2024-06-20,27.335,11.025,11.044,27.113
2024-06-21,27.375,11.095,11.139,27.493
2024-06-22,0.0,0.0,0.0,0.0
2024-06-23,0.0,0.0,0.0,0.0
2024-06-24,27.29,10.745,11.072,27.314
2024-06-25,27.095,10.265,10.555,26.907
2024-06-26,28.01,10.595,10.368,27.093
2024-06-27,28.815,11.33,10.977,28.364
2024-06-28,29.2,11.165,11.249,28.9
2024-06-29,0.0,0.0,0.0,0.0
2024-06-30,0.0,0.0,0.0,0.0
2024-07-01,32.625,11.48,11.192,29.336
2024-07-02,32.3,12.17,12.011,32.271
2024-07-03,30.29,10.86,11.306,31.4
2024-07-04,29.19,10.745,10.834,29.464
2024-07-05,28.505,10.28,10.583,29.064
2024-07-06,0.0,0.0,0.0,0.0
2024-07-07,0.0,0.0,0.0,0.0
2024-07-08,28.155,10.26,10.311,28.114
2024-07-09,26.98,10.02,10.1,27.464
2024-07-10,26.985,9.935,9.911,26.886
2024-07-11,26.815,10.01,9.967,27.014
2024-07-12,27.13,10.02,10.011,26.793
2024-07-13,0.0,0.0,0.0,0.0
2024-07-14,0.0,0.0,0.0,0.0
2024-07-15,26.78,9.89,9.961,26.886
2024-07-16,26.225,9.2,9.694,26.464
2024-07-17,25.64,9.13,9.117,25.786
2024-07-18,26.135,9.565,9.278,25.864
2024-07-19,26.05,9.725,9.612,26.136
2024-07-20,0.0,0.0,0.0,0.0
2024-07-21,0.0,0.0,0.0,0.0
2024-07-22,25.97,9.705,9.708,25.979
2024-07-23,25.23,9.45,9.662,25.679
2024-07-24,24.91,9.37,9.422,25.114
2024-07-25,24.825,9.54,9.431,24.814
2024-07-26,24.69,9.52,9.503,24.679
2024-07-27,0.0,0.0,0.0,0.0
2024-07-28,0.0,0.0,0.0,0.0
2024-07-29,24.57,9.52,9.552,24.679
2024-07-30,24.405,9.445,9.472,24.5
2024-07-31,23.87,9.335,9.416,24.286
2024-08-01,23.69,9.485,9.371,23.817
2024-08-02,23.62,9.82,9.85,23.793
2024-08-03,0.0,0.0,0.0,0.0
2024-08-04,0.0,0.0,0.0,0.0
2024-08-05,23.67,9.735,9.852,23.721
2024-08-06,23.97,9.715,9.748,23.8
2024-08-07,24.315,9.885,9.802,24.164
2024-08-08,24.485,9.825,9.821,24.271
2024-08-09,24.695,9.88,9.876,24.464
2024-08-10,0.0,0.0,0.0,0.0
2024-08-11,0.0,0.0,0.0,0.0
2024-08-12,24.725,10.038,9.837,24.557
2024-08-13,25.135,10.365,10.171,24.779
2024-08-14,25.55,11.03,10.867,25.486
2024-08-15,25.117,10.375,10.328,25.314
2024-08-16,25.04,10.485,10.376,25.143
2024-08-17,0.0,0.0,0.0,0.0
2024-08-18,0.0,0.0,0.0,0.0
2024-08-19,25.215,10.755,10.528,25.129
2024-08-20,25.405,10.91,10.817,25.3
2024-08-21,25.765,11.185,11.023,25.55
2024-08-22,25.99,11.01,11.132,25.664
2024-08-23,26.28,11.005,11.018,25.986
2024-08-24,0.0,0.0,0.0,0.0
2024-08-25,0.0,0.0,0.0,0.0
2024-08-26,26.364,11.09,11.09,26.364
2024-08-27,26.46,10.985,11.073,26.357
2024-08-28,27.39,11.31,11.317,27.257
2024-08-29,28.14,11.635,11.479,27.593
2024-08-30,28.0,11.3,11.372,27.971
2024-08-31,0.0,0.0,0.0,0.0
2024-09-01,0.0,0.0,0.0,0.0
2024-09-02,28.095,11.785,11.378,28.107
2024-09-03,28.12,11.765,11.837,28.097
2024-09-04,27.74,11.135,11.282,27.921
2024-09-05,27.535,11.455,11.298,27.621
2024-09-06,27.63,11.89,11.717,27.574
2024-09-07,0.0,0.0,0.0,0.0
2024-09-08,0.0,0.0,0.0,0.0
2024-09-09,27.915,11.96,11.86,27.681
2024-09-10,27.775,11.51,11.61,27.793
2024-09-11,27.735,11.73,11.473,27.574
2024-09-12,27.49,11.485,11.603,27.597
2024-09-13,26.995,11.3,11.365,27.236
2024-09-14,0.0,0.0,0.0,0.0
2024-09-15,0.0,0.0,0.0,0.0
2024-09-16,26.706,11.64,0.0,0.0
2024-09-17,26.45,11.8,0.0,0.0
2024-09-18,26.539,11.53,11.482,26.629
2024-09-19,28.225,11.885,11.794,28.0
2024-09-20,28.035,11.685,11.676,28.25
2024-09-21,0.0,0.0,0.0,0.0
2024-09-22,0.0,0.0,0.0,0.0
2024-09-23,28.015,11.775,11.695,28.043
2024-09-24,28.225,11.68,11.589,28.001
2024-09-25,28.26,11.59,11.589,28.014
2024-09-26,28.49,11.59,11.549,28.029
2024-09-27,28.34,11.48,11.46,28.35
2024-09-28,0.0,0.0,0.0,0.0
2024-09-29,0.0,0.0,0.0,0.0
2024-09-30,28.17,11.655,11.593,28.271
2024-10-01,27.75,11.39,0.0,0.0
2024-10-02,27.169,11.095,0.0,0.0
2024-10-03,27.117,10.88,0.0,0.0
2024-10-04,27.095,10.73,0.0,0.0
2024-10-05,0.0,0.0,0.0,0.0
2024-10-06,0.0,0.0,0.0,0.0
2024-10-07,26.945,10.65,0.0,0.0
2024-10-08,26.365,10.055,10.139,26.607
2024-10-09,25.967,9.67,9.823,26.05
2024-10-10,25.725,9.675,9.636,25.771
2024-10-11,25.655,10.025,9.713,25.643
2024-10-12,0.0,0.0,0.0,0.0
2024-10-13,0.0,0.0,0.0,0.0
2024-10-14,25.35,10.25,10.114,25.579
2024-10-15,24.79,9.83,9.867,25.007
2024-10-16,23.96,9.35,9.361,24.293
2024-10-17,22.24,8.75,9.017,23.343
2024-10-18,22.1,8.965,8.872,22.336
2024-10-19,0.0,0.0,0.0,0.0
2024-10-20,0.0,0.0,0.0,0.0
2024-10-21,21.84,8.86,8.941,22.057
2024-10-22,21.14,8.465,8.461,21.25
2024-10-23,20.85,8.715,8.463,20.9
2024-10-24,20.885,8.775,8.729,20.829
2024-10-25,20.905,8.735,8.711,20.836
2024-10-26,0.0,0.0,0.0,0.0
2024-10-27,0.0,0.0,0.0,0.0
2024-10-28,20.85,8.555,8.637,20.819
2024-10-29,20.81,8.74,8.667,20.783
2024-10-30,20.455,8.62,8.632,20.711
2024-10-31,20.425,8.63,8.591,20.4
2024-11-01,20.485,8.605,8.609,20.389
2024-11-02,0.0,0.0,0.0,0.0
2024-11-03,0.0,0.0,0.0,0.0
2024-11-04,20.38,8.82,8.666,20.386
2024-11-05,20.845,9.35,9.15,20.636
2024-11-06,21.135,9.232,9.3,20.829
2024-11-07,21.49,9.425,9.306,21.143
2024-11-08,22.145,9.78,9.6,21.543
2024-11-09,0.0,0.0,0.0,0.0
2024-11-10,0.0,0.0,0.0,0.0
2024-11-11,23.27,10.005,9.787,22.186
2024-11-12,24.535,10.275,10.206,23.607
2024-11-13,24.15,10.19,10.245,24.307
2024-11-14,24.78,10.45,10.193,24.214
2024-11-15,25.775,11.63,11.494,25.221
2024-11-16,0.0,0.0,0.0,0.0
2024-11-17,0.0,0.0,0.0,0.0
2024-11-18,25.675,11.23,11.433,25.607
2024-11-19,24.31,9.825,9.994,24.607
2024-11-20,24.07,10.4,10.186,24.464
2024-11-21,23.77,10.325,10.433,24.086
2024-11-22,23.375,9.96,10.033,23.557
2024-11-23,0.0,0.0,0.0,0.0
2024-11-24,0.0,0.0,0.0,0.0
2024-11-25,23.09,10.145,9.9,23.243
2024-11-26,22.995,10.585,10.577,23.179
2024-11-27,22.01,9.895,10.067,22.771
2024-11-28,20.865,9.36,9.749,21.743
2024-11-29,20.05,8.87,8.956,20.329
2024-11-30,0.0,0.0,0.0,0.0
2024-12-01,0.0,0.0,0.0,0.0
2024-12-02,19.19,8.705,8.741,19.821
2024-12-03,18.93,8.275,8.511,19.143
2024-12-04,18.13,7.65,7.767,18.671
2024-12-05,17.51,7.375,7.528,17.993
2024-12-06,17.48,7.415,7.403,17.6
2024-12-07,0.0,0.0,0.0,0.0
2024-12-08,0.0,0.0,0.0,0.0
2024-12-09,17.56,7.42,7.418,17.6
2024-12-10,17.44,7.3,7.352,17.507
2024-12-11,17.15,6.93,6.956,17.279
2024-12-12,16.205,6.795,6.853,16.764
2024-12-13,16.23,6.99,6.93,16.357
2024-12-14,0.0,0.0,0.0,0.0
2024-12-15,0.0,0.0,0.0,0.0
2024-12-16,16.78,7.34,7.172,16.379
2024-12-17,16.685,6.86,6.85,16.436
2024-12-18,16.464,6.505,6.718,16.464
2024-12-19,16.615,6.245,6.333,16.35
2024-12-20,16.69,6.385,6.261,16.571
2024-12-21,0.0,0.0,0.0,0.0
2024-12-22,0.0,0.0,0.0,0.0
2024-12-23,16.98,6.42,6.398,16.893
2024-12-24,17.015,6.54,6.522,17.057
2024-12-25,17.057,6.543,6.543,17.057
2024-12-26,16.971,6.408,6.408,16.971
2024-12-27,16.957,6.371,6.371,16.957
2024-12-28,0.0,0.0,0.0,0.0
2024-12-29,0.0,0.0,0.0,0.0
2024-12-30,16.936,6.299,6.299,16.936
2024-12-31,17.19,6.421,6.421,17.19
2025-01-01,0.0,0.0,0.0,0.0
2025-01-02,18.035,6.73,6.504,18.036
2025-01-03,18.285,7.275,6.937,18.329
2025-01-04,0.0,0.0,0.0,0.0
2025-01-05,0.0,0.0,0.0,0.0
2025-01-06,17.64,6.84,6.894,17.993
2025-01-07,17.33,6.525,6.658,17.364
2025-01-08,17.08,6.21,6.242,17.143
2025-01-09,17.345,6.11,6.201,17.114
2025-01-10,18.155,6.245,6.179,17.371
2025-01-11,0.0,0.0,0.0,0.0
2025-01-12,0.0,0.0,0.0,0.0
2025-01-13,18.51,6.63,6.413,18.214
2025-01-14,18.215,6.45,6.542,18.45
2025-01-15,18.05,6.54,6.479,18.243
2025-01-16,17.97,6.4,6.56,18.057
2025-01-17,18.005,6.405,6.432,17.95
2025-01-18,0.0,0.0,0.0,0.0
2025-01-19,0.0,0.0,0.0,0.0
2025-01-20,17.885,6.21,6.356,17.943
2025-01-21,17.68,6.255,6.262,17.851
2025-01-22,17.745,6.205,6.223,17.607
2025-01-23,17.48,5.95,6.05,17.6
2025-01-24,17.095,5.85,5.944,17.471
2025-01-25,0.0,0.0,0.0,0.0
2025-01-26,0.0,0.0,0.0,0.0
2025-01-27,17.159,5.861,5.861,17.159
2025-01-28,17.15,5.705,0.0,0.0
2025-01-29,17.222,5.72,0.0,0.0
2025-01-30,17.089,5.885,0.0,0.0
2025-01-31,17.14,6.22,0.0,0.0
2025-02-01,0.0,0.0,0.0,0.0
2025-02-02,0.0,0.0,0.0,0.0
2025-02-03,17.04,6.27,0.0,0.0
2025-02-04,16.92,6.375,0.0,0.0
2025-02-05,16.895,6.705,6.431,16.964
2025-02-06,16.955,6.695,6.701,16.879
2025-02-07,17.16,6.71,6.723,16.979
2025-02-08,0.0,0.0,0.0,0.0
2025-02-09,0.0,0.0,0.0,0.0
2025-02-10,17.165,6.445,6.378,16.986
2025-02-11,17.07,6.36,6.355,17.043
2025-02-12,16.76,6.0,6.311,16.994
2025-02-13,16.685,6.045,6.011,16.671
2025-02-14,16.755,6.03,6.044,16.707
2025-02-15,0.0,0.0,0.0,0.0
2025-02-16,0.0,0.0,0.0,0.0
2025-02-17,16.8,6.015,6.048,16.779
2025-02-18,16.955,6.05,6.062,16.836
2025-02-19,17.25,6.385,6.12,16.993
2025-02-20,17.645,6.34,6.409,17.286
2025-02-21,18.2,6.485,6.428,17.75
2025-02-22,0.0,0.0,0.0,0.0
2025-02-23,0.0,0.0,0.0,0.0
2025-02-24,18.31,6.65,6.533,18.286
2025-02-25,18.66,7.185,7.194,18.579
2025-02-26,19.205,8.2,7.867,18.986
2025-02-27,19.83,8.695,8.231,19.55
2025-02-28,19.875,9.855,9.249,20.129
2025-03-01,0.0,0.0,0.0,0.0
2025-03-02,0.0,0.0,0.0,0.0
2025-03-03,20.067,10.535,10.067,20.079
2025-03-04,19.955,10.455,10.576,20.214
2025-03-05,20.125,9.61,9.761,19.693
2025-03-06,20.955,10.13,9.784,20.35
2025-03-07,22.715,10.095,10.031,21.007
2025-03-08,0.0,0.0,0.0,0.0
2025-03-09,0.0,0.0,0.0,0.0
2025-03-10,22.87,10.075,9.966,22.5
2025-03-11,22.725,10.06,10.049,22.829
2025-03-12,24.05,11.095,10.583,23.014
2025-03-13,24.625,11.58,11.488,24.65
2025-03-14,24.355,10.665,11.237,24.814
2025-03-15,0.0,0.0,0.0,0.0
2025-03-16,0.0,0.0,0.0,0.0
2025-03-17,24.371,10.042,10.429,24.293
2025-03-18,24.115,9.805,9.882,24.129
2025-03-19,24.0,9.675,9.622,23.971
2025-03-20,24.08,9.655,9.536,23.95
2025-03-21,24.485,9.35,9.503,24.114
2025-03-22,0.0,0.0,0.0,0.0
2025-03-23,0.0,0.0,0.0,0.0
2025-03-24,25.0,9.33,9.294,24.493
2025-03-25,24.71,9.03,9.061,24.829
2025-03-26,24.145,8.69,8.789,24.5
2025-03-27,23.68,8.635,8.649,23.957
2025-03-28,23.08,8.655,8.642,23.479
2025-03-29,0.0,0.0,0.0,0.0
2025-03-30,0.0,0.0,0.0,0.0
2025-03-31,23.0,8.675,8.637,22.986
2025-04-01,22.79,8.745,8.731,22.957
2025-04-02,22.45,9.235,8.881,22.707
2025-04-03,22.175,9.35,9.278,22.35
2025-04-04,21.815,8.78,0.0,0.0
2025-04-05,0.0,0.0,0.0,0.0
2025-04-06,0.0,0.0,0.0,0.0
2025-04-07,20.67,7.93,8.203,21.3
2025-04-08,19.805,7.61,7.709,20.507
2025-04-09,18.7,7.265,7.292,19.643
2025-04-10,18.915,7.59,7.407,19.057
2025-04-11,19.185,7.735,7.627,19.143
2025-04-12,0.0,0.0,0.0,0.0
2025-04-13,0.0,0.0,0.0,0.0
2025-04-14,19.31,7.79,7.798,19.436
2025-04-15,18.735,7.56,7.698,19.114
2025-04-16,18.555,7.225,7.256,18.521
2025-04-17,18.825,7.14,7.142,18.593
2025-04-18,18.876,7.146,7.146,18.876
2025-04-19,0.0,0.0,0.0,0.0
2025-04-20,0.0,0.0,0.0,0.0
2025-04-21,18.907,7.216,7.216,18.907
2025-04-22,18.685,7.085,7.093,18.729
2025-04-23,19.02,7.33,7.171,18.75
2025-04-24,19.485,7.755,7.459,19.1
2025-04-25,19.755,7.815,7.751,19.45
2025-04-26,0.0,0.0,0.0,0.0
2025-04-27,0.0,0.0,0.0,0.0
2025-04-28,19.845,8.07,7.835,19.671
2025-04-29,19.695,8.005,7.963,19.636
2025-04-30,19.45,8.025,8.006,19.693
2025-05-01,19.375,8.061,0.0,0.0
2025-05-02,19.345,8.005,0.0,0.0
2025-05-03,0.0,0.0,0.0,0.0
2025-05-04,0.0,0.0,0.0,0.0
2025-05-05,0.0,0.0,0.0,0.0
2025-05-06,19.156,7.9,7.922,19.379
2025-05-07,18.91,7.8,7.839,19.079
2025-05-08,18.405,7.69,7.744,18.771
2025-05-09,18.215,7.49,7.571,18.371
2025-05-10,0.0,0.0,0.0,0.0
2025-05-11,0.0,0.0,0.0,0.0
2025-05-12,18.36,7.56,7.56,18.35
2025-05-13,18.185,7.415,7.46,18.324
2025-05-14,18.155,7.3,7.352,18.1
2025-05-15,18.665,7.47,7.383,18.236
2025-05-16,19.405,8.195,7.702,18.857
2025-05-17,0.0,0.0,0.0,0.0
2025-05-18,0.0,0.0,0.0,0.0
2025-05-19,18.67,7.705,7.977,19.129
2025-05-20,18.27,7.885,7.589,18.45
2025-05-21,18.585,8.215,7.893,18.343
2025-05-22,18.755,8.36,8.285,18.736
2025-05-23,18.835,8.55,8.484,18.857
2025-05-24,0.0,0.0,0.0,0.0
2025-05-25,0.0,0.0,0.0,0.0
2025-05-26,18.836,8.526,8.526,18.836
2025-05-27,19.12,8.27,8.406,18.921
2025-05-28,19.67,8.35,8.308,19.243
2025-05-29,20.106,8.767,8.561,19.864
2025-05-30,22.0,8.945,8.813,20.421
2025-05-31,0.0,0.0,0.0,0.0
2025-06-01,0.0,0.0,0.0,0.0
2025-06-02,21.99,8.965,0.0,0.0
2025-06-03,21.884,9.265,8.941,21.786
2025-06-04,22.3,9.76,9.463,21.771
2025-06-05,24.594,10.544,10.278,23.464
2025-06-06,24.489,10.445,10.394,24.143
2025-06-07,0.0,0.0,0.0,0.0
2025-06-08,0.0,0.0,0.0,0.0
2025-06-09,24.133,10.091,10.217,24.214
2025-06-10,23.41,9.74,9.677,23.4
2025-06-11,24.77,9.51,9.549,23.329
2025-06-12,26.3,10.37,9.707,24.807
2025-06-13,26.63,11.015,10.967,26.264
2025-06-14,0.0,0.0,0.0,0.0
2025-06-15,0.0,0.0,0.0,0.0
2025-06-16,26.6,10.99,11.046,26.75
2025-06-17,26.075,10.42,10.528,25.871
2025-06-18,24.53,9.52,9.617,25.071
2025-06-19,22.85,9.315,9.383,23.614
2025-06-20,22.395,9.24,9.252,22.65
2025-06-21,0.0,0.0,0.0,0.0
2025-06-22,0.0,0.0,0.0,0.0
2025-06-23,22.47,9.175,9.177,22.143
2025-06-24,23.175,8.923,9.081,22.657
2025-06-25,22.55,8.41,8.775,22.679
2025-06-26,21.62,6.88,7.433,21.857
2025-06-27,20.935,6.67,6.792,21.164
2025-06-28,0.0,0.0,0.0,0.0
2025-06-29,0.0,0.0,0.0,0.0
2025-06-30,19.985,6.905,6.847,20.693
2025-07-01,19.415,6.945,6.938,19.838
2025-07-02,18.77,7.06,7.037,18.925
2025-07-03,18.75,7.385,7.137,18.706
2025-07-04,18.672,7.44,7.394,18.613
2025-07-05,0.0,0.0,0.0,0.0
2025-07-06,0.0,0.0,0.0,0.0
2025-07-07,18.605,7.565,7.469,18.614
2025-07-08,18.445,7.515,7.607,18.556
2025-07-09,18.425,7.315,7.467,18.313
2025-07-10,18.82,7.535,7.377,18.413
2025-07-11,19.985,8.22,7.754,19.325
2025-07-12,0.0,0.0,0.0,0.0
2025-07-13,0.0,0.0,0.0,0.0
2025-07-14,20.4,8.138,8.232,20.181
2025-07-15,20.995,8.42,8.179,20.513
2025-07-16,21.455,8.795,8.472,21.006
2025-07-17,22.714,9.745,9.07,21.95
2025-07-18,23.045,9.62,9.68,22.788
2025-07-19,0.0,0.0,0.0,0.0
2025-07-20,0.0,0.0,0.0,0.0
2025-07-21,22.93,9.51,9.522,22.869
2025-07-22,23.115,9.565,9.496,22.85
2025-07-23,23.88,10.05,9.872,23.588
2025-07-24,24.7,10.575,10.4,24.183
2025-07-25,24.745,10.285,10.418,24.538
2025-07-26,0.0,0.0,0.0,0.0
2025-07-27,0.0,0.0,0.0,0.0
2025-07-28,24.585,10.25,10.179,24.681
2025-07-29,24.005,9.952,10.155,24.231
2025-07-30,23.415,9.775,9.838,23.588
2025-07-31,23.805,10.295,9.965,23.463
2025-08-01,24.185,10.67,10.37,24.006
2025-08-02,0.0,0.0,0.0,0.0
2025-08-03,0.0,0.0,0.0,0.0
2025-08-04,23.915,9.915,10.257,23.825
2025-08-05,23.665,9.6,9.645,23.638
2025-08-06,24.135,10.37,10.145,23.869
2025-08-07,24.075,9.985,10.172,24.131
2025-08-08,25.02,10.6,10.37,24.356
2025-08-09,0.0,0.0,0.0,0.0
2025-08-10,0.0,0.0,0.0,0.0
2025-08-11,25.035,10.475,10.575,24.95
2025-08-12,24.925,10.16,10.375,24.756
2025-08-13,25.075,9.975,10.096,24.863
2025-08-14,25.1,10.145,10.146,25.156
2025-08-15,24.872,9.897,10.035,24.863
2025-08-16,0.0,0.0,0.0,0.0
2025-08-17,0.0,0.0,0.0,0.0
2025-08-18,24.51,9.767,9.775,24.531
2025-08-19,24.0,9.195,9.53,24.256
2025-08-20,23.475,9.04,9.175,23.725
2025-08-21,23.269,8.75,8.889,23.238
2025-08-22,23.44,9.395,9.14,23.263
2025-08-23,0.0,0.0,0.0,0.0
2025-08-24,0.0,0.0,0.0,0.0
2025-08-25,23.663,10.01,10.01,23.663
2025-08-26,24.72,10.72,10.815,24.231
2025-08-27,24.71,10.325,10.48,24.663
2025-08-28,24.435,10.025,10.155,24.363
2025-08-29,24.48,10.2,10.108,24.506
2025-08-30,0.0,0.0,0.0,0.0
2025-08-31,0.0,0.0,0.0,0.0
2025-09-01,24.465,10.265,10.205,24.575
2025-09-02,24.265,10.11,10.195,24.469
2025-09-03,23.695,9.952,10.056,24.288
2025-09-04,23.655,10.11,10.085,23.994
2025-09-05,23.57,9.99,10.116,23.713
2025-09-06,0.0,0.0,0.0,0.0
2025-09-07,0.0,0.0,0.0,0.0
2025-09-08,23.675,10.36,10.09,23.75
2025-09-09,24.06,10.51,10.531,23.913
2025-09-10,24.09,10.59,10.591,24.15
2025-09-11,23.71,10.295,10.474,24.056
2025-09-12,23.59,10.245,10.235,23.713
2025-09-13,0.0,0.0,0.0,0.0
2025-09-14,0.0,0.0,0.0,0.0
2025-09-15,23.78,10.62,10.47,23.688
2025-09-16,23.94,10.4,10.595,23.856
2025-09-17,24.03,10.585,10.6,23.975
2025-09-18,24.52,10.955,10.78,24.319
2025-09-19,24.77,10.94,10.946,24.638
2025-09-20,0.0,0.0,0.0,0.0
2025-09-21,0.0,0.0,0.0,0.0
2025-09-22,24.845,10.775,10.903,24.7
2025-09-23,25.015,10.77,10.768,24.838
2025-09-24,25.75,10.815,10.815,25.213
2025-09-25,25.985,11.0,10.895,25.831
2025-09-26,25.935,10.9,11.03,26.056
2025-09-27,0.0,0.0,0.0,0.0
2025-09-28,0.0,0.0,0.0,0.0
2025-09-29,25.755,10.575,10.765,25.894
2025-09-30,24.74,10.095,10.335,25.463
2025-10-01,23.725,9.07,0.0,0.0
2025-10-02,23.52,8.91,0.0,0.0
2025-10-03,23.533,8.975,0.0,0.0
2025-10-04,0.0,0.0,0.0,0.0
2025-10-05,0.0,0.0,0.0,0.0
2025-10-06,23.872,9.295,0.0,0.0
2025-10-07,23.967,9.46,0.0,0.0
2025-10-08,24.05,9.5,0.0,0.0
2025-10-09,23.55,9.39,9.57,24.163
2025-10-10,23.56,9.625,9.583,23.644
2025-10-11,0.0,0.0,0.0,0.0
2025-10-12,0.0,0.0,0.0,0.0
2025-10-13,25.2,12.15,10.765,24.55
2025-10-14,23.709,10.305,10.88,24.875
2025-10-15,23.295,10.165,10.346,23.613
2025-10-16,24.213,10.555,10.39,23.844
2025-10-17,24.523,10.485,10.526,24.319
2025-10-18,0.0,0.0,0.0,0.0
2025-10-19,0.0,0.0,0.0,0.0
2025-10-20,24.518,10.48,10.492,24.426
2025-10-21,24.605,10.69,10.615,24.544
2025-10-22,24.309,10.75,10.639,24.569
2025-10-23,23.659,10.405,10.52,24.269
2025-10-24,22.845,9.705,9.7,23.244
2025-10-25,0.0,0.0,0.0,0.0
2025-10-26,0.0,0.0,0.0,0.0
2025-10-27,22.764,9.625,9.685,22.925
2025-10-28,22.477,9.347,9.538,22.606
2025-10-29,22.773,9.325,9.355,22.469
2025-10-30,23.377,9.515,9.483,23.106
2025-10-31,23.314,9.28,9.487,23.319
2025-11-01,0.0,0.0,0.0,0.0
2025-11-02,0.0,0.0,0.0,0.0
2025-11-03,23.014,9.12,9.188,23.113
2025-11-04,22.991,9.485,9.305,22.95
2025-11-05,23.168,10.085,9.625,23.15
2025-11-06,23.432,10.55,10.209,23.375
2025-11-07,23.418,10.365,10.45,23.531
2025-11-08,0.0,0.0,0.0,0.0
2025-11-09,0.0,0.0,0.0,0.0
2025-11-10,23.305,10.32,10.362,23.413
2025-11-11,23.123,10.245,10.242,23.338
2025-11-12,22.727,9.5,10.03,23.158
2025-11-13,22.777,10.035,9.71,22.894
2025-11-14,23.505,10.295,10.244,23.056
2025-11-15,0.0,0.0,0.0,0.0
2025-11-16,0.0,0.0,0.0,0.0
2025-11-17,23.605,10.315,10.32,23.475
2025-11-18,24.377,10.785,10.472,23.769
2025-11-19,24.727,10.785,10.834,24.388
2025-11-20,24.72,10.785,10.724,24.513
2025-11-21,24.632,10.48,10.704,24.531
2025-11-22,0.0,0.0,0.0,0.0
2025-11-23,0.0,0.0,0.0,0.0
2025-11-24,24.741,10.695,10.493,24.513
2025-11-25,24.745,10.595,10.685,24.644
2025-11-26,24.691,10.96,10.73,24.638
2025-11-27,24.523,11.605,11.121,24.706
2025-11-28,25.091,11.89,11.461,24.656
2025-11-29,0.0,0.0,0.0,0.0
2025-11-30,0.0,0.0,0.0,0.0
2025-12-01,25.282,12.075,11.939,25.188
2025-12-02,25.436,12.21,12.238,25.3
2025-12-03,25.868,12.605,12.421,25.419
2025-12-04,25.718,12.075,12.541,25.806
2025-12-05,25.059,12.02,11.953,25.369
2025-12-06,0.0,0.0,0.0,0.0
2025-12-07,0.0,0.0,0.0,0.0
2025-12-08,24.823,12.115,12.013,25.031
2025-12-09,24.168,11.64,11.76,24.838
2025-12-10,22.764,10.855,11.339,24.013
2025-12-11,22.014,10.13,10.544,22.838
2025-12-12,21.886,10.49,10.11,22.031
2025-12-13,0.0,0.0,0.0,0.0
2025-12-14,0.0,0.0,0.0,0.0
2025-12-15,22.155,10.82,10.409,21.988
2025-12-16,24.995,10.525,10.554,22.694
2025-12-17,24.295,10.365,10.249,24.625
2025-12-18,24.073,10.5,10.272,23.944
2025-12-19,24.177,10.095,10.247,23.925
2025-12-20,0.0,0.0,0.0,0.0
2025-12-21,0.0,0.0,0.0,0.0
2025-12-22,24.214,9.795,9.675,24.031
2025-12-23,23.75,8.745,8.86,23.831
2025-12-24,23.618,8.915,8.75,23.569
2025-12-25,23.528,8.858,8.858,23.528
2025-12-26,23.425,8.894,8.894,23.425
2025-12-27,0.0,0.0,0.0,0.0
2025-12-28,0.0,0.0,0.0,0.0
2025-12-29,23.275,8.795,8.795,23.275
2025-12-30,22.906,8.61,8.61,22.906
2025-12-31,22.663,8.59,8.59,22.663
2026-01-01,0.0,0.0,0.0,0.0
2026-01-02,22.214,8.46,0.0,0.0
2026-01-03,0.0,0.0,0.0,0.0
2026-01-04,0.0,0.0,0.0,0.0
2026-01-05,21.936,8.3,8.4,22.138
2026-01-06,22.2,8.13,8.29,21.938
2026-01-07,21.723,7.99,8.183,22.058
2026-01-08,21.077,7.88,7.923,21.594
2026-01-09,20.823,7.855,7.839,21.131
2026-01-10,0.0,0.0,0.0,0.0
2026-01-11,0.0,0.0,0.0,0.0
2026-01-12,20.786,7.71,7.81,20.994
2026-01-13,20.327,7.515,7.555,20.831
2026-01-14,19.182,7.545,7.52,20.375
2026-01-15,19.259,7.225,7.568,19.538
2026-01-16,19.559,7.45,7.233,19.413
2026-01-17,0.0,0.0,0.0,0.0
2026-01-18,0.0,0.0,0.0,0.0
2026-01-19,20.277,8.11,7.47,19.614
2026-01-20,20.932,8.495,8.216,20.319
2026-01-21,21.95,8.625,8.565,21.081
2026-01-22,21.886,7.78,8.528,21.788
2026-01-23,21.777,7.855,7.803,21.588
2026-01-24,0.0,0.0,0.0,0.0
2026-01-25,0.0,0.0,0.0,0.0
2026-01-26,21.975,7.975,7.836,21.669
2026-01-27,23.95,9.175,8.81,22.363
2026-01-28,24.286,9.015,9.233,24.081
2026-01-29,24.245,8.835,8.882,23.963
2026-01-30,26.218,9.835,9.689,25.006
2026-01-31,0.0,0.0,0.0,0.0
2026-02-01,0.0,0.0,0.0,0.0
2026-02-02,25.868,9.345,9.699,25.831
2026-02-03,24.568,8.505,8.89,25.206
2026-02-04,23.727,8.345,8.351,23.963
2026-02-05,23.55,8.405,8.34,23.569
2026-02-06,23.195,8.435,8.451,23.456
2026-02-07,0.0,0.0,0.0,0.0
2026-02-08,0.0,0.0,0.0,0.0
2026-02-09,22.986,8.067,8.484,23.163
2026-02-10,22.35,7.944,8.057,22.894
2026-02-11,22.864,8.417,8.269,22.575
2026-02-12,24.209,9.378,8.807,23.394
2026-02-13,23.923,9.272,9.303,24.181
2026-02-14,0.0,0.0,0.0,0.0
2026-02-15,0.0,0.0,0.0,0.0
2026-02-16,23.86,9.517,0.0,0.0
2026-02-17,23.825,9.494,0.0,0.0
2026-02-18,23.48,9.45,0.0,0.0
2026-02-19,23.382,9.217,0.0,0.0
2026-02-20,23.855,9.367,0.0,0.0
2026-02-21,0.0,0.0,0.0,0.0
2026-02-22,0.0,0.0,0.0,0.0
2026-02-23,24.323,10.172,0.0,0.0
2026-02-24,24.423,10.174,10.188,24.375
2026-02-25,23.95,9.9,10.052,24.219
2026-02-26,23.468,9.828,9.845,23.744
2026-02-27,23.45,10.239,10.048,23.669
2026-02-28,0.0,0.0,0.0,0.0
2026-03-01,0.0,0.0,0.0,0.0
2026-03-02,23.975,10.489,10.414,23.931
2026-03-03,25.232,11.094,10.945,24.556
2026-03-04,25.955,11.322,11.395,25.663
2026-03-05,25.773,10.522,11.032,26.063
2026-03-06,25.75,9.611,10.302,25.65
2026-03-07,0.0,0.0,0.0,0.0
2026-03-08,0.0,0.0,0.0,0.0
2026-03-09,27.705,12.87,11.261,26.45
2026-03-10,27.964,11.305,11.927,27.625
2026-03-11,27.95,11.67,11.276,27.538
2026-03-12,29.005,12.46,11.982,28.406
2026-03-13,29.395,13.48,12.961,29.663
2026-03-14,0.0,0.0,0.0,0.0
2026-03-15,0.0,0.0,0.0,0.0
2026-03-16,29.795,13.475,13.638,29.725
2026-03-17,29.895,12.725,13.333,29.694
2026-03-18,30.509,12.365,12.633,29.7
2026-03-19,30.732,11.88,12.277,30.456
2026-03-20,30.65,11.71,11.768,30.531
2026-03-21,0.0,0.0,0.0,0.0
2026-03-22,0.0,0.0,0.0,0.0
2026-03-23,30.545,11.65,11.546,30.369
2026-03-24,30.1,11.255,11.49,30.275
2026-03-25,30.25,10.59,10.851,30.031
2026-03-26,30.559,10.6,10.714,30.144
2026-03-27,30.482,10.99,10.76,30.663
2026-03-28,0.0,0.0,0.0,0.0
2026-03-29,0.0,0.0,0.0,0.0
2026-03-30,30.205,10.98,10.929,30.563
2026-03-31,30.123,11.12,10.933,30.175
2026-04-01,30.141,11.55,11.237,30.206
2026-04-02,30.164,11.635,11.545,30.15
2026-04-03,30.156,11.641,11.641,30.156
2026-04-04,0.0,0.0,0.0,0.0
2026-04-05,0.0,0.0,0.0,0.0
2026-04-06,0.0,0.0,0.0,0.0
2026-04-07,30.455,12.01,11.854,30.144
2026-04-08,30.523,12.16,12.115,30.431
2026-04-09,30.114,11.929,12.0,30.319
2026-04-10,30.2,12.02,11.889,29.981
2026-04-11,0.0,0.0,0.0,0.0
2026-04-12,0.0,0.0,0.0,0.0
2026-04-13,30.455,12.39,12.133,30.438
2026-04-14,31.855,13.08,12.567,30.956
2026-04-15,32.441,13.53,13.417,32.05
2026-04-16,32.377,13.28,13.494,32.358
2026-04-17,32.673,13.595,13.572,32.456
2026-04-18,0.0,0.0,0.0,0.0
2026-04-19,0.0,0.0,0.0,0.0
2026-04-20,33.714,13.605,13.711,32.875
2026-04-21,33.395,13.515,13.628,33.494
2026-04-22,33.268,13.25,13.589,33.119
2026-04-23,33.218,12.995,13.189,32.981
2026-04-24,33.068,13.0,12.878,33.0
2026-04-25,0.0,0.0,0.0,0.0
2026-04-26,0.0,0.0,0.0,0.0
2026-04-27,33.032,13.03,12.928,32.988
2026-04-28,33.118,13.2,13.261,33.056
2026-04-29,33.173,13.24,13.283,33.188
2026-04-30,34.455,13.44,13.306,33.388
2026-05-01,35.05,13.667,0.0,0.0
2026-05-02,0.0,0.0,0.0,0.0
2026-05-03,0.0,0.0,0.0,0.0
2026-05-04,0.0,0.0,0.0,0.0
2026-05-05,35.725,14.75,0.0,0.0
2026-05-06,36.909,15.71,15.133,36.175
2026-05-07,36.805,15.715,15.761,36.844
2026-05-08,35.509,15.2,15.25,36.188
2026-05-09,0.0,0.0,0.0,0.0
2026-05-10,0.0,0.0,0.0,0.0
2026-05-11,35.614,15.215,15.033,35.425
2026-05-12,35.736,15.175,15.078,35.569
2026-05-13,37.127,15.89,15.661,36.513
2026-05-14,36.925,15.433,15.581,36.981
2026-05-15,36.8,15.01,15.044,36.731
2026-05-16,0.0,0.0,0.0,0.0
2026-05-17,0.0,0.0,0.0,0.0
2026-05-18,36.605,14.79,14.956,36.6
2026-05-19,36.45,14.94,14.656,36.438
2026-05-20,36.323,15.295,15.061,36.488
2026-05-21,36.15,15.265,15.189,36.369
2026-05-22,36.241,15.625,15.45,36.244
2026-05-23,0.0,0.0,0.0,0.0
2026-05-24,0.0,0.0,0.0,0.0
2026-05-25,36.369,15.667,15.667,36.369
2026-05-26,36.923,16.29,15.961,36.656
2026-05-27,37.368,16.315,16.174,36.894
2026-05-28,37.791,16.87,16.449,37.366
2026-05-29,37.723,16.41,16.533,37.7
2026-05-30,0.0,0.0,0.0,0.0
2026-05-31,0.0,0.0,0.0,0.0
2026-06-01,37.645,16.39,16.338,37.665
2026-06-02,37.591,16.185,16.306,37.575
2026-06-03,36.85,15.27,15.461,37.238
2026-06-04,36.632,14.535,14.9,36.725
2026-06-05,36.5,13.92,14.139,36.544
2026-06-06,0.0,0.0,0.0,0.0
2026-06-07,0.0,0.0,0.0,0.0
2026-06-08,36.255,13.135,13.406,36.194
2026-06-09,35.65,12.18,12.289,35.881
2026-06-10,35.395,12.015,12.05,35.35
2026-06-11,35.977,10.935,11.151,35.206
2026-06-12,35.455,10.89,10.95,35.775
2026-06-13,0.0,0.0,0.0,0.0
2026-06-14,0.0,0.0,0.0,0.0
2026-06-15,34.509,10.76,10.761,35.194
2026-06-16,32.609,10.71,10.641,33.819
2026-06-17,31.75,10.73,10.667,32.406
2026-06-18,31.377,11.515,10.924,31.744
2026-06-19,31.718,12.44,0.0,0.0
2026-06-20,0.0,0.0,0.0,0.0
2026-06-21,0.0,0.0,0.0,0.0
2026-06-22,32.15,11.875,11.739,31.844
2026-06-23,32.361,11.66,11.538,32.264
2026-06-24,31.886,11.295,11.4,32.169
2026-06-25,30.091,10.715,11.078,31.419
2026-06-26,28.332,10.235,10.406,29.806
2026-06-27,0.0,0.0,0.0,0.0
2026-06-28,0.0,0.0,0.0,0.0
2026-06-29,28.082,10.16,10.239,28.7
2026-06-30,28.227,10.37,10.272,28.069
2026-07-01,28.782,10.82,10.606,28.525
2026-07-02,29.673,11.585,11.183,29.044
2026-07-03,30.114,12.245,11.817,29.789
2026-07-04,0.0,0.0,0.0,0.0
2026-07-05,0.0,0.0,0.0,0.0
2026-07-06,31.614,12.77,12.411,30.219
2026-07-07,32.306,13.35,13.189,31.988
2026-07-08,31.91,12.97,13.122,32.125
2026-07-09,32.06,13.225,13.061,31.781
2026-07-10,33.0,13.315,13.156,32.444
2026-07-11,0.0,0.0,0.0,0.0
2026-07-12,0.0,0.0,0.0,0.0
2026-07-13,33.11,13.485,13.3,32.894
2026-07-14,34.605,13.42,13.472,33.6
2026-07-15,34.025,13.295,13.25,34.288
2026-07-16,33.345,12.39,13.056,33.813
2026-07-17,32.717,11.805,12.233,32.831
2026-07-18,0.0,0.0,0.0,0.0
2026-07-19,0.0,0.0,0.0,0.0
2026-07-20,32.105,11.045,11.4,32.238
2026-07-21,32.3,11.17,11.061,32.088
2026-07-22,33.445,11.775,11.514,32.656
2026-07-23,34.135,12.115,11.917,33.55
2026-07-24,34.68,12.855,12.461,34.244
2026-07-25,0.0,0.0,0.0,0.0
2026-07-26,0.0,0.0,0.0,0.0
2026-07-27,34.36,12.625,12.7,34.388
2026-07-28,33.78,12.17,12.428,34.044
2026-07-29,33.035,11.945,12.044,33.419
2026-07-30,33.78,12.4,12.089,33.225
2026-07-31,34.16,13.05,12.578,33.963
2026-08-01,0.0,0.0,0.0,0.0
2026-08-02,0.0,0.0,0.0,0.0
2026-08-03,34.81,14.445,13.25,34.189
2026-08-04,35.51,15.245,15.195,35.422
2026-08-05,36.07,16.295,15.61,35.806
2026-08-06,35.925,15.95,16.12,36.078
2026-08-07,35.705,16.295,16.245,36.05
2026-08-08,0.0,0.0,0.0,0.0
2026-08-09,0.0,0.0,0.0,0.0
2026-08-10,35.573,16.23,16.15,35.644
