指标名称,MB价格指数:巴西65%粉矿,MB价格指数:62%粉矿低铝,MB价格指数:62%粉矿,MB价格指数:58%粉矿,价格指数:铁矿石:61%Fe,价格指数:铁矿石:65%Fe:CFR,价格指数:铁矿石:58%Fe:CFR,价格指数:铁矿石:1%价差:60%-63.5%:FE,价格指数:铁矿石:1%价差:1-2.5%:Al2O3,价格指数:铁矿石:1%价差:4.5-6.5%:SiO2,价格指数:铁矿石:1%价差:6.5-9%:SiO2,价格指数:铁矿石:1%价差:0.09-0.12%:P,ARGUS 61,PLATTS LP
2010-04-14,,,,,,,177.0,,,,,,,
2010-04-15,,,,,,,179.0,,,,,,,
2010-04-16,,,,,,,182.0,,,,,,,
2010-04-17,,,,,,,,,,,,,,
2010-04-18,,,,,,,,,,,,,,
2010-04-19,,,,,,,182.0,,,,,,,
2010-04-20,,,,,,,186.0,,,,,,,
2010-04-21,,,,,,,185.0,,,,,,,
2010-04-22,,,,,,,185.0,,,,,,,
2010-04-23,,,,,,,182.5,,,,,,,
2010-04-24,,,,,,,,,,,,,,
2010-04-25,,,,,,,,,,,,,,
2010-04-26,,,,,,,182.0,,,,,,,
2010-04-27,,,,,,,181.5,,,,,,,
2010-04-28,,,,,,,181.0,,,,,,,
2010-04-29,,,,,,,178.0,,,,,,,
2010-04-30,,,,,,,176.0,,,,,,,
2010-05-01,,,,,,,,,,,,,,
2010-05-02,,,,,,,,,,,,,,
2010-05-03,,,,,,,176.0,,,,,,,
2010-05-04,,,,,,,176.0,,,,,,,
2010-05-05,,,,,,,177.0,,,,,,,
2010-05-06,,,,,,,177.5,,,,,,,
2010-05-07,,,,,,,177.5,,,,,,,
2010-05-08,,,,,,,,,,,,,,
2010-05-09,,,,,,,,,,,,,,
2010-05-10,,,,,,,175.5,,,,,,,
2010-05-11,,,,,,,171.0,,,,,,,
2010-05-12,,,,,,,170.0,,,,,,,
2010-05-13,,,,,,,167.0,,,,,,,
2010-05-14,,,,,,,166.5,,,,,,,
2010-05-15,,,,,,,,,,,,,,
2010-05-16,,,,,,,,,,,,,,
2010-05-17,,,,,,,162.5,,,,,,,
2010-05-18,,,,,,,158.0,,,,,,,
2010-05-19,,,,,,,156.5,,,,,,,
2010-05-20,,,,,,,152.5,,,,,,,
2010-05-21,,,,,,,148.0,,,,,,,
2010-05-22,,,,,,,,,,,,,,
2010-05-23,,,,,,,,,,,,,,
2010-05-24,,,,,,,147.5,,,,,,,
2010-05-25,,,,,,,145.5,,,,,,,
2010-05-26,,,,,,,144.5,,,,,,,
2010-05-27,,,,,,,145.0,,,,,,,
2010-05-28,,,,,,,,,,,,,,
2010-05-29,,,,,,,,,,,,,,
2010-05-30,,,,,,,,,,,,,,
2010-05-31,,,,,,,,,,,,,,
2010-06-01,,,,,,,144.0,,,,,,,
2010-06-02,,,,,,,146.0,,,,,,,
2010-06-03,,,,,,,146.0,,,,,,,
2010-06-04,,,,,,,146.5,,,,,,,
2010-06-05,,,,,,,,,,,,,,
2010-06-06,,,,,,,,,,,,,,
2010-06-07,,,,,,,146.0,,,,,,,
2010-06-08,,,,,,,145.0,,,,,,,
2010-06-09,,,,,,,144.0,,,,,,,
2010-06-10,,,,,,,143.5,,,,,,,
2010-06-11,,,,,,,143.5,,,,,,,
2010-06-12,,,,,,,,,,,,,,
2010-06-13,,,,,,,,,,,,,,
2010-06-14,,,,,,,143.5,,,,,,,
2010-06-15,,,,,,,143.0,,,,,,,
2010-06-16,,,,,,,143.0,,,,,,,
2010-06-17,,,,,,,145.5,,,,,,,
2010-06-18,,,,,,,145.5,,,,,,,
2010-06-19,,,,,,,,,,,,,,
2010-06-20,,,,,,,,,,,,,,
2010-06-21,,,,,,,145.5,,,,,,,
2010-06-22,,,,,,,144.5,,,,,,,
2010-06-23,,,,,,,142.5,,,,,,,
2010-06-24,,,,,,,140.0,,,,,,,
2010-06-25,,,,,,,135.5,,,,,,,
2010-06-26,,,,,,,,,,,,,,
2010-06-27,,,,,,,,,,,,,,
2010-06-28,,,,,,,135.5,,,,,,,
2010-06-29,,,,,,,135.0,,,,,,,
2010-06-30,,,,,,,134.0,,,,,,,
2010-07-01,,,,,,,132.5,,,,,,,
2010-07-02,,,,,,,130.5,,,,,,,
2010-07-03,,,,,,,,,,,,,,
2010-07-04,,,,,,,,,,,,,,
2010-07-05,,,,,,,129.0,,,,,,,
2010-07-06,,,,,,,127.0,,,,,,,
2010-07-07,,,,,,,124.0,,,,,,,
2010-07-08,,,,,,,122.0,,,,,,,
2010-07-09,,,,,,,119.0,,,,,,,
2010-07-10,,,,,,,,,,,,,,
2010-07-11,,,,,,,,,,,,,,
2010-07-12,,,,,,,118.5,,,,,,,
2010-07-13,,,,,,,118.5,,,,,,,
2010-07-14,,,,,,,116.0,,,,,,,
2010-07-15,,,,,,,116.0,,,,,,,
2010-07-16,,,,,,,116.0,,,,,,,
2010-07-17,,,,,,,,,,,,,,
2010-07-18,,,,,,,,,,,,,,
2010-07-19,,,,,,,116.0,,,,,,,
2010-07-20,,,,,,,119.0,,,,,,,
2010-07-21,,,,,,,123.0,,,,,,,
2010-07-22,,,,,,,126.5,,,,,,,
2010-07-23,,,,,,,129.0,,,,,,,
2010-07-24,,,,,,,,,,,,,,
2010-07-25,,,,,,,,,,,,,,
2010-07-26,,,,,,,132.0,,,,,,,
2010-07-27,,,,,,,133.0,,,,,,,
2010-07-28,,,,,,,134.0,,,,,,,
2010-07-29,,,,,,,135.0,,,,,,,
2010-07-30,,,,,,,136.5,,,,,,,
2010-07-31,,,,,,,,,,,,,,
2010-08-01,,,,,,,,,,,,,,
2010-08-02,,,,,,,139.0,,,,,,,
2010-08-03,,,,,,,139.0,,,,,,,
2010-08-04,,,,,,,141.0,,,,,,,
2010-08-05,,,,,,,141.0,,,,,,,
2010-08-06,,,,,,,144.0,,,,,,,
2010-08-07,,,,,,,,,,,,,,
2010-08-08,,,,,,,,,,,,,,
2010-08-09,,,,,,,,,,,,,,
2010-08-10,,,,,,,146.0,,,,,,,
2010-08-11,,,,,,,146.5,,,,,,,
2010-08-12,,,,,,,146.5,,,,,,,
2010-08-13,,,,,,,146.5,,,,,,,
2010-08-14,,,,,,,,,,,,,,
2010-08-15,,,,,,,,,,,,,,
2010-08-16,,,,,,,146.5,,,,,,,
2010-08-17,,,,,,,146.5,,,,,,,
2010-08-18,,,,,,,147.5,,,,,,,
2010-08-19,,,,,,,147.5,,,,,,,
2010-08-20,,,,,,,146.5,,,,,,,
2010-08-21,,,,,,,,,,,,,,
2010-08-22,,,,,,,,,,,,,,
2010-08-23,,,,,,,146.5,,,,,,,
2010-08-24,,,,,,,146.0,,,,,,,
2010-08-25,,,,,,,145.0,,,,,,,
2010-08-26,,,,,,,143.5,,,,,,,
2010-08-27,,,,,,,141.0,,,,,,,
2010-08-28,,,,,,,,,,,,,,
2010-08-29,,,,,,,,,,,,,,
2010-08-30,,,,,,,139.0,,,,,,,
2010-08-31,,,,,,,140.0,,,,,,,
2010-09-01,,,,,,,141.5,,,,,,,
2010-09-02,,,,,,,142.5,,,,,,,
2010-09-03,,,,,,,142.5,,,,,,,
2010-09-04,,,,,,,,,,,,,,
2010-09-05,,,,,,,,,,,,,,
2010-09-06,,,,,,,142.0,,,,,,,
2010-09-07,,,,,,,141.5,,,,,,,
2010-09-08,,,,,,,140.5,,,,,,,
2010-09-09,,,,,,,140.5,,,,,,,
2010-09-10,,,,,,,,,,,,,,
2010-09-11,,,,,,,,,,,,,,
2010-09-12,,,,,,,,,,,,,,
2010-09-13,,,,,,,140.5,,,,,,,
2010-09-14,,,,,,,138.5,,,,,,,
2010-09-15,,,,,,,136.5,,,,,,,
2010-09-16,,,,,,,136.5,,,,,,,
2010-09-17,,,,,,,136.5,,,,,,,
2010-09-18,,,,,,,,,,,,,,
2010-09-19,,,,,,,,,,,,,,
2010-09-20,,,,,,,136.5,,,,,,,
2010-09-21,,,,,,,138.0,,,,,,,
2010-09-22,,,,,,,138.0,,,,,,,
2010-09-23,,,,,,,139.0,,,,,,,
2010-09-24,,,,,,,139.0,,,,,,,
2010-09-25,,,,,,,,,,,,,,
2010-09-26,,,,,,,,,,,,,,
2010-09-27,,,,,,,139.0,,,,,,,
2010-09-28,,,,,,,141.0,,,,,,,
2010-09-29,,,,,,,141.0,,,,,,,
2010-09-30,,,,,,,142.0,,,,,,,
2010-10-01,,,,,,,142.0,,,,,,,
2010-10-02,,,,,,,,,,,,,,
2010-10-03,,,,,,,,,,,,,,
2010-10-04,,,,,,,142.0,,,,,,,
2010-10-05,,,,,,,142.0,,,,,,,
2010-10-06,,,,,,,143.0,,,,,,,
2010-10-07,,,,,,,145.0,,,,,,,
2010-10-08,,,,,,,147.0,,,,,,,
2010-10-09,,,,,,,,,,,,,,
2010-10-10,,,,,,,,,,,,,,
2010-10-11,,,,,,,148.5,,,,,,,
2010-10-12,,,,,,,150.5,,,,,,,
2010-10-13,,,,,,,150.5,,,,,,,
2010-10-14,,,,,,,150.5,,,,,,,
2010-10-15,,,,,,,151.5,,,,,,,
2010-10-16,,,,,,,,,,,,,,
2010-10-17,,,,,,,,,,,,,,
2010-10-18,,,,,,,151.5,,,,,,,
2010-10-19,,,,,,,151.5,,,,,,,
2010-10-20,,,,,,,151.5,,,,,,,
2010-10-21,,,,,,,150.5,,,,,,,
2010-10-22,,,,,,,150.0,,,,,,,
2010-10-23,,,,,,,,,,,,,,
2010-10-24,,,,,,,,,,,,,,
2010-10-25,,,,,,,148.0,,,,,,,
2010-10-26,,,,,,,148.0,,,,,,,
2010-10-27,,,,,,,149.0,,,,,,,
2010-10-28,,,,,,,149.0,,,,,,,
2010-10-29,,,,,,,149.0,,,,,,,
2010-10-30,,,,,,,,,,,,,,
2010-10-31,,,,,,,,,,,,,,
2010-11-01,,,,,,,149.0,,,,,,,
2010-11-02,,,,,,,149.5,,,,,,,
2010-11-03,,,,,,,152.5,,,,,,,
2010-11-04,,,,,,,154.0,,,,,,,
2010-11-05,,,,,,,,,,,,,,
2010-11-06,,,,,,,,,,,,,,
2010-11-07,,,,,,,,,,,,,,
2010-11-08,,,,,,,157.5,,,,,,,
2010-11-09,,,,,,,158.5,,,,,,,
2010-11-10,,,,,,,158.5,,,,,,,
2010-11-11,,,,,,,160.5,,,,,,,
2010-11-12,,,,,,,160.0,,,,,,,
2010-11-13,,,,,,,,,,,,,,
2010-11-14,,,,,,,,,,,,,,
2010-11-15,,,,,,,160.0,,,,,,,
2010-11-16,,,,,,,163.0,,,,,,,
2010-11-17,,,,,,,,,,,,,,
2010-11-18,,,,,,,163.5,,,,,,,
2010-11-19,,,,,,,163.5,,,,,,,
2010-11-20,,,,,,,,,,,,,,
2010-11-21,,,,,,,,,,,,,,
2010-11-22,,,,,,,163.5,,,,,,,
2010-11-23,,,,,,,163.5,,,,,,,
2010-11-24,,,,,,,164.0,,,,,,,
2010-11-25,,,,,,,165.0,,,,,,,
2010-11-26,,,,,,,166.5,,,,,,,
2010-11-27,,,,,,,,,,,,,,
2010-11-28,,,,,,,,,,,,,,
2010-11-29,,,,,,,166.5,,,,,,,
2010-11-30,,,,,,167.0,166.5,,,,,,,
2010-12-01,,,,,,167.0,166.5,,,,,,,
2010-12-02,,,,,,167.0,166.5,,,,,,,
2010-12-03,,,,,,167.0,166.5,,,,,,,
2010-12-04,,,,,,,,,,,,,,
2010-12-05,,,,,,,,,,,,,,
2010-12-06,,,,,,167.0,166.5,,,,,,,
2010-12-07,,,,,,167.5,167.0,,,,,,,
2010-12-08,,,,,,167.5,167.0,,,,,,,
2010-12-09,,,,,,168.5,168.0,,,,,,,
2010-12-10,,,,,,,169.0,,,,,,,
2010-12-11,,,,,,,,,,,,,,
2010-12-12,,,,,,,,,,,,,,
2010-12-13,,,,,,169.5,169.0,,,,,,,
2010-12-14,,,,,,170.0,169.5,,,,,,,
2010-12-15,,,,,,171.0,170.5,,,,,,,
2010-12-16,,,,,,171.0,170.5,,,,,,,
2010-12-17,,,,,,,170.5,,,,,,,
2010-12-18,,,,,,,,,,,,,,
2010-12-19,,,,,,,,,,,,,,
2010-12-20,,,,,,,171.5,,,,,,,
2010-12-21,,,,,,172.0,171.5,,,,,,,
2010-12-22,,,,,,172.5,172.0,,,,,,,
2010-12-23,,,,,,172.5,172.0,,,,,,,
2010-12-24,,,,,,172.5,172.0,,,,,,,
2010-12-25,,,,,,,,,,,,,,
2010-12-26,,,,,,,,,,,,,,
2010-12-27,,,,,,,,,,,,,,
2010-12-28,,,,,,,171.0,,,,,,,
2010-12-29,,,,,,171.5,171.0,,,,,,,
2010-12-30,,,,,,171.5,171.0,,,,,,,
2010-12-31,,,,,,171.5,171.0,,,,,,,
2011-01-01,,,,,,,,,,,,,,
2011-01-02,,,,,,,,,,,,,,
2011-01-03,,,,,,,,,,,,,,
2011-01-04,,,,,,173.5,173.0,,,,,,,
2011-01-05,,,,,,173.5,173.0,,,,,,,
2011-01-06,,,,,,175.0,174.5,,,,,,,
2011-01-07,,,,,,176.0,175.5,,,,,,,
2011-01-08,,,,,,,,,,,,,,
2011-01-09,,,,,,,,,,,,,,
2011-01-10,,,,,,176.0,175.5,,,,,,,
2011-01-11,,,,,,,175.75,,,,,,,
2011-01-12,,,,,,177.25,176.75,,,,,,,
2011-01-13,,,,,,177.5,177.0,,,,,,,
2011-01-14,,,,,,183.0,182.5,,,,,,,
2011-01-15,,,,,,,,,,,,,,
2011-01-16,,,,,,,,,,,,,,
2011-01-17,,,,,,183.0,182.5,,,,,,,
2011-01-18,,,,,,185.5,185.0,,,,,,,
2011-01-19,,,,,,186.5,186.0,,,,,,,
2011-01-20,,,,,,187.0,186.5,,,,,,,
2011-01-21,,,,,,187.0,186.5,,,,,,,
2011-01-22,,,,,,,,,,,,,,
2011-01-23,,,,,,,,,,,,,,
2011-01-24,,,,,,186.5,186.0,,,,,,,
2011-01-25,,,,,,186.5,186.0,,,,,,,
2011-01-26,,,,,,186.5,186.0,,,,,,,
2011-01-27,,,,,,187.5,187.0,,,,,,,
2011-01-28,,,,,,187.25,186.75,,,,,,,
2011-01-29,,,,,,,,,,,,,,
2011-01-30,,,,,,,,,,,,,,
2011-01-31,,,,,,187.25,186.75,,,,,,,
2011-02-01,,,,,,187.25,186.75,,,,,,,
2011-02-02,,,,,,187.75,187.25,,,,,,,
2011-02-03,,,,,,,,,,,,,,
2011-02-04,,,,,,,,,,,,,,
2011-02-05,,,,,,,,,,,,,,
2011-02-06,,,,,,,,,,,,,,
2011-02-07,,,,,,187.75,187.25,,,,,,,
2011-02-08,,,,,,187.75,187.25,,,,,,,
2011-02-09,,,,,,189.25,188.75,,,,,,,
2011-02-10,,,,,,190.75,190.25,,,,,,,
2011-02-11,,,,,,191.5,191.0,,,,,,,
2011-02-12,,,,,,,,,,,,,,
2011-02-13,,,,,,,,,,,,,,
2011-02-14,,,,,,193.0,192.5,,,,,,,
2011-02-15,,,,,,193.5,193.0,,,,,,,
2011-02-16,,,,,,193.5,193.0,,,,,,,
2011-02-17,,,,,,193.0,192.5,,,,,,,
2011-02-18,,,,,,192.0,191.5,,,,,,,
2011-02-19,,,,,,,,,,,,,,
2011-02-20,,,,,,,,,,,,,,
2011-02-21,,,,,,190.0,189.5,,,,,,,
2011-02-22,,,,,,188.0,187.5,,,,,,,
2011-02-23,,,,,,,186.75,,,,,,,
2011-02-24,,,,,,185.25,184.75,,,,,,,
2011-02-25,,,,,,184.0,183.5,,,,,,,
2011-02-26,,,,,,,,,,,,,,
2011-02-27,,,,,,,,,,,,,,
2011-02-28,,,,,,183.5,183.0,,,,,,,
2011-03-01,,,,,,182.5,182.0,,,,,,,
2011-03-02,,,,,,181.5,181.0,,,,,,,
2011-03-03,,,,,,180.5,180.0,,,,,,,
2011-03-04,,,,,,178.5,178.0,,,,,,,
2011-03-05,,,,,,,,,,,,,,
2011-03-06,,,,,,,,,,,,,,
2011-03-07,,,,,,177.5,177.0,,,,,,,
2011-03-08,,,,,,176.5,176.0,,,,,,,
2011-03-09,,,,,,175.5,175.0,,,,,,,
2011-03-10,,,,,,172.0,171.5,,,,,,,
2011-03-11,,,,,,,168.0,,,,,,,
2011-03-12,,,,,,,,,,,,,,
2011-03-13,,,,,,,,,,,,,,
2011-03-14,,,,,,166.0,165.5,,,,,,,
2011-03-15,,,,,,,165.0,,,,,,,
2011-03-16,,,,,,165.5,165.0,,,,,,,
2011-03-17,,,,,,,166.5,,,,,,,
2011-03-18,,,,,,,168.5,,,,,,,
2011-03-19,,,,,,,,,,,,,,
2011-03-20,,,,,,,,,,,,,,
2011-03-21,,,,,,169.0,168.5,,,,,,,
2011-03-22,,,,,,,168.5,,,,,,,
2011-03-23,,,,,,169.0,168.5,,,,,,,
2011-03-24,,,,,,169.0,168.5,,,,,,,
2011-03-25,,,,,,169.25,168.75,,,,,,,
2011-03-26,,,,,,,,,,,,,,
2011-03-27,,,,,,,,,,,,,,
2011-03-28,,,,,,169.5,169.0,,,,,,,
2011-03-29,,,,,,,169.5,,,,,,,
2011-03-30,,,,,,175.5,175.0,,,,,,,
2011-03-31,,,,,,175.5,175.0,,,,,,,
2011-04-01,,,,,,176.0,175.5,,,,,,,
2011-04-02,,,,,,,,,,,,,,
2011-04-03,,,,,,,,,,,,,,
2011-04-04,,,,,,180.0,179.5,,,,,,,
2011-04-05,,,,,,180.5,180.0,,,,,,,
2011-04-06,,,,,,,180.5,,,,,,,
2011-04-07,,,,,,182.0,181.5,,,,,,,
2011-04-08,,,,,,184.5,184.0,,,,,,,
2011-04-09,,,,,,,,,,,,,,
2011-04-10,,,,,,,,,,,,,,
2011-04-11,,,,,,185.0,184.5,,,,,,,
2011-04-12,,,,,,185.0,184.5,,,,,,,
2011-04-13,,,,,,185.0,184.5,,,,,,,
2011-04-14,,,,,,,183.0,,,,,,,
2011-04-15,,,,,,181.75,181.25,,,,,,,
2011-04-16,,,,,,,,,,,,,,
2011-04-17,,,,,,,,,,,,,,
2011-04-18,,,,,,181.75,181.25,,,,,,,
2011-04-19,,,,,,,181.0,,,,,,,
2011-04-20,,,,,,181.0,180.5,,,,,,,
2011-04-21,,,,,,,180.5,,,,,,,
2011-04-22,,,,,,,,,,,,,,
2011-04-23,,,,,,,,,,,,,,
2011-04-24,,,,,,,,,,,,,,
2011-04-25,,,,,,,178.5,,,,,,,
2011-04-26,,,,,,,178.5,,,,,,,
2011-04-27,,,,,,182.5,182.0,,,,,,,
2011-04-28,,,,,,,183.0,,,,,,,
2011-04-29,,,,,,,183.0,,,,,,,
2011-04-30,,,,,,,,,,,,,,
2011-05-01,,,,,,,,,,,,,,
2011-05-02,,,,,,,,,,,,,,
2011-05-03,,,,,,,183.0,,,,,,,
2011-05-04,,,,,,184.25,183.75,,,,,,,
2011-05-05,,,,,,,183.5,,,,,,,
2011-05-06,,,,,,183.0,182.5,,,,,,,
2011-05-07,,,,,,,,,,,,,,
2011-05-08,,,,,,,,,,,,,,
2011-05-09,,,,,,182.5,182.0,,,,,,,
2011-05-10,,,,,,,,,,,,,,
2011-05-11,,,,,,183.5,183.0,,,,,,,
2011-05-12,,,,,,182.5,182.0,,,,,,,
2011-05-13,,,,,,182.0,181.5,,,,,,,
2011-05-14,,,,,,,,,,,,,,
2011-05-15,,,,,,,,,,,,,,
2011-05-16,,,,,,181.5,181.0,,,,,,,
2011-05-17,,,,,,,,,,,,,,
2011-05-18,,,,,,180.5,180.0,,,,,,,
2011-05-19,,,,,,177.5,177.0,,,,,,,
2011-05-20,,,,,,177.5,177.0,,,,,,,
2011-05-21,,,,,,,,,,,,,,
2011-05-22,,,,,,,,,,,,,,
2011-05-23,,,,,,176.0,175.5,,,,,,,
2011-05-24,,,,,,,175.0,,,,,,,
2011-05-25,,,,,,174.5,174.0,,,,,,,
2011-05-26,,,,,,173.25,172.75,,,,,,,
2011-05-27,,,,,,173.25,172.75,,,,,,,
2011-05-28,,,,,,,,,,,,,,
2011-05-29,,,,,,,,,,,,,,
2011-05-30,,,,,,,171.75,,,,,,,
2011-05-31,,,,,,171.5,171.0,,,,,,,
2011-06-01,,,,,,171.5,171.0,,,,,,,
2011-06-02,,,,,,,171.0,,,,,,,
2011-06-03,,,,,,172.25,171.75,,,,,,,
2011-06-04,,,,,,,,,,,,,,
2011-06-05,,,,,,,,,,,,,,
2011-06-06,,,,,,172.25,171.75,,,,,,,
2011-06-07,,,,,,173.25,172.75,,,,,,,
2011-06-08,,,,,,174.25,173.75,,,,,,,
2011-06-09,,,,,,174.25,173.75,,,,,,,
2011-06-10,,,,,,174.5,174.0,,,,,,,
2011-06-11,,,,,,,,,,,,,,
2011-06-12,,,,,,,,,,,,,,
2011-06-13,,,,,,,175.25,,,,,,,
2011-06-14,,,,,,175.75,175.0,,,,,,,
2011-06-15,,,,,,,175.0,,,,,,,
2011-06-16,,,,,,,175.75,,,,,,,
2011-06-17,,,,,,175.5,175.0,,,,,,,
2011-06-18,,,,,,,,,,,,,,
2011-06-19,,,,,,,,,,,,,,
2011-06-20,,,,,,174.25,173.75,,,,,,,
2011-06-21,,,,,,172.5,172.0,,,,,,,
2011-06-22,,,,,,172.0,171.5,,,,,,,
2011-06-23,,,,,,171.25,170.75,,,,,,,
2011-06-24,,,,,,171.0,170.5,,,,,,,
2011-06-25,,,,,,,,,,,,,,
2011-06-26,,,,,,,,,,,,,,
2011-06-27,,,,,,172.0,171.5,,,,,,,
2011-06-28,,,,,,172.0,171.5,,,,,,,
2011-06-29,,,,,,171.25,170.75,,,,,,,
2011-06-30,,,,,,171.25,170.75,,,,,,,
2011-07-01,,,,,,172.0,171.5,,,,,,,
2011-07-02,,,,,,,,,,,,,,
2011-07-03,,,,,,,,,,,,,,
2011-07-04,,,,,,172.0,171.5,,,,,,,
2011-07-05,,,,,,,173.0,,,,,,,
2011-07-06,,,,,,,174.0,,,,,,,
2011-07-07,,,,,,174.5,174.0,,,,,,,
2011-07-08,,,,,,174.5,174.0,,,,,,,
2011-07-09,,,,,,,,,,,,,,
2011-07-10,,,,,,,,,,,,,,
2011-07-11,,,,,,,174.0,,,,,,,
2011-07-12,,,,,,,175.25,,,,,,,
2011-07-13,,,,,,,175.75,,,,,,,
2011-07-14,,,,,,176.25,175.75,,,,,,,
2011-07-15,,,,,,176.5,176.0,,,,,,,
2011-07-16,,,,,,,,,,,,,,
2011-07-17,,,,,,,,,,,,,,
2011-07-18,,,,,,176.5,176.0,,,,,,,
2011-07-19,,,,,,177.0,176.5,,,,,,,
2011-07-20,,,,,,,176.5,,,,,,,
2011-07-21,,,,,,,176.75,,,,,,,
2011-07-22,,,,,,177.25,176.75,,,,,,,
2011-07-23,,,,,,,,,,,,,,
2011-07-24,,,,,,,,,,,,,,
2011-07-25,,,,,,177.75,177.25,,,,,,,
2011-07-26,,,,,,177.0,176.5,,,,,,,
2011-07-27,,,,,,177.25,176.75,,,,,,,
2011-07-28,,,,,,177.5,177.0,,,,,,,
2011-07-29,,,,,,177.75,177.25,,,,,,,
2011-07-30,,,,,,,,,,,,,,
2011-07-31,,,,,,,,,,,,,,
2011-08-01,,,,,,179.0,178.5,,,,,,,
2011-08-02,,,,,,179.5,179.0,,,,,,,
2011-08-03,,,,,,180.0,179.5,,,,,,,
2011-08-04,,,,,,180.0,179.5,,,,,,,
2011-08-05,,,,,,178.5,178.0,,,,,,,
2011-08-06,,,,,,,,,,,,,,
2011-08-07,,,,,,,,,,,,,,
2011-08-08,,,,,,178.0,177.5,,,,,,,
2011-08-09,,,,,,,,,,,,,,
2011-08-10,,,,,,178.0,177.5,,,,,,,
2011-08-11,,,,,,177.75,177.25,,,,,,,
2011-08-12,,,,,,178.5,178.0,,,,,,,
2011-08-13,,,,,,,,,,,,,,
2011-08-14,,,,,,,,,,,,,,
2011-08-15,,,,,,178.5,178.0,,,,,,,
2011-08-16,,,,,,179.0,178.5,,,,,,,
2011-08-17,,,,,,179.0,178.5,,,,,,,
2011-08-18,,,,,,179.25,178.75,,,,,,,
2011-08-19,,,,,,180.0,179.5,,,,,,,
2011-08-20,,,,,,,,,,,,,,
2011-08-21,,,,,,,,,,,,,,
2011-08-22,,,,,,180.0,179.5,,,,,,,
2011-08-23,,,,,,,179.75,,,,,,,
2011-08-24,,,,,,180.75,180.25,,,,,,,
2011-08-25,,,,,,180.75,180.25,,,,,,,
2011-08-26,,,,,,180.75,180.25,,,,,,,
2011-08-27,,,,,,,,,,,,,,
2011-08-28,,,,,,,,,,,,,,
2011-08-29,,,,,,,180.5,,,,,,,
2011-08-30,,,,,,,,,,,,,,
2011-08-31,,,,,,181.0,180.5,,,,,,,
2011-09-01,,,,,,,182.25,,,,,,,
2011-09-02,,,,,,183.0,182.5,,,,,,,
2011-09-03,,,,,,,,,,,,,,
2011-09-04,,,,,,,,,,,,,,
2011-09-05,,,,,,183.0,182.5,,,,,,,
2011-09-06,,,,,,183.25,182.75,,,,,,,
2011-09-07,,,,,,183.5,183.0,,,,,,,
2011-09-08,,,,,,183.0,182.5,,,,,,,
2011-09-09,,,,,,182.25,181.75,,,,,,,
2011-09-10,,,,,,,,,,,,,,
2011-09-11,,,,,,,,,,,,,,
2011-09-12,,,,,,182.25,181.75,,,,,,,
2011-09-13,,,,,,182.25,181.75,,,,,,,
2011-09-14,,,,,,181.25,180.75,,,,,,,
2011-09-15,,,,,,,180.0,,,,,,,
2011-09-16,,,,,,180.0,179.5,,,,,,,
2011-09-17,,,,,,,,,,,,,,
2011-09-18,,,,,,,,,,,,,,
2011-09-19,,,,,,179.25,178.75,,,,,,,
2011-09-20,,,,,,178.75,178.25,,,,,,,
2011-09-21,,,,,,177.25,176.75,,,,,,,
2011-09-22,,,,,,175.75,175.25,,,,,,,
2011-09-23,,,,,,174.5,174.0,,,,,,,
2011-09-24,,,,,,,,,,,,,,
2011-09-25,,,,,,,,,,,,,,
2011-09-26,,,,,,,173.5,,,,,,,
2011-09-27,,,,,,172.5,172.0,,,,,,,
2011-09-28,,,,,,172.25,171.75,,,,,,,
2011-09-29,,,,,,,170.75,,,,,,,
2011-09-30,,,,,,171.0,170.5,,,,,,,
2011-10-01,,,,,,,,,,,,,,
2011-10-02,,,,,,,,,,,,,,
2011-10-03,,,,,,170.5,170.0,,,,,,,
2011-10-04,,,,,,170.0,169.5,,,,,,,
2011-10-05,,,,,,170.0,169.5,,,,,,,
2011-10-06,,,,,,,169.5,,,,,,,
2011-10-07,,,,,,170.0,169.5,,,,,,,
2011-10-08,,,,,,,,,,,,,,
2011-10-09,,,,,,,,,,,,,,
2011-10-10,,,,,,167.5,167.0,,,,,,,
2011-10-11,,,,,,,165.25,,,,,,,
2011-10-12,,,,,,161.75,161.25,,,,,,,
2011-10-13,,,,,,,160.0,,,,,,,
2011-10-14,,,,,,157.75,157.25,,,,,,,
2011-10-15,,,,,,,,,,,,,,
2011-10-16,,,,,,,,,,,,,,
2011-10-17,,,,,,,152.25,,,,,,,
2011-10-18,,,,,,150.5,150.0,,,,,,,
2011-10-19,,,,,,147.5,147.0,,,,,,,
2011-10-20,,,,,,145.5,145.0,,,,,,,
2011-10-21,,,,,,,144.0,,,,,,,
2011-10-22,,,,,,,,,,,,,,
2011-10-23,,,,,,,,,,,,,,
2011-10-24,,,,,,139.0,138.5,,,,,,,
2011-10-25,,,,,,129.0,128.5,,,,,,,
2011-10-26,,,,,,,,,,,,,,
2011-10-27,,,,,,,120.0,,,,,,,
2011-10-28,,,,,,117.25,116.75,,,,,,,
2011-10-29,,,,,,,,,,,,,,
2011-10-30,,,,,,,,,,,,,,
2011-10-31,,,,,,119.25,118.75,,,,,,,
2011-11-01,,,,,,120.5,120.0,,,,,,,
2011-11-02,,,,,,121.25,120.75,,,,,,,
2011-11-03,,,,,,124.5,124.0,,,,,,,
2011-11-04,,,,,,127.0,126.5,,,,,,,
2011-11-05,,,,,,,,,,,,,,
2011-11-06,,,,,,,,,,,,,,
2011-11-07,,,,,,,,,,,,,,
2011-11-08,,,,,,131.5,131.0,,,,,,,
2011-11-09,,,,,,133.5,133.0,,,,,,,
2011-11-10,,,,,,138.0,137.5,,,,,,,
2011-11-11,,,,,,138.0,137.5,,,,,,,
2011-11-12,,,,,,,,,,,,,,
2011-11-13,,,,,,,,,,,,,,
2011-11-14,,,,,,140.5,140.0,,,,,,,
2011-11-15,,,,,,146.75,146.25,,,,,,,
2011-11-16,,,,,,,147.5,,,,,,,
2011-11-17,,,,,,149.0,148.5,,,,,,,
2011-11-18,,,,,,148.5,148.0,,,,,,,
2011-11-19,,,,,,,,,,,,,,
2011-11-20,,,,,,,,,,,,,,
2011-11-21,,,,,,147.0,146.5,,,,,,,
2011-11-22,,,,,,146.0,145.5,,,,,,,
2011-11-23,,,,,,141.75,141.25,,,,,,,
2011-11-24,,,,,,140.75,140.25,,,,,,,
2011-11-25,,,,,,137.5,137.0,,,,,,,
2011-11-26,,,,,,,,,,,,,,
2011-11-27,,,,,,,,,,,,,,
2011-11-28,,,,,,,133.5,,,,,,,
2011-11-29,,,,,,134.0,133.5,,,,,,,
2011-11-30,,,,,,136.0,135.0,,,,,,,
2011-12-01,,,,,,136.5,136.0,,,,,,,
2011-12-02,,,,,,140.5,140.0,,,,,,,
2011-12-03,,,,,,,,,,,,,,
2011-12-04,,,,,,,,,,,,,,
2011-12-05,,,,,,141.5,141.0,,,,,,,
2011-12-06,,,,,,142.0,141.5,,,,,,,
2011-12-07,,,,,,142.0,141.5,,,,,,,
2011-12-08,,,,,,141.75,141.25,,,,,,,
2011-12-09,,,,,,141.25,140.75,,,,,,,
2011-12-10,,,,,,,,,,,,,,
2011-12-11,,,,,,,,,,,,,,
2011-12-12,,,,,,139.75,139.25,,,,,,,
2011-12-13,,,,,,138.0,137.75,,,,,,,
2011-12-14,,,,,,136.25,135.75,,,,,,,
2011-12-15,,,,,,135.75,135.25,,,,,,,
2011-12-16,,,,,,134.0,133.5,,,,,,,
2011-12-17,,,,,,,,,,,,,,
2011-12-18,,,,,,,,,,,,,,
2011-12-19,,,,,,,134.0,,,,,,,
2011-12-20,,,,,,,136.0,,,,,,,
2011-12-21,,,,,,137.25,136.75,,,,,,,
2011-12-22,,,,,,137.5,137.0,,,,,,,
2011-12-23,,,,,,,137.0,,,,,,,
2011-12-24,,,,,,,,,,,,,,
2011-12-25,,,,,,,,,,,,,,
2011-12-26,,,,,,,,,,,,,,
2011-12-27,,,,,,,137.25,,,,,,,
2011-12-28,,,,,,,138.5,,,,,,,
2011-12-29,,,,,,,139.0,,,,,,,
2011-12-30,,,,,,,139.0,,,,,,,
2011-12-31,,,,,,,,,,,,,,
2012-01-01,,,,,,,,,,,,,,
2012-01-02,,,,,,,,,,,,,,
2012-01-03,,,,,,139.5,139.0,,,,,,,
2012-01-04,,,,,,148.25,121.25,,,,,,,
2012-01-05,,,,,,149.75,122.75,,,,,,,
2012-01-06,,,,,,150.25,123.25,,,,,,,
2012-01-07,,,,,,,,,,,,,,
2012-01-08,,,,,,,,,,,,,,
2012-01-09,,,,,,151.25,124.25,,,,,,,
2012-01-10,,,,,,151.75,124.75,,,,,,,
2012-01-11,,,,,,151.75,124.75,,,,,,,
2012-01-12,,,,,,150.75,123.75,,,,,,,
2012-01-13,,,,,,149.75,122.75,,,,,,,
2012-01-14,,,,,,,,,,,,,,
2012-01-15,,,,,,,,,,,,,,
2012-01-16,,,,,,141.5,141.0,,,,,,,
2012-01-17,,,,,,149.25,122.25,,,,,,,
2012-01-18,,,,,,149.0,122.0,,,,,,,
2012-01-19,,,,,,149.0,122.0,,,,,,,
2012-01-20,,,,,,149.0,122.0,,,,,,,
2012-01-21,,,,,,,,,,,,,,
2012-01-22,,,,,,,,,,,,,,
2012-01-23,,,,,,,,,,,,,,
2012-01-24,,,,,,,,,,,,,,
2012-01-25,,,,,,141.25,140.75,,,,,,,
2012-01-26,,,,,,141.25,140.75,,,,,,,
2012-01-27,,,,,,141.5,141.0,,,,,,,
2012-01-28,,,,,,,,,,,,,,
2012-01-29,,,,,,,,,,,,,,
2012-01-30,,,,,,149.75,122.75,,,,,,,
2012-01-31,,,,,,152.25,124.5,,,,,,,
2012-02-01,,,,,,152.75,125.0,,,,,,,
2012-02-02,,,,,,152.75,126.0,,,,,,,
2012-02-03,,,,,,153.25,126.5,,,,,,,
2012-02-04,,,,,,,,,,,,,,
2012-02-05,,,,,,,,,,,,,,
2012-02-06,,,,,,155.25,128.5,,,,,,,
2012-02-07,,,,,,155.25,128.5,,,,,,,
2012-02-08,,,,,,154.0,128.0,,,,,,,
2012-02-09,,,,,,154.0,127.75,,,,,,,
2012-02-10,,,,,,153.5,127.5,,,,,,,
2012-02-11,,,,,,,,,,,,,,
2012-02-12,,,,,,,,,,,,,,
2012-02-13,,,,,,152.5,126.5,,,,,,,
2012-02-14,,,,,,150.5,125.5,,,,,,,
2012-02-15,,,,,,149.0,124.0,,,,,,,
2012-02-16,,,,,,148.0,123.0,,,,,,,
2012-02-17,,,,,,146.5,121.5,,,,,,,
2012-02-18,,,,,,,,,,,,,,
2012-02-19,,,,,,,,,,,,,,
2012-02-20,,,,,,146.5,121.5,,,,,,,
2012-02-21,,,,,,149.0,124.5,,,,,,,
2012-02-22,,,,,,149.0,124.5,,,,,,,
2012-02-23,,,,,,151.0,125.5,,,,,,,
2012-02-24,,,,,,151.0,125.5,,,,,,,
2012-02-25,,,,,,,,,,,,,,
2012-02-26,,,,,,,,,,,,,,
2012-02-27,,,,,,152.5,125.5,,,,,,,
2012-02-28,,,,,,153.5,128.0,,,,,,,
2012-02-29,,,,,,154.0,128.0,,,,,,,
2012-03-01,,,,,,156.5,128.0,,,,,,,
2012-03-02,,,,,,156.5,128.0,,,,,,,
2012-03-03,,,,,,,,,,,,,,
2012-03-04,,,,,,,,,,,,,,
2012-03-05,,,,,,156.5,128.0,,,,,,,
2012-03-06,,,,,,156.75,128.25,,,,,,,
2012-03-07,,,,,,156.5,128.0,,,,,,,
2012-03-08,,,,,,155.75,127.75,,,,,,,
2012-03-09,,,,,,157.0,128.75,,,,,,,
2012-03-10,,,,,,,,,,,,,,
2012-03-11,,,,,,,,,,,,,,
2012-03-12,,,,,,157.0,128.75,,,,,,,
2012-03-13,,,,,,157.5,129.5,,,,,,,
2012-03-14,,,,,,157.75,129.5,,,,,,,
2012-03-15,,,,,,157.75,129.5,,,,,,,
2012-03-16,,,,,,158.0,129.5,,,,,,,
2012-03-17,,,,,,,,,,,,,,
2012-03-18,,,,,,,,,,,,,,
2012-03-19,,,,,,158.0,129.5,,,,,,,
2012-03-20,,,,,,158.0,129.5,,,,,,,
2012-03-21,,,,,,158.0,129.5,,,,,,,
2012-03-22,,,,,,158.25,130.0,,,,,,,
2012-03-23,,,,,,158.25,130.0,,,,,,,
2012-03-24,,,,,,,,,,,,,,
2012-03-25,,,,,,,,,,,,,,
2012-03-26,,,,,,158.5,130.0,,,,,,,
2012-03-27,,,,,,158.5,130.0,,,,,,,
2012-03-28,,,,,,159.0,130.0,,,,,,,
2012-03-29,,,,,,160.5,131.25,,,,,,,
2012-03-30,,,,,,160.5,131.25,,,,,,,
2012-03-31,,,,,,,,,,,,,,
2012-04-01,,,,,,,,,,,,,,
2012-04-02,,,,,,,149.75,,,,,,,
2012-04-03,,,,,,,149.75,,,,,,,
2012-04-04,,,,,,,149.75,,,,,,,
2012-04-05,,,,,,160.5,131.25,,,,,,,
2012-04-06,,,,,,160.5,131.25,,,,,,,
2012-04-07,,,,,,,,,,,,,,
2012-04-08,,,,,,,,,,,,,,
2012-04-09,,,,,,160.5,131.25,,,,,,,
2012-04-10,,,,,,160.75,132.25,,,,,,,
2012-04-11,,,,,,162.25,132.25,,,,,,,
2012-04-12,,,,,,162.25,132.25,,,,,,,
2012-04-13,,,,,,162.25,132.25,,,,,,,
2012-04-14,,,,,,,,,,,,,,
2012-04-15,,,,,,,,,,,,,,
2012-04-16,,,,,,162.0,132.0,,,,,,,
2012-04-17,,,,,,162.0,132.0,,,,,,,
2012-04-18,,,,,,161.0,131.5,,,,,,,
2012-04-19,,,,,,161.5,131.5,,,,,,,
2012-04-20,,,,,,161.25,131.0,,,,,,,
2012-04-21,,,,,,,,,,,,,,
2012-04-22,,,,,,,,,,,,,,
2012-04-23,,,,,,160.5,130.0,,,,,,,
2012-04-24,,,,,,157.5,128.5,,,,,,,
2012-04-25,,,,,,157.5,128.5,,,,,,,
2012-04-26,,,,,,155.5,127.5,,,,,,,
2012-04-27,,,,,,156.75,127.5,,,,,,,
2012-04-28,,,,,,,,,,,,,,
2012-04-29,,,,,,,,,,,,,,
2012-04-30,,,,,,,148.25,,,,,,,
2012-05-01,,,,,,,,,,,,,,
2012-05-02,,,,,,155.75,128.0,,,,,,,
2012-05-03,,,,,,155.0,128.0,,,,,,,
2012-05-04,,,,,,152.75,128.0,,,,,,,
2012-05-05,,,,,,,,,,,,,,
2012-05-06,,,,,,,,,,,,,,
2012-05-07,,,,,,152.75,128.0,,,,,,,
2012-05-08,,,,,,152.75,128.0,,,,,,,
2012-05-09,,,,,,151.75,127.0,,,,,,,
2012-05-10,,,,,,149.75,125.0,,,,,,,
2012-05-11,,,,,,146.75,122.5,,,,,,,
2012-05-12,,,,,,,,,,,,,,
2012-05-13,,,,,,,,,,,,,,
2012-05-14,,,,,,146.25,122.0,,,,,,,
2012-05-15,,,,,,144.75,120.5,,,,,,,
2012-05-16,,,,,,143.75,119.5,,,,,,,
2012-05-17,,,,,,142.75,118.5,,,,,,,
2012-05-18,,,,,,141.75,117.5,,,,,,,
2012-05-19,,,,,,,,,,,,,,
2012-05-20,,,,,,,,,,,,,,
2012-05-21,,,,,,141.25,117.0,,,,,,,
2012-05-22,,,,,,141.5,117.0,,,,,,,
2012-05-23,,,,,,140.0,116.25,,,,,,,
2012-05-24,,,,,,140.0,116.25,,,,,,,
2012-05-25,,,,,,140.0,116.25,,,,,,,
2012-05-26,,,,,,,,,,,,,,
2012-05-27,,,,,,,,,,,,,,
2012-05-28,,,,,,,132.5,,,,,,,
2012-05-29,,,,,,142.0,117.75,,,,,,,
2012-05-30,,,,,,143.0,119.0,,,,,,,
2012-05-31,,,,,,144.0,120.0,,,,,,,
2012-06-01,,,,,,145.0,120.0,,,,,,,
2012-06-02,,,,,,,,,,,,,,
2012-06-03,,,,,,,,,,,,,,
2012-06-04,,,,,,144.0,118.5,,,,,,,
2012-06-05,,,,,,142.75,118.5,,,,,,,
2012-06-06,,,,,,142.25,118.5,,,,,,,
2012-06-07,,,,,,142.25,118.5,,,,,,,
2012-06-08,,,,,,144.0,119.0,,,,,,,
2012-06-09,,,,,,,,,,,,,,
2012-06-10,,,,,,,,,,,,,,
2012-06-11,,,,,,144.75,119.25,,,,,,,
2012-06-12,,,,,,145.75,119.5,,,,,,,
2012-06-13,,,,,,146.25,120.0,,,,,,,
2012-06-14,,,,,,147.75,120.5,,,,,,,
2012-06-15,,,,,,148.5,120.5,,,,,,,
2012-06-16,,,,,,,,,,,,,,
2012-06-17,,,,,,,,,,,,,,
2012-06-18,,,,,,149.5,121.5,,,,,,,
2012-06-19,,,,,,150.5,121.75,,,,,,,
2012-06-20,,,,,,149.75,122.5,,,,,,,
2012-06-21,,,,,,150.0,122.25,,,,,,,
2012-06-22,,,,,,,139.25,,,,,,,
2012-06-23,,,,,,,,,,,,,,
2012-06-24,,,,,,,,,,,,,,
2012-06-25,,,,,,149.75,121.75,,,,,,,
2012-06-26,,,,,,147.25,120.25,,,,,,,
2012-06-27,,,,,,146.5,119.5,,,,,,,
2012-06-28,,,,,,146.0,119.0,,,,,,,
2012-06-29,,,,,,145.0,118.5,,,,,,,
2012-06-30,,,,,,,,,,,,,,
2012-07-01,,,,,,,,,,,,,,
2012-07-02,,,,,,145.0,118.5,,,,,,,
2012-07-03,,,,,,147.5,120.0,,,,,,,
2012-07-04,,,,,,146.75,119.5,,,,,,,
2012-07-05,,,,,,146.25,119.25,,,,,,,
2012-07-06,,,,,,146.25,119.25,,,,,,,
2012-07-07,,,,,,,,,,,,,,
2012-07-08,,,,,,,,,,,,,,
2012-07-09,,,,,,146.25,119.25,,,,,,,
2012-07-10,,,,,,145.75,118.75,,,,,,,
2012-07-11,,,,,,143.75,117.75,,,,,,,
2012-07-12,,,,,,143.25,117.25,,,,,,,
2012-07-13,,,,,,142.75,116.75,,,,,,,
2012-07-14,,,,,,,,,,,,,,
2012-07-15,,,,,,,,,,,,,,
2012-07-16,,,,,,139.25,114.25,,,,,,,
2012-07-17,,,,,,137.75,113.25,,,,,,,
2012-07-18,,,,,,136.25,112.5,,,,,,,
2012-07-19,,,,,,134.25,111.75,,,,,,,
2012-07-20,,,,,,132.75,110.25,,,,,,,
2012-07-21,,,,,,,,,,,,,,
2012-07-22,,,,,,,,,,,,,,
2012-07-23,,,,,,130.75,108.25,,,,,,,
2012-07-24,,,,,,129.0,106.5,,,,,,,
2012-07-25,,,,,,127.0,103.5,,,,,,,
2012-07-26,,,,,,126.25,103.0,,,,,,,
2012-07-27,,,,,,125.25,102.0,,,,,,,
2012-07-28,,,,,,,,,,,,,,
2012-07-29,,,,,,,,,,,,,,
2012-07-30,,,,,,125.25,101.5,,,,,,,
2012-07-31,,,,,,125.25,101.5,,,,,,,
2012-08-01,,,,,,125.25,101.5,,,,,,,
2012-08-02,,,,,,125.0,101.25,,,,,,,
2012-08-03,,,,,,125.0,101.25,,,,,,,
2012-08-04,,,,,,,,,,,,,,
2012-08-05,,,,,,,,,,,,,,
2012-08-06,,,,,,125.5,101.75,,,,,,,
2012-08-07,,,,,,125.5,101.75,,,,,,,
2012-08-08,,,,,,124.25,101.0,,,,,,,
2012-08-09,,,,,,117.5,117.0,,,,,,,
2012-08-10,,,,,,124.25,99.0,,,,,,,
2012-08-11,,,,,,,,,,,,,,
2012-08-12,,,,,,,,,,,,,,
2012-08-13,,,,,,122.75,98.5,,,,,,,
2012-08-14,,,,,,122.25,98.0,,,,,,,
2012-08-15,,,,,,122.0,97.5,,,,,,,
2012-08-16,,,,,,122.25,97.75,,,,,,,
2012-08-17,,,,,,120.25,95.75,,,,,,,
2012-08-18,,,,,,,,,,,,,,
2012-08-19,,,,,,,,,,,,,,
2012-08-20,,,,,,112.25,111.75,,,,,,,
2012-08-21,,,,,,116.75,92.75,,,,,,,
2012-08-22,,,,,,113.75,89.75,,,,,,,
2012-08-23,,,,,,110.75,88.75,,,,,,,
2012-08-24,,,,,,108.0,87.75,,,,,,,
2012-08-25,,,,,,,,,,,,,,
2012-08-26,,,,,,,,,,,,,,
2012-08-27,,,,,,102.0,101.5,,,,,,,
2012-08-28,,,,,,102.0,101.5,,,,,,,
2012-08-29,,,,,,96.0,95.5,,,,,,,
2012-08-30,,,,,,93.0,92.5,,,,,,,
2012-08-31,,,,,,93.0,92.5,,,,,,,
2012-09-01,,,,,,91.25,90.75,,,,,,,
2012-09-02,,,,,,,,,,,,,,
2012-09-03,,,,,,91.25,90.75,,,,,,,
2012-09-04,,,,,,95.75,76.75,,,,,,,
2012-09-05,,,,,,95.75,76.5,,,,,,,
2012-09-06,,,,,,95.5,76.25,,,,,,,
2012-09-07,,,,,,98.0,78.5,,,,,,,
2012-09-08,,,,,,,,,,,,,,
2012-09-09,,,,,,89.0,88.5,,,,,,,
2012-09-10,,,,,,105.5,84.75,,,,,,,
2012-09-11,,,,,,110.75,89.25,,,,,,,
2012-09-12,,,,,,106.75,88.25,,,,,,,
2012-09-13,,,,,,104.25,85.25,,,,,,,
2012-09-14,,,,,,111.75,91.75,,,,,,,
2012-09-15,,,,,,98.25,97.75,,,,,,,
2012-09-16,,,,,,,,,,,,,,
2012-09-17,,,,,,113.0,94.25,,,,,,,
2012-09-18,,,,,,118.5,98.25,,,,,,,
2012-09-19,,,,,,121.0,101.25,,,,,,,
2012-09-20,,,,,,116.75,98.0,,,,,,,
2012-09-21,,,,,,114.5,95.0,,,,,,,
2012-09-22,,,,,,106.75,106.25,,,,,,,
2012-09-23,,,,,,106.75,106.25,,,,,,,
2012-09-24,,,,,,113.25,92.75,,,,,,,
2012-09-25,,,,,,113.5,94.0,,,,,,,
2012-09-26,,,,,,114.0,94.5,,,,,,,
2012-09-27,,,,,,114.0,94.5,,,,,,,
2012-09-28,,,,,,114.5,95.0,,,,,,,
2012-09-29,,,,,,107.5,107.0,,,,,,,
2012-09-30,,,,,,107.5,107.0,,,,,,,
2012-10-01,,,,,,107.5,107.0,,,,,,,
2012-10-02,,,,,,107.5,107.0,,,,,,,
2012-10-03,,,,,,107.5,107.0,,,,,,,
2012-10-04,,,,,,107.5,107.0,,,,,,,
2012-10-05,,,,,,107.5,107.0,,,,,,,
2012-10-06,,,,,,107.5,107.0,,,,,,,
2012-10-07,,,,,,107.5,107.0,,,,,,,
2012-10-08,,,,,,121.5,107.0,,,,,,,
2012-10-09,,,,,,128.0,105.25,,,,,,,
2012-10-10,,,,,,126.5,105.25,,,,,,,
2012-10-11,,,,,,125.0,103.25,,,,,,,
2012-10-12,,,,,,122.5,101.5,,,,,,,
2012-10-13,,,,,,119.75,119.25,,,,,,,
2012-10-14,,,,,,119.5,119.0,,,,,,,
2012-10-15,,,,,,121.25,100.25,,,,,,,
2012-10-16,,,,,,121.5,100.25,,,,,,,
2012-10-17,,,,,,123.25,102.75,,,,,,,
2012-10-18,,,,,,123.75,103.0,,,,,,,
2012-10-19,,,,,,124.25,103.75,,,,,,,
2012-10-20,,,,,,,,,,,,,,
2012-10-21,,,,,,118.0,117.5,,,,,,,
2012-10-22,,,,,,126.25,104.75,,,,,,,
2012-10-23,,,,,,127.75,106.25,,,,,,,
2012-10-24,,,,,,128.75,106.25,,,,,,,
2012-10-25,,,,,,129.25,106.75,,,,,,,
2012-10-26,,,,,,121.0,120.5,,,,,,,
2012-10-27,,,,,,121.5,121.0,,,,,,,
2012-10-28,,,,,,121.5,121.0,,,,,,,
2012-10-29,,,,,,129.25,106.75,,,,,,,
2012-10-30,,,,,,127.75,106.75,,,,,,,
2012-10-31,,,,,,127.25,106.75,,,,,,,
2012-11-01,,,,,,128.0,107.75,,,,,,,
2012-11-02,,,,,,128.0,107.5,,,,,,,
2012-11-03,,,,,,,,,,,,,,
2012-11-04,,,,,,122.0,121.5,,,,,,,
2012-11-05,,,,,,128.0,107.5,,,,,,,
2012-11-06,,,,,,127.75,107.25,,,,,,,
2012-11-07,,,,,,128.75,107.75,,,,,,,
2012-11-08,,,,,,129.25,107.5,,,,,,,
2012-11-09,,,,,,129.75,108.5,,,,,,,
2012-11-10,,,,,,123.75,123.25,,,,,,,
2012-11-11,,,,,,123.75,123.25,,,,,,,
2012-11-12,,,,,,130.25,109.0,,,,,,,
2012-11-13,,,,,,124.75,124.25,,,,,,,
2012-11-14,,,,,,130.25,108.0,,,,,,,
2012-11-15,,,,,,130.0,107.75,,,,,,,
2012-11-16,,,,,,129.75,107.25,,,,,,,
2012-11-17,,,,,,,,,,,,,,
2012-11-18,,,,,,125.0,124.5,,,,,,,
2012-11-19,,,,,,128.25,105.5,,,,,,,
2012-11-20,,,,,,127.5,104.5,,,,,,,
2012-11-21,,,,,,127.0,104.25,,,,,,,
2012-11-22,,,,,,126.5,103.75,,,,,,,
2012-11-23,,,,,,125.75,103.0,,,,,,,
2012-11-24,,,,,,121.5,121.0,,,,,,,
2012-11-25,,,,,,121.5,121.0,,,,,,,
2012-11-26,,,,,,125.5,102.75,,,,,,,
2012-11-27,,,,,,125.0,102.5,,,,,,,
2012-11-28,,,,,,124.25,101.75,,,,,,,
2012-11-29,,,,,,123.5,101.5,,,,,,,
2012-11-30,,,,,,123.5,101.5,,,,,,,
2012-12-01,,,,,,119.0,118.5,,,,,,,
2012-12-02,,,,,,119.0,118.5,,,,,,,
2012-12-03,,,,,,123.25,101.5,,,,,,,
2012-12-04,,,,,,124.25,102.0,,,,,,,
2012-12-05,,,,,,126.25,102.5,,,,,,,
2012-12-06,,,,,,128.75,104.5,,,,,,,
2012-12-07,,,,,,129.0,105.25,,,,,,,
2012-12-08,,,,,,123.0,122.5,,,,,,,
2012-12-09,,,,,,123.0,122.5,,,,,,,
2012-12-10,,,,,,131.5,107.75,,,,,,,
2012-12-11,,,,,,131.5,107.75,,,,,,,
2012-12-12,,,,,,131.25,107.5,,,,,,,
2012-12-13,,,,,,134.5,111.0,,,,,,,
2012-12-14,,,,,,137.75,114.5,,,,,,,
2012-12-15,,,,,,132.0,131.5,,,,,,,
2012-12-16,,,,,,132.0,131.5,,,,,,,
2012-12-17,,,,,,139.5,115.5,,,,,,,
2012-12-18,,,,,,140.5,116.25,,,,,,,
2012-12-19,,,,,,144.25,120.0,,,,,,,
2012-12-20,,,,,,144.25,120.0,,,,,,,
2012-12-21,,,,,,144.25,120.0,,,,,,,
2012-12-22,,,,,,138.25,137.75,,,,,,,
2012-12-23,,,,,,138.25,137.75,,,,,,,
2012-12-24,,,,,,144.25,120.0,,,,,,,
2012-12-25,,,,,,138.25,137.75,,,,,,,
2012-12-26,,,,,,146.75,122.5,,,,,,,
2012-12-27,,,,,,147.75,123.5,,,,,,,
2012-12-28,,,,,,147.75,123.5,,,,,,,
2012-12-29,,,,,,141.75,141.25,,,,,,,
2012-12-30,,,,,,141.75,141.25,,,,,,,
2012-12-31,,,,,,151.5,127.25,,,,,,,
2013-01-01,,,,,,141.75,141.25,,,,,,,
2013-01-02,,,,,,153.5,129.25,,,,,,,
2013-01-03,,,,,,157.75,133.25,,,,,,,
2013-01-04,,,,,,162.75,139.0,,,,,,,
2013-01-05,,,,,,156.75,156.25,,,,,,,
2013-01-06,,,,,,156.75,156.25,,,,,,,
2013-01-07,,,,,,163.5,139.0,,,,,,,
2013-01-08,,,,,,166.0,141.5,,,,,,,
2013-01-09,,,,,,166.25,143.0,,,,,,,
2013-01-10,,,,,,165.75,142.75,,,,,,,
2013-01-11,,,,,,162.25,139.25,,,,,,,
2013-01-12,,,,,,159.75,159.25,,,,,,,
2013-01-13,,,,,,159.75,159.25,,,,,,,
2013-01-14,,,,,,162.25,139.25,,,,,,,
2013-01-15,,,,,,158.25,135.75,,,,,,,
2013-01-16,,,,,,154.0,131.5,,,,,,,
2013-01-17,,,,,,151.5,129.0,,,,,,,
2013-01-18,,,,,,151.75,129.25,,,,,,,
2013-01-19,,,,,,145.5,145.0,,,,,,,
2013-01-20,,,,,,,,,,,,,,
2013-01-21,,,,,,153.25,130.75,,,,,,,
2013-01-22,,,,,,153.5,131.0,,,,,,,
2013-01-23,,,,,,154.0,131.5,,,,,,,
2013-01-24,,,,,,154.5,132.0,,,,,,,
2013-01-25,,,,,,155.25,133.25,,,,,,,
2013-01-26,,,,,,,,,,,,,,
2013-01-27,,,,,,,,,,,,,,
2013-01-28,,,,,,155.5,133.25,,,,,,,
2013-01-29,,,,,,155.25,133.0,,,,,,,
2013-01-30,,,,,,158.25,134.0,,,,,,,
2013-01-31,,,,,,161.25,135.75,,,,,,,
2013-02-01,,,,,,162.25,136.25,,,,,,,
2013-02-02,,,,,,,,,,,,,,
2013-02-03,,,,,,,,,,,,,,
2013-02-04,,,,,,163.25,137.25,,,,,,,
2013-02-05,,,,,,163.25,137.25,,,,,,,
2013-02-06,,,,,,163.5,137.5,,,,,,,
2013-02-07,,,,,,163.5,137.5,,,,,,,
2013-02-08,,,,,,163.5,137.5,,,,,,,
2013-02-09,,,,,,,,,,,,,,
2013-02-10,,,,,,,,,,,,,,
2013-02-11,,,,,,,,,,,,,,
2013-02-12,,,,,,,,,,,,,,
2013-02-13,,,,,,163.5,137.5,,,,,,,
2013-02-14,,,,,,163.5,137.5,,,,,,,
2013-02-15,,,,,,163.5,137.5,,,,,,,
2013-02-16,,,,,,,,,,,,,,
2013-02-17,,,,,,,,,,,,,,
2013-02-18,,,,,,166.25,138.0,,,,,,,
2013-02-19,,,,,,167.75,138.5,,,,,,,
2013-02-20,,,,,,168.75,139.0,,,,,,,
2013-02-21,,,,,,165.75,137.0,,,,,,,
2013-02-22,,,,,,161.25,134.0,,,,,,,
2013-02-23,,,,,,,,,,,,,,
2013-02-24,,,,,,,,,,,,,,
2013-02-25,,,,,,160.25,134.0,,,,,,,
2013-02-26,,,,,,160.25,134.0,,,,,,,
2013-02-27,,,,,,159.25,133.0,,,,,,,
2013-02-28,,,,,,159.5,133.25,,,,,,,
2013-03-01,,,,,,158.75,132.5,,,,,,,
2013-03-02,,,,,,,,,,,,,,
2013-03-03,,,,,,,,,,,,,,
2013-03-04,,,,,,155.25,129.0,,,,,,,
2013-03-05,,,,,,154.0,128.25,,,,,,,
2013-03-06,,,,,,155.0,129.25,,,,,,,
2013-03-07,,,,,,155.75,130.0,,,,,,,
2013-03-08,,,,,,155.75,130.0,,,,,,,
2013-03-09,,,,,,,,,,,,,,
2013-03-10,,,,,,,,,,,,,,
2013-03-11,,,,,,155.0,129.5,,,,,,,
2013-03-12,,,,,,154.25,128.75,,,,,,,
2013-03-13,,,,,,148.5,123.5,,,,,,,
2013-03-14,,,,,,142.5,117.5,,,,,,,
2013-03-15,,,,,,143.0,118.0,,,,,,,
2013-03-16,,,,,,,,,,,,,,
2013-03-17,,,,,,,,,,,,,,
2013-03-18,,,,,,142.72,117.75,,,,,,,
2013-03-19,,,,,,142.25,117.25,,,,,,,
2013-03-20,,,,,,142.0,117.0,,,,,,,
2013-03-21,,,,,,142.0,117.0,,,,,,,
2013-03-22,,,,,,143.5,118.5,,,,,,,
2013-03-23,,,,,,,,,,,,,,
2013-03-24,,,,,,,,,,,,,,
2013-03-25,,,,,,144.75,119.75,,,,,,,
2013-03-26,,,,,,146.0,121.0,,,,,,,
2013-03-27,,,,,,146.75,122.0,,,,,,,
2013-03-28,,,,,,145.75,121.0,,,,,,,
2013-03-29,,,,,,,,,,,,,,
2013-03-30,,,,,,,,,,,,,,
2013-03-31,,,,,,,,,,,,,,
2013-04-01,,,,,,144.5,119.75,,,,,,,
2013-04-02,,,,,,144.75,120.0,,,,,,,
2013-04-03,,,,,,144.75,120.0,,,,,,,
2013-04-04,,,,,,144.75,120.0,,,,,,,
2013-04-05,,,,,,144.75,120.0,,,,,,,
2013-04-06,,,,,,,,,,,,,,
2013-04-07,,,,,,,,,,,,,,
2013-04-08,,,,,,147.0,122.25,,,,,,,
2013-04-09,,,,,,148.25,123.5,,,,,,,
2013-04-10,,,,,,150.0,125.25,,,,,,,
2013-04-11,,,,,,150.75,126.0,,,,,,,
2013-04-12,,,,,,150.75,126.0,,,,,,,
2013-04-13,,,,,,,,,,,,,,
2013-04-14,,,,,,,,,,,,,,
2013-04-15,,,,,,149.75,125.0,,,,,,,
2013-04-16,,,,,,148.0,123.25,,,,,,,
2013-04-17,,,,,,147.25,123.0,,,,,,,
2013-04-18,,,,,,146.75,122.0,,,,,,,
2013-04-19,,,,,,146.5,121.75,,,,,,,
2013-04-20,,,,,,,,,,,,,,
2013-04-21,,,,,,,,,,,,,,
2013-04-22,,,,,,146.25,121.75,,,,,,,
2013-04-23,,,,,,145.25,120.75,,,,,,,
2013-04-24,,,,,,144.5,120.0,,,,,,,
2013-04-25,,,,,,143.75,119.25,,,,,,,
2013-04-26,,,,,,143.25,118.75,,,,,,,
2013-04-27,,,,,,,,,,,,,,
2013-04-28,,,,,,,,,,,,,,
2013-04-29,,,,,,142.75,118.25,,,,,,,
2013-04-30,,,,,,142.5,118.0,,,,,,,
2013-05-01,,,,,,,,,,,,,,
2013-05-02,,,,,,139.25,114.75,,,,,,,
2013-05-03,,,,,,137.0,112.75,,,,,,,
2013-05-04,,,,,,,,,,,,,,
2013-05-05,,,,,,,,,,,,,,
2013-05-06,,,,,,137.25,113.0,,,,,,,
2013-05-07,,,,,,139.5,115.25,,,,,,,
2013-05-08,,,,,,139.5,115.25,,,,,,,
2013-05-09,,,,,,139.5,115.25,,,,,,,
2013-05-10,,,,,,139.25,115.0,,,,,,,
2013-05-11,,,,,,,,,,,,,,
2013-05-12,,,,,,,,,,,,,,
2013-05-13,,,,,,138.5,114.25,,,,,,,
2013-05-14,,,,,,137.5,113.25,,,,,,,
2013-05-15,,,,,,136.0,111.75,,,,,,,
2013-05-16,,,,,,134.0,109.75,,,,,,,
2013-05-17,,,,,,132.0,107.75,,,,,,,
2013-05-18,,,,,,,,,,,,,,
2013-05-19,,,,,,,,,,,,,,
2013-05-20,,,,,,131.5,107.75,,,,,,,
2013-05-21,,,,,,132.5,108.75,,,,,,,
2013-05-22,,,,,,132.75,109.0,,,,,,,
2013-05-23,,,,,,130.5,107.25,,,,,,,
2013-05-24,,,,,,,,,,,,,,
2013-05-25,,,,,,,,,,,,,,
2013-05-26,,,,,,,,,,,,,,
2013-05-27,,,,,,128.75,105.5,,,,,,,
2013-05-28,,,,,,125.75,103.5,,,,,,,
2013-05-29,,,,,,121.75,99.5,,,,,,,
2013-05-30,,,,,,118.5,97.0,,,,,,,
2013-05-31,,,,,,116.75,95.75,,,,,,,
2013-06-01,,,,,,,,,,,,,,
2013-06-02,,,,,,,,,,,,,,
2013-06-03,,,,,,120.25,99.25,,,,,,,
2013-06-04,,,,,,123.0,102.0,,,,,,,
2013-06-05,,,,,,123.75,102.75,,,,,,,
2013-06-06,,,,,,119.25,98.25,,,,,,,
2013-06-07,,,,,,117.75,96.75,,,,,,,
2013-06-08,,,,,,,,,,,,,,
2013-06-09,,,,,,,,,,,,,,
2013-06-10,,,,,,117.75,96.75,,,,,,,
2013-06-11,,,,,,117.75,96.75,,,,,,,
2013-06-12,,,,,,117.75,96.75,,,,,,,
2013-06-13,,,,,,117.75,96.75,,,,,,,
2013-06-14,,,,,,120.75,99.75,,,,,,,
2013-06-15,,,,,,,,,,,,,,
2013-06-16,,,,,,,,,,,,,,
2013-06-17,,,,,,122.75,101.75,,,,,,,
2013-06-18,,,,,,124.25,103.25,,,,,,,
2013-06-19,,,,,,127.0,106.0,,,,,,,
2013-06-20,,,,,,127.0,106.0,,,,,,,
2013-06-21,,,,,,125.75,104.75,,,,,,,
2013-06-22,,,,,,,,,,,,,,
2013-06-23,,,,,,,,,,,,,,
2013-06-24,,,,,,122.5,101.5,,,,,,,
2013-06-25,,,,,,120.75,99.75,,,,,,,
2013-06-26,,,,,,119.75,98.75,,,,,,,
2013-06-27,,,,,,122.5,101.5,,,,,,,
2013-06-28,,,,,,123.25,102.25,,,,,,,
2013-06-29,,,,,,,,,,,,,,
2013-06-30,,,,,,,,,,,,,,
2013-07-01,,,,,,123.75,103.0,,,,,,,
2013-07-02,,,,,,125.75,105.0,,,,,,,
2013-07-03,,,,,,127.75,107.0,,,,,,,
2013-07-04,,,,,,132.25,111.25,,,,,,,
2013-07-05,,,,,,131.25,110.25,,,,,,,
2013-07-06,,,,,,,,,,,,,,
2013-07-07,,,,,,,,,,,,,,
2013-07-08,,,,,,128.75,107.75,,,,,,,
2013-07-09,,,,,,130.25,109.25,,,,,,,
2013-07-10,,,,,,131.25,110.25,,,,,,,
2013-07-11,,,,,,133.75,112.75,,,,,,,
2013-07-12,,,,,,135.25,114.25,,,,,,,
2013-07-13,,,,,,,,,,,,,,
2013-07-14,,,,,,,,,,,,,,
2013-07-15,,,,,,136.25,114.75,,,,,,,
2013-07-16,,,,,,136.5,115.0,,,,,,,
2013-07-17,,,,,,136.75,115.25,,,,,,,
2013-07-18,,,,,,138.75,117.25,,,,,,,
2013-07-19,,,,,,139.25,117.75,,,,,,,
2013-07-20,,,,,,,,,,,,,,
2013-07-21,,,,,,,,,,,,,,
2013-07-22,,,,,,138.25,116.75,,,,,,,
2013-07-23,,,,,,138.25,116.75,,,,,,,
2013-07-24,,,,,,138.25,116.75,,,,,,,
2013-07-25,,,,,,138.75,117.25,,,,,,,
2013-07-26,,,,,,138.75,117.75,,,,,,,
2013-07-27,,,,,,,,,,,,,,
2013-07-28,,,,,,,,,,,,,,
2013-07-29,,,,,,138.25,117.25,,,,,,,
2013-07-30,,,,,,137.75,116.75,,,,,,,
2013-07-31,,,,,,137.25,116.25,,,,,,,
2013-08-01,,,,,,137.0,116.0,,,,,,,
2013-08-02,,,,,,137.0,116.0,,,,,,,
2013-08-03,,,,,,,,,,,,,,
2013-08-04,,,,,,,,,,,,,,
2013-08-05,,,,,,137.5,116.5,,,,,,,
2013-08-06,,,,,,138.75,118.0,,,,,,,
2013-08-07,,,,,,140.75,120.0,,,,,,,
2013-08-08,,,,,,,,,,,,,,
2013-08-09,,,,,,,,,,,,,,
2013-08-10,,,,,,,,,,,,,,
2013-08-11,,,,,,,,,,,,,,
2013-08-12,,,,,,147.25,126.0,,,,,,,
2013-08-13,,,,,,149.25,128.0,,,,,,,
2013-08-14,,,,,,149.75,128.0,,,,,,,
2013-08-15,,,,,,147.75,125.5,,,,,,,
2013-08-16,,,,,,145.25,123.0,,,,,,,
2013-08-17,,,,,,,,,,,,,,
2013-08-18,,,,,,,,,,,,,,
2013-08-19,,,,,,144.25,122.0,,,,,,,
2013-08-20,,,,,,143.75,121.5,,,,,,,
2013-08-21,,,,,,143.75,121.5,,,,,,,
2013-08-22,,,,,,144.75,122.5,,,,,,,
2013-08-23,,,,,,145.75,123.5,,,,,,,
2013-08-24,,,,,,,,,,,,,,
2013-08-25,,,,,,,,,,,,,,
2013-08-26,,,,,,146.75,124.5,,,,,,,
2013-08-27,,,,,,148.25,126.0,,,,,,,
2013-08-28,,,,,,148.25,125.0,,,,,,,
2013-08-29,,,,,,147.25,124.0,,,,,,,
2013-08-30,,,,,,147.25,124.0,,,,,,,
2013-08-31,,,,,,,,,,,,,,
2013-09-01,,,,,,,,,,,,,,
2013-09-02,,,,,,147.25,124.0,,,,,,,
2013-09-03,,,,,,146.75,123.5,,,,,,,
2013-09-04,,,,,,146.25,123.0,,,,,,,
2013-09-05,,,,,,145.25,122.0,,,,,,,
2013-09-06,,,,,,144.25,121.0,,,,,,,
2013-09-07,,,,,,,,,,,,,,
2013-09-08,,,,,,,,,,,,,,
2013-09-09,,,,,,144.0,120.75,,,,,,,
2013-09-10,,,,,,143.5,120.25,,,,,,,
2013-09-11,,,,,,143.25,120.0,,,,,,,
2013-09-12,,,,,,144.0,120.0,,,,,,,
2013-09-13,,,,,,142.75,118.75,,,,,,,
2013-09-14,,,,,,,,,,,,,,
2013-09-15,,,,,,,,,,,,,,
2013-09-16,,,,,,141.25,117.25,,,,,,,
2013-09-17,,,,,,138.75,114.75,,,,,,,
2013-09-18,,,,,,138.5,114.5,,,,,,,
2013-09-19,,,,,,139.25,115.25,,,,,,,
2013-09-20,,,,,,139.75,115.75,,,,,,,
2013-09-21,,,,,,,,,,,,,,
2013-09-22,,,,,,,,,,,,,,
2013-09-23,,,,,,139.75,115.75,,,,,,,
2013-09-24,,,,,,140.75,116.75,,,,,,,
2013-09-25,,,,,,140.75,116.25,,,,,,,
2013-09-26,,,,,,141.25,116.25,,,,,,,
2013-09-27,,,,,,140.75,115.75,,,,,,,
2013-09-28,,,,,,,,,,,,,,
2013-09-29,,,,,,,,,,,,,,
2013-09-30,,,,,,140.25,115.25,,,,,,,
2013-10-01,,,,,,140.25,115.25,,,,,,,
2013-10-02,,,,,,140.25,115.25,,,,,,,
2013-10-03,,,,,,140.25,115.25,,,,,,,
2013-10-04,,,,,,140.0,115.0,,,,,,,
2013-10-05,,,,,,,,,,,,,,
2013-10-06,,,,,,,,,,,,,,
2013-10-07,,,,,,140.0,115.0,,,,,,,
2013-10-08,,,,,,140.75,115.75,,,,,,,
2013-10-09,,,,,,141.25,116.25,,,,,,,
2013-10-10,,,,,,142.75,117.75,,,,,,,
2013-10-11,,,,,,143.25,118.25,,,,,,,
2013-10-12,,,,,,,,,,,,,,
2013-10-13,,,,,,,,,,,,,,
2013-10-14,,,,,,143.25,118.25,,,,,,,
2013-10-15,,,,,,,,,,,,,,
2013-10-16,,,,,,143.25,118.25,,,,,,,
2013-10-17,,,,,,144.25,118.25,,,,,,,
2013-10-18,,,,,,144.75,118.25,,,,,,,
2013-10-19,,,,,,,,,,,,,,
2013-10-20,,,,,,,,,,,,,,
2013-10-21,,,,,,144.0,117.5,,,,,,,
2013-10-22,,,,,,143.0,116.5,,,,,,,
2013-10-23,,,,,,142.5,116.0,,,,,,,
2013-10-24,,,,,,141.75,115.0,,,,,,,
2013-10-25,,,,,,141.0,114.25,,,,,,,
2013-10-26,,,,,,,,,,,,,,
2013-10-27,,,,,,,,,,,,,,
2013-10-28,,,,,,140.0,113.25,,,,,,,
2013-10-29,,,,,,140.0,112.25,,,,,,,
2013-10-30,,,,,,141.25,112.75,,,,,,,
2013-10-31,,,,,,143.0,114.25,,,,,,,
2013-11-01,,,,,,147.0,116.75,,,,,,,
2013-11-02,,,,,,,,,,,,,,
2013-11-03,,,,,,,,,,,,,,
2013-11-04,,,,,,147.0,116.75,,,,,,,
2013-11-05,,,,,,147.75,117.25,,,,,,,
2013-11-06,,,,,,148.75,118.0,,,,,,,
2013-11-07,,,,,,148.75,118.0,,,,,,,
2013-11-08,,,,,,147.5,116.75,,,,,,,
2013-11-09,,,,,,,,,,,,,,
2013-11-10,,,,,,,,,,,,,,
2013-11-11,,,,,,147.75,117.0,,,,,,,
2013-11-12,,,,,,147.75,117.0,,,,,,,
2013-11-13,,,,,,148.25,117.5,,,,,,,
2013-11-14,,,,,,147.75,117.0,,,,,,,
2013-11-15,,,,,,149.0,118.0,,,,,,,
2013-11-16,,,,,,,,,,,,,,
2013-11-17,,,,,,,,,,,,,,
2013-11-18,,,,,,149.0,118.0,,,,,,,
2013-11-19,,,,,,147.75,116.75,,,,,,,
2013-11-20,,,,,,147.75,116.75,,,,,,,
2013-11-21,,,,,,147.75,116.75,,,,,,,
2013-11-22,,,,,,148.0,117.0,,,,,,,
2013-11-23,,,,,,,,,,,,,,
2013-11-24,,,,,,,,,,,,,,
2013-11-25,,,,,,147.75,116.75,,,,,,,
2013-11-26,,,,,,148.25,117.0,,,,,,,
2013-11-27,,,,,,148.25,117.0,,,,,,,
2013-11-28,,,,,,148.25,117.0,,,,,,,
2013-11-29,,,,,,148.25,117.0,,,,,,,
2013-11-30,,,,,,,,,,,,,,
2013-12-01,,,,,,,,,,,,,,
2013-12-02,,,,,,148.75,117.5,,,,,,,
2013-12-03,,,,,,150.25,119.0,,,,,,,
2013-12-04,,,,,,152.25,121.0,,,,,,,
2013-12-05,,,,,,152.25,121.0,,,,,,,
2013-12-06,,,,,,151.25,120.0,,,,,,,
2013-12-07,,,,,,,,,,,,,,
2013-12-08,,,,,,,,,,,,,,
2013-12-09,,,,,,151.0,119.75,,,,,,,
2013-12-10,,,,,,151.5,120.25,,,,,,,
2013-12-11,,,,,,150.5,119.25,,,,,,,
2013-12-12,,,,,,150.25,118.25,,,,,,,
2013-12-13,,,,,,148.25,116.25,,,,,,,
2013-12-14,,,,,,,,,,,,,,
2013-12-15,,,,,,,,,,,,,,
2013-12-16,,,,,,147.75,115.75,,,,,,,
2013-12-17,,,,,,146.25,114.25,,,,,,,
2013-12-18,,,,,,146.25,114.25,,,,,,,
2013-12-19,,,,,,,,,,,,,,
2013-12-20,,,,,,145.75,113.75,,,,,,,
2013-12-21,,,,,,,,,,,,,,
2013-12-22,,,,,,,,,,,,,,
2013-12-23,,,,,,144.0,112.25,,,,,,,
2013-12-24,,,,,,144.75,113.0,,,,,,,
2013-12-25,,,,,,,,,,,,,,
2013-12-26,,,,,,145.0,113.0,,,,,,,
2013-12-27,,,,,,146.0,114.0,,,,,,,
2013-12-28,,,,,,,,,,,,,,
2013-12-29,,,,,,,,,,,,,,
2013-12-30,,,,,,147.5,115.5,,,,,,,
2013-12-31,,,,,,147.5,115.5,,,,,,,
2014-01-01,,,,,,,,,,,,,,
2014-01-02,,,,,,147.25,115.25,,,,,,,
2014-01-03,,,,,,146.75,114.75,,,,,,,
2014-01-04,,,,,,,,,,,,,,
2014-01-05,,,,,,,,,,,,,,
2014-01-06,,,,,,146.5,114.5,,,,,,,
2014-01-07,,,,,,145.25,113.25,,,,,,,
2014-01-08,,,,,,144.75,112.75,,,,,,,
2014-01-09,,,,,,144.0,112.75,,,,,,,
2014-01-10,,,,,,144.0,113.0,,,,,,,
2014-01-11,,,,,,,,,,,,,,
2014-01-12,,,,,,,,,,,,,,
2014-01-13,,,,,,143.75,112.75,,,,,,,
2014-01-14,,,,,,143.5,112.75,,,,,,,
2014-01-15,,,,,,142.0,112.0,,,,,,,
2014-01-16,,,,,,141.0,111.5,,,,,,,
2014-01-17,,,,,,140.5,111.0,,,,,,,
2014-01-18,,,,,,,,,,,,,,
2014-01-19,,,,,,,,,,,,,,
2014-01-20,,,,,,139.0,109.75,,,,,,,
2014-01-21,,,,,,135.5,106.75,,,,,,,
2014-01-22,,,,,,135.25,106.5,,,,,,,
2014-01-23,,,,,,137.0,108.25,,,,,,,
2014-01-24,,,,,,137.25,108.5,,,,,,,
2014-01-25,,,,,,,,,,,,,,
2014-01-26,,,,,,,,,,,,,,
2014-01-27,,,,,,136.75,108.0,,,,,,,
2014-01-28,,,,,,136.0,107.25,,,,,,,
2014-01-29,,,,,,135.5,106.75,,,,,,,
2014-01-30,,,,,,135.5,106.75,,,,,,,
2014-01-31,,,,,,,,,,,,,,
2014-02-01,,,,,,,,,,,,,,
2014-02-02,,,,,,,,,,,,,,
2014-02-03,,,,,,,,,,,,,,
2014-02-04,,,,,,,,,,,,,,
2014-02-05,,,,,,,,,,,,,,
2014-02-06,,,,,,,,,,,,,,
2014-02-07,,,,,,132.75,104.0,,,,,,,
2014-02-08,,,,,,,,,,,,,,
2014-02-09,,,,,,,,,,,,,,
2014-02-10,,,,,,132.5,104.0,,,,,,,
2014-02-11,,,,,,131.5,103.5,,,,,,,
2014-02-12,,,,,,132.5,105.0,,,,,,,
2014-02-13,,,,,,134.25,106.5,,,,,,,
2014-02-14,,,,,,134.5,107.0,,,,,,,
2014-02-15,,,,,,,,,,,,,,
2014-02-16,,,,,,,,,,,,,,
2014-02-17,,,,,,135.5,108.0,,,,,,,
2014-02-18,,,,,,135.5,108.0,,,,,,,
2014-02-19,,,,,,135.25,107.75,,,,,,,
2014-02-20,,,,,,132.75,105.75,,,,,,,
2014-02-21,,,,,,132.5,105.5,,,,,,,
2014-02-22,,,,,,,,,,,,,,
2014-02-23,,,,,,,,,,,,,,
2014-02-24,,,,,,129.0,102.5,,,,,,,
2014-02-25,,,,,,127.5,101.25,,,,,,,
2014-02-26,,,,,,127.0,101.0,,,,,,,
2014-02-27,,,,,,127.75,101.75,,,,,,,
2014-02-28,,,,,,127.25,101.5,,,,,,,
2014-03-01,,,,,,,,,,,,,,
2014-03-02,,,,,,,,,,,,,,
2014-03-03,,,,,,127.25,101.5,,,,,,,
2014-03-04,,,,,,126.25,101.0,,,,,,,
2014-03-05,,,,,,125.25,100.0,,,,,,,
2014-03-06,,,,,,124.25,99.0,,,,,,,
2014-03-07,,,,,,121.0,96.0,,,,,,,
2014-03-08,,,,,,,,,,,,,,
2014-03-09,,,,,,,,,,,,,,
2014-03-10,,,,,,112.25,89.0,,,,,,,
2014-03-11,,,,,,113.0,89.5,,,,,,,
2014-03-12,,,,,,116.25,92.75,,,,,,,
2014-03-13,,,,,,119.25,95.5,,,,,,,
2014-03-14,,,,,,118.0,94.25,,,,,,,
2014-03-15,,,,,,,,,,,,,,
2014-03-16,,,,,,,,,,,,,,
2014-03-17,,,,,,118.25,94.25,,,,,,,
2014-03-18,,,,,,118.75,94.75,,,,,,,
2014-03-19,,,,,,117.75,92.75,,,,,,,
2014-03-20,,,,,,117.5,92.75,,,,,,,
2014-03-21,,,,,,117.75,92.75,,,,,,,
2014-03-22,,,,,,,,,,,,,,
2014-03-23,,,,,,,,,,,,,,
2014-03-24,,,,,,117.25,92.25,,,,,,,
2014-03-25,,,,,,118.75,93.25,,,,,,,
2014-03-26,,,,,,118.75,93.25,,,,,,,
2014-03-27,,,,,,119.25,94.25,,,,,,,
2014-03-28,,,,,,120.25,94.75,,,,,,,
2014-03-29,,,,,,,,,,,,,,
2014-03-30,,,,,,,,,,,,,,
2014-03-31,,,,,,124.75,98.75,,,,,,,
2014-04-01,,,,,,124.25,98.25,,,,,,,
2014-04-02,,,,,,123.0,97.0,,,,,,,
2014-04-03,,,,,,122.5,97.0,,,,,,,
2014-04-04,,,,,,124.0,99.0,,,,,,,
2014-04-05,,,,,,,,,,,,,,
2014-04-06,,,,,,,,,,,,,,
2014-04-07,,,,,,124.5,99.5,,,,,,,
2014-04-08,,,,,,126.25,101.25,,,,,,,
2014-04-09,,,,,,127.0,102.0,,,,,,,
2014-04-10,,,,,,126.0,101.0,,,,,,,
2014-04-11,,,,,,124.25,99.25,,,,,,,
2014-04-12,,,,,,,,,,,,,,
2014-04-13,,,,,,,,,,,,,,
2014-04-14,,,,,,124.25,99.25,,,,,,,
2014-04-15,,,,,,123.75,98.75,,,,,,,
2014-04-16,,,,,,122.75,97.75,,,,,,,
2014-04-17,,,,,,124.25,99.25,,,,,,,
2014-04-18,,,,,,,,,,,,,,
2014-04-19,,,,,,,,,,,,,,
2014-04-20,,,,,,,,,,,,,,
2014-04-21,,,,,,119.5,96.75,,,,,,,
2014-04-22,,,,,,119.0,93.75,,,,,,,
2014-04-23,,,,,,120.25,95.0,,,,,,,
2014-04-24,,,,,,120.0,95.0,,,,,,,
2014-04-25,,,,,,118.0,92.5,,,,,,,
2014-04-26,,,,,,,,,,,,,,
2014-04-27,,,,,,,,,,,,,,
2014-04-28,,,,,,115.5,89.75,,,,,,,
2014-04-29,,,,,,114.75,89.0,,,,,,,
2014-04-30,,,,,,112.75,87.0,,,,,,,
2014-05-01,,,,,,,,,,,,,,
2014-05-02,,,,,,112.5,86.75,,,,,,,
2014-05-03,,,,,,,,,,,,,,
2014-05-04,,,,,,,,,,,,,,
2014-05-05,,,,,,113.0,87.5,,,,,,,
2014-05-06,,,,,,113.5,87.5,,,,,,,
2014-05-07,,,,,,112.5,85.75,,,,,,,
2014-05-08,,,,,,110.5,83.75,,,,,,,
2014-05-09,,,,,,109.5,83.5,,,,,,,
2014-05-10,,,,,,,,,,,,,,
2014-05-11,,,,,,,,,,,,,,
2014-05-12,,,,,,108.75,84.0,,,,,,,
2014-05-13,,,,,,,,,,,,,,
2014-05-14,,,,,,109.5,84.75,,,,,,,
2014-05-15,,,,,,109.5,83.75,,,,,,,
2014-05-16,,,,,,106.0,80.25,,,,,,,
2014-05-17,,,,,,,,,,,,,,
2014-05-18,,,,,,,,,,,,,,
2014-05-19,,,,,,105.0,79.25,,,,,,,
2014-05-20,,,,,,105.0,78.5,,,,,,,
2014-05-21,,,,,,106.0,79.0,,,,,,,
2014-05-22,,,,,,107.75,80.75,,,,,,,
2014-05-23,,,,,,105.75,79.25,,,,,,,
2014-05-24,,,,,,,,,,,,,,
2014-05-25,,,,,,,,,,,,,,
2014-05-26,,,,,,,,,,,,,,
2014-05-27,,,,,,105.75,79.25,,,,,,,
2014-05-28,,,,,,102.5,77.75,,,,,,,
2014-05-29,,,,,,100.75,76.0,,,,,,,
2014-05-30,,,,,,100.25,72.5,,,,,,,
2014-05-31,,,,,,,,,,,,,,
2014-06-01,,,,,,,,,,,,,,
2014-06-02,,,,,,100.5,72.75,,,,,,,
2014-06-03,,,,,,100.5,74.75,,,,,,,
2014-06-04,,,,,,103.0,73.25,,,,,,,
2014-06-05,,,,,,102.25,72.25,,,,,,,
2014-06-06,,,,,,102.0,72.75,,,,,,,
2014-06-07,,,,,,,,,,,,,,
2014-06-08,,,,,,,,,,,,,,
2014-06-09,,,,,,101.0,71.75,,,,,,,
2014-06-10,,,,,,100.5,71.25,,,,,,,
2014-06-11,,,,,,101.0,71.25,,,,,,,
2014-06-12,,,,,,98.5,69.5,,,,,,,
2014-06-13,,,,,,98.0,70.0,,,,,,,
2014-06-14,,,,,,,,,,,,,,
2014-06-15,,,,,,,,,,,,,,
2014-06-16,,,,,,96.75,70.0,,,,,,,
2014-06-17,,,,,,97.25,70.5,,,,,,,
2014-06-18,,,,,,98.75,71.25,,,,,,,
2014-06-19,,,,,,99.0,71.5,,,,,,,
2014-06-20,,,,,,99.5,71.5,,,,,,,
2014-06-21,,,,,,,,,,,,,,
2014-06-22,,,,,,,,,,,,,,
2014-06-23,,,,,,101.75,73.25,,,,,,,
2014-06-24,,,,,,101.5,73.0,,,,,,,
2014-06-25,,,,,,102.0,73.0,,,,,,,
2014-06-26,,,,,,105.25,74.5,,,,,,,
2014-06-27,,,,,,103.5,72.75,,,,,,,
2014-06-28,,,,,,,,,,,,,,
2014-06-29,,,,,,,,,,,,,,
2014-06-30,,,,,,102.75,72.0,,,,,,,
2014-07-01,,,,,,103.5,72.75,,,,,,,
2014-07-02,,,,,,105.25,74.5,,,,,,,
2014-07-03,,,,,,105.5,75.25,,,,,,,
2014-07-04,,,,,,105.0,74.75,,,,,,,
2014-07-05,,,,,,,,,,,,,,
2014-07-06,,,,,,,,,,,,,,
2014-07-07,,,,,,104.25,74.0,,,,,,,
2014-07-08,,,,,,105.25,75.5,,,,,,,
2014-07-09,,,,,,105.25,76.0,,,,,,,
2014-07-10,,,,,,105.5,76.5,,,,,,,
2014-07-11,,,,,,106.25,77.25,,,,,,,
2014-07-12,,,,,,,,,,,,,,
2014-07-13,,,,,,,,,,,,,,
2014-07-14,,,,,,107.0,78.0,,,,,,,
2014-07-15,,,,,,107.25,78.75,,,,,,,
2014-07-16,,,,,,107.5,79.0,,,,,,,
2014-07-17,,,,,,105.5,77.5,,,,,,,
2014-07-18,,,,,,103.25,77.0,,,,,,,
2014-07-19,,,,,,,,,,,,,,
2014-07-20,,,,,,,,,,,,,,
2014-07-21,,,,,,102.5,76.5,,,,,,,
2014-07-22,,,,,,102.5,76.5,,,,,,,
2014-07-23,,,,,,101.5,76.75,,,,,,,
2014-07-24,,,,,,100.5,76.0,,,,,,,
2014-07-25,,,,,,101.5,77.0,,,,,,,
2014-07-26,,,,,,,,,,,,,,
2014-07-27,,,,,,,,,,,,,,
2014-07-28,,,,,,,,,,,,,,
2014-07-29,,,,,,103.0,78.5,,,,,,,
2014-07-30,,,,,,103.0,78.5,,,,,,,
2014-07-31,,,,,,102.75,78.25,,,,,,,
2014-08-01,,,,,,101.0,76.5,,,,,,,
2014-08-02,,,,,,,,,,,,,,
2014-08-03,,,,,,,,,,,,,,
2014-08-04,,,,,,102.25,77.75,,,,,,,
2014-08-05,,,,,,103.0,78.5,,,,,,,
2014-08-06,,,,,,103.0,78.5,,,,,,,
2014-08-07,,,,,,104.0,77.5,,,,,,,
2014-08-08,,,,,,103.5,77.0,,,,,,,
2014-08-09,,,,,,,,,,,,,,
2014-08-10,,,,,,,,,,,,,,
2014-08-11,,,,,,103.5,77.0,,,,,,,
2014-08-12,,,,,,102.25,75.75,,,,,,,
2014-08-13,,,,,,102.0,75.5,,,,,,,
2014-08-14,,,,,,102.0,76.5,,,,,,,
2014-08-15,,,,,,102.25,78.0,,,,,,,
2014-08-16,,,,,,,,,,,,,,
2014-08-17,,,,,,,,,,,,,,
2014-08-18,,,,,,101.75,77.5,,,,,,,
2014-08-19,,,,,,101.25,77.0,,,,,,,
2014-08-20,,,,,,100.75,76.5,,,,,,,
2014-08-21,,,,,,100.25,76.0,,,,,,,
2014-08-22,,,,,,99.75,74.0,,,,,,,
2014-08-23,,,,,,,,,,,,,,
2014-08-24,,,,,,,,,,,,,,
2014-08-25,,,,,,99.25,73.5,,,,,,,
2014-08-26,,,,,,98.75,73.0,,,,,,,
2014-08-27,,,,,,98.5,72.25,,,,,,,
2014-08-28,,,,,,97.75,71.75,,,,,,,
2014-08-29,,,,,,98.5,72.5,,,,,,,
2014-08-30,,,,,,,,,,,,,,
2014-08-31,,,,,,,,,,,,,,
2014-09-01,,,,,,97.5,71.5,,,,,,,
2014-09-02,,,,,,97.5,71.5,,,,,,,
2014-09-03,,,,,,96.25,70.25,,,,,,,
2014-09-04,,,,,,94.25,69.75,,,,,,,
2014-09-05,,,,,,92.5,70.75,,,,,,,
2014-09-06,,,,,,,,,,,,,,
2014-09-07,,,,,,,,,,,,,,
2014-09-08,,,,,,,,,,,,,,
2014-09-09,,,,,,91.75,69.5,,,,,,,
2014-09-10,,,,,,91.5,69.25,,,,,,,
2014-09-11,,,,,,90.75,69.0,,,,,,,
2014-09-12,,,,,,91.5,69.75,,,,,,,
2014-09-13,,,,,,,,,,,,,,
2014-09-14,,,,,,,,,,,,,,
2014-09-15,,,,,,93.75,69.75,,,,,,,
2014-09-16,,,,,,93.5,68.75,,,,,,,
2014-09-17,,,,,,93.0,68.25,,,,,,,
2014-09-18,,,,,,92.0,66.75,,,,,,,
2014-09-19,,,,,,91.25,66.0,,,,,,,
2014-09-20,,,,,,,,,,,,,,
2014-09-21,,,,,,,,,,,,,,
2014-09-22,,,,,,89.75,64.5,,,,,,,
2014-09-23,,,,,,88.75,63.75,,,,,,,
2014-09-24,,,,,,88.75,63.75,,,,,,,
2014-09-25,,,,,,87.25,63.25,,,,,,,
2014-09-26,,,,,,87.25,63.25,,,,,,,
2014-09-27,,,,,,,,,,,,,,
2014-09-28,,,,,,,,,,,,,,
2014-09-29,,,,,,85.75,61.75,,,,,,,
2014-09-30,,,,,,,,,,,,,,
2014-10-01,,,,,,,,,,,,,,
2014-10-02,,,,,,,,,,,,,,
2014-10-03,,,,,,,,,,,,,,
2014-10-04,,,,,,,,,,,,,,
2014-10-05,,,,,,,,,,,,,,
2014-10-06,,,,,,,,,,,,,,
2014-10-07,,,,,,88.25,66.5,,,,,,,
2014-10-08,,,,,,87.5,65.75,,,,,,,
2014-10-09,,,,,,87.0,65.25,,,,,,,
2014-10-10,,,,,,88.25,66.5,,,,,,,
2014-10-11,,,,,,,,,,,,,,
2014-10-12,,,,,,,,,,,,,,
2014-10-13,,,,,,91.5,69.5,,,,,,,
2014-10-14,,,,,,91.25,69.25,,,,,,,
2014-10-15,,,,,,90.25,68.0,,,,,,,
2014-10-16,,,,,,88.25,66.0,,,,,,,
2014-10-17,,,,,,89.25,66.75,,,,,,,
2014-10-18,,,,,,,,,,,,,,
2014-10-19,,,,,,,,,,,,,,
2014-10-20,,,,,,90.0,69.25,,,,,,,
2014-10-21,,,,,,90.25,69.5,,,,,,,
2014-10-22,,,,,,,,,,,,,,
2014-10-23,,,,,,88.0,67.25,,,,,,,
2014-10-24,,,,,,88.25,67.5,,,,,,,
2014-10-25,,,,,,,,,,,,,,
2014-10-26,,,,,,,,,,,,,,
2014-10-27,,,,,,88.25,67.5,,,,,,,
2014-10-28,,,,,,87.25,66.5,,,,,,,
2014-10-29,,,,,,87.25,66.5,,,,,,,
2014-10-30,,,,,,87.25,66.5,,,,,,,
2014-10-31,,,,,,87.25,66.5,,,,,,,
2014-11-01,,,,,,,,,,,,,,
2014-11-02,,,,,,,,,,,,,,
2014-11-03,,,,,,86.75,66.0,,,,,,,
2014-11-04,,,,,,86.75,65.25,,,,,,,
2014-11-05,,,,,,85.25,63.75,,,,,,,
2014-11-06,,,,,,84.5,63.0,,,,,,,
2014-11-07,,,,,,85.0,63.5,,,,,,,
2014-11-08,,,,,,,,,,,,,,
2014-11-09,,,,,,,,,,,,,,
2014-11-10,,,,,,84.5,63.5,,,,,,,
2014-11-11,,,,,,85.0,64.25,,,,,,,
2014-11-12,,,,,,85.0,64.5,,,,,,,
2014-11-13,,,,,,85.75,64.25,,,,,,,
2014-11-14,,,,,,85.5,64.0,,,,,,,
2014-11-15,,,,,,,,,,,,,,
2014-11-16,,,,,,,,,,,,,,
2014-11-17,,,,,,85.25,63.75,,,,,,,
2014-11-18,,,,,,81.25,59.75,,,,,,,
2014-11-19,,,,,,80.25,58.75,,,,,,,
2014-11-20,,,,,,80.5,59.25,,,,,,,
2014-11-21,,,,,,79.75,58.5,,,,,,,
2014-11-22,,,,,,,,,,,,,,
2014-11-23,,,,,,,,,,,,,,
2014-11-24,,,,,,78.25,59.5,,,,,,,
2014-11-25,,,,,,77.75,58.5,,,,,,,
2014-11-26,,,,,,77.25,58.0,,,,,,,
2014-11-27,,,,,,78.0,58.75,,,,,,,
2014-11-28,,,,,,80.0,59.75,,,,,,,
2014-11-29,,,,,,,,,,,,,,
2014-11-30,,,,,,,,,,,,,,
2014-12-01,,,,,,79.75,59.0,,,,,,,
2014-12-02,,,,,,78.5,57.75,,,,,,,
2014-12-03,,,,,,78.75,57.5,,,,,,,
2014-12-04,,,,,,80.75,59.5,,,,,,,
2014-12-05,,,,,,80.5,59.25,,,,,,,
2014-12-06,,,,,,,,,,,,,,
2014-12-07,,,,,,,,,,,,,,
2014-12-08,,,,,,79.0,57.0,,,,,,,
2014-12-09,,,,,,77.75,56.25,,,,,,,
2014-12-10,,,,,,78.25,56.75,,,,,,,
2014-12-11,,,,,,78.25,56.75,,,,,,,
2014-12-12,,,,,,78.25,56.75,,,,,,,
2014-12-13,,,,,,,,,,,,,,
2014-12-14,,,,,,,,,,,,,,
2014-12-15,,,,,,78.0,56.5,,,,,,,
2014-12-16,,,,,,76.75,55.75,,,,,,,
2014-12-17,,,,,,76.75,55.75,,,,,,,
2014-12-18,,,,,,77.0,56.0,,,,,,,
2014-12-19,,,,,,78.0,57.0,,,,,,,
2014-12-20,,,,,,,,,,,,,,
2014-12-21,,,,,,,,,,,,,,
2014-12-22,,,,,,76.0,55.0,,,,,,,
2014-12-23,,,,,,74.75,53.75,,,,,,,
2014-12-24,,,,,,75.25,54.25,,,,,,,
2014-12-25,,,,,,,,,,,,,,
2014-12-26,,,,,,76.0,55.25,,,,,,,
2014-12-27,,,,,,,,,,,,,,
2014-12-28,,,,,,,,,,,,,,
2014-12-29,,,,,,76.5,56.0,,,,,,,
2014-12-30,,,,,,80.25,59.75,,,,,,,
2014-12-31,,,,,,80.25,59.75,,,,,,,
2015-01-01,,,,,,,,,,,,,,
2015-01-02,,,,,,,,,,,,,,
2015-01-03,,,,,,,,,,,,,,
2015-01-04,,,,,,,,,,,,,,
2015-01-05,,,,,,79.25,58.75,,,,,,,
2015-01-06,,,,,,80.25,59.75,,,,,,,
2015-01-07,,,,,,79.75,59.25,,,,,,,
2015-01-08,,,,,,79.5,59.0,,,,,,,
2015-01-09,,,,,,79.0,58.5,,,,,,,
2015-01-10,,,,,,,,,,,,,,
2015-01-11,,,,,,,,,,,,,,
2015-01-12,,,,,,78.5,56.75,,,,,,,
2015-01-13,,,,,,78.25,56.5,,,,,,,
2015-01-14,,,,,,77.5,55.75,,,,,,,
2015-01-15,,,,,,77.75,56.75,,,,,,,
2015-01-16,,,,,,78.0,57.5,,,,,,,
2015-01-17,,,,,,,,,,,,,,
2015-01-18,,,,,,,,,,,,,,
2015-01-19,,,,,,77.75,57.25,,,,,,,
2015-01-20,,,,,,77.0,56.5,,,,,,,
2015-01-21,,,,,,75.0,55.25,,,,,,,
2015-01-22,,,,,,76.0,56.25,,,,,,,
2015-01-23,,,,,,75.5,55.75,,,,,,,
2015-01-24,,,,,,,,,,,,,,
2015-01-25,,,,,,,,,,,,,,
2015-01-26,,,,,,72.75,53.0,,,,,,,
2015-01-27,,,,,,72.75,53.0,,,,,,,
2015-01-28,,,,,,71.5,52.25,,,,,,,
2015-01-29,,,,,,70.5,52.5,,,,,,,
2015-01-30,,,,,,69.25,50.75,,,,,,,
2015-01-31,,,,,,,,,,,,,,
2015-02-01,,,,,,,,,,,,,,
2015-02-02,,,,,,68.5,50.0,,,,,,,
2015-02-03,,,,,,69.5,51.75,,,,,,,
2015-02-04,,,,,,68.5,50.75,,,,,,,
2015-02-05,,,,,,68.0,50.5,,,,,,,
2015-02-06,,,,,,67.25,49.5,,,,,,,
2015-02-07,,,,,,,,,,,,,,
2015-02-08,,,,,,,,,,,,,,
2015-02-09,,,,,,66.75,49.0,,,,,,,
2015-02-10,,,,,,69.25,50.25,,,,,,,
2015-02-11,,,,,,69.25,50.25,,,,,,,
2015-02-12,,,,,,69.75,50.75,,,,,,,
2015-02-13,,,,,,71.0,52.0,,,,,,,
2015-02-14,,,,,,,,,,,,,,
2015-02-15,,,,,,,,,,,,,,
2015-02-16,,,,,,72.25,53.25,,,,,,,
2015-02-17,,,,,,70.75,51.75,,,,,,,
2015-02-18,,,,,,69.25,50.25,,,,,,,
2015-02-19,,,,,,,,,,,,,,
2015-02-20,,,,,,,,,,,,,,
2015-02-21,,,,,,,,,,,,,,
2015-02-22,,,,,,,,,,,,,,
2015-02-23,,,,,,69.25,50.25,,,,,,,
2015-02-24,,,,,,70.25,51.25,,,,,,,
2015-02-25,,,,,,69.75,50.75,,,,,,,
2015-02-26,,,,,,70.25,51.25,,,,,,,
2015-02-27,,,,,,69.5,50.5,,,,,,,
2015-02-28,,,,,,,,,,,,,,
2015-03-01,,,,,,,,,,,,,,
2015-03-02,,,,,,69.75,50.75,,,,,,,
2015-03-03,,,,,,69.75,50.75,,,,,,,
2015-03-04,,,,,,68.5,49.5,,,,,,,
2015-03-05,,,,,,67.0,47.5,,,,,,,
2015-03-06,,,,,,65.75,46.25,,,,,,,
2015-03-07,,,,,,,,,,,,,,
2015-03-08,,,,,,,,,,,,,,
2015-03-09,,,,,,65.25,45.75,,,,,,,
2015-03-10,,,,,,64.25,45.0,,,,,,,
2015-03-11,,,,,,64.0,44.75,,,,,,,
2015-03-12,,,,,,64.75,45.75,,,,,,,
2015-03-13,,,,,,64.75,46.25,,,,,,,
2015-03-14,,,,,,,,,,,,,,
2015-03-15,,,,,,,,,,,,,,
2015-03-16,,,,,,64.75,45.5,,,,,,,
2015-03-17,,,,,,64.0,45.5,,,,,,,
2015-03-18,,,,,,61.0,44.5,,,,,,,
2015-03-19,,,,,,60.25,43.75,,,,,,,
2015-03-20,,,,,,59.75,43.0,,,,,,,
2015-03-21,,,,,,,,,,,,,,
2015-03-22,,,,,,,,,,,,,,
2015-03-23,,,,,,59.75,42.75,,,,,,,
2015-03-24,,,,,,60.75,44.0,,,,,,,
2015-03-25,,,,,,60.0,43.25,,,,,,,
2015-03-26,,,,,,58.75,42.0,,,,,,,
2015-03-27,,,,,,57.75,40.75,,,,,,,
2015-03-28,,,,,,,,,,,,,,
2015-03-29,,,,,,,,,,,,,,
2015-03-30,,,,,,56.75,39.75,,,,,,,
2015-03-31,,,,,,56.0,39.0,,,,,,,
2015-04-01,,,,,,52.75,37.25,,,,,,,
2015-04-02,,,,,,52.25,37.5,,,,,,,
2015-04-03,,,,,,,,,,,,,,
2015-04-04,,,,,,,,,,,,,,
2015-04-05,,,,,,,,,,,,,,
2015-04-06,,,,,,52.25,37.5,,,,,,,
2015-04-07,,,,,,52.5,38.25,,,,,,,
2015-04-08,,,,,,53.0,40.0,,,,,,,
2015-04-09,,,,,,52.75,40.0,,,,,,,
2015-04-10,,,,,,52.5,39.75,,,,,,,
2015-04-11,,,,,,,,,,,,,,
2015-04-12,,,,,,,,,,,,,,
2015-04-13,,,,,,54.5,41.75,,,,,,,
2015-04-14,,,,,,57.0,42.75,,,,,,,
2015-04-15,,,,,,57.0,42.75,,,,,,,
2015-04-16,,,,,,57.0,42.75,,,,,,,
2015-04-17,,,,,,57.75,43.5,,,,,,,
2015-04-18,,,,,,,,,,,,,,
2015-04-19,,,,,,,,,,,,,,
2015-04-20,,,,,,57.5,43.25,,,,,,,
2015-04-21,,,,,,57.5,43.25,,,,,,,
2015-04-22,,,,,,59.75,45.5,,,,,,,
2015-04-23,,,,,,61.0,46.75,,,,,,,
2015-04-24,,,,,,64.75,50.5,,,,,,,
2015-04-25,,,,,,,,,,,,,,
2015-04-26,,,,,,,,,,,,,,
2015-04-27,,,,,,66.0,51.75,,,,,,,
2015-04-28,,,,,,65.5,50.75,,,,,,,
2015-04-29,,,,,,63.75,49.0,,,,,,,
2015-04-30,,,,,,61.75,47.0,,,,,,,
2015-05-01,,,,,,,,,,,,,,
2015-05-02,,,,,,,,,,,,,,
2015-05-03,,,,,,,,,,,,,,
2015-05-04,,,,,,64.0,49.25,,,,,,,
2015-05-05,,,,,,65.75,51.0,,,,,,,
2015-05-06,,,,,,67.5,52.75,,,,,,,
2015-05-07,,,,,,65.75,51.0,,,,,,,
2015-05-08,,,,,,67.75,53.75,,,,,,,
2015-05-09,,,,,,,,,,,,,,
2015-05-10,,,,,,,,,,,,,,
2015-05-11,,,,,,69.25,55.25,,,,,,,
2015-05-12,,,,,,69.0,55.5,,,,,,,
2015-05-13,,,,,,69.5,56.0,,,,,,,
2015-05-14,,,,,,68.5,55.0,,,,,,,
2015-05-15,,,,,,67.75,54.25,,,,,,,
2015-05-16,,,,,,,,,,,,,,
2015-05-17,,,,,,,,,,,,,,
2015-05-18,,,,,,66.25,54.0,,,,,,,
2015-05-19,,,,,,67.0,53.5,,,,,,,
2015-05-20,,,,,,66.0,52.5,,,,,,,
2015-05-21,,,,,,66.5,53.0,,,,,,,
2015-05-22,,,,,,68.75,55.25,,,,,,,
2015-05-23,,,,,,,,,,,,,,
2015-05-24,,,,,,,,,,,,,,
2015-05-25,,,,,,68.75,55.25,,,,,,,
2015-05-26,,,,,,70.75,57.5,,,,,,,
2015-05-27,,,,,,70.0,54.5,,,,,,,
2015-05-28,,,,,,68.25,52.5,,,,,,,
2015-05-29,,,,,,68.75,52.5,,,,,,,
2015-05-30,,,,,,,,,,,,,,
2015-05-31,,,,,,,,,,,,,,
2015-06-01,,,,,,,,,,,,,,
2015-06-02,,,,,,70.75,53.75,,,,,,,
2015-06-03,,,,,,71.5,54.5,,,,,,,
2015-06-04,,,,,,72.75,55.5,,,,,,,
2015-06-05,,,,,,72.75,55.5,,,,,,,
2015-06-06,,,,,,,,,,,,,,
2015-06-07,,,,,,,,,,,,,,
2015-06-08,,,,,,72.25,55.0,,,,,,,
2015-06-09,,,,,,72.75,56.0,,,,,,,
2015-06-10,,,,,,73.75,57.0,,,,,,,
2015-06-11,,,,,,73.75,57.0,,,,,,,
2015-06-12,,,,,,73.0,56.25,,,,,,,
2015-06-13,,,,,,,,,,,,,,
2015-06-14,,,,,,,,,,,,,,
2015-06-15,,,,,,72.0,55.25,,,,,,,
2015-06-16,,,,,,71.0,53.75,,,,,,,
2015-06-17,,,,,,69.25,52.25,,,,,,,
2015-06-18,,,,,,69.25,52.75,,,,,,,
2015-06-19,,,,,,69.25,52.75,,,,,,,
2015-06-20,,,,,,,,,,,,,,
2015-06-21,,,,,,,,,,,,,,
2015-06-22,,,,,,68.25,51.75,,,,,,,
2015-06-23,,,,,,69.0,52.5,,,,,,,
2015-06-24,,,,,,70.0,54.5,,,,,,,
2015-06-25,,,,,,68.25,53.0,,,,,,,
2015-06-26,,,,,,68.0,52.5,,,,,,,
2015-06-27,,,,,,,,,,,,,,
2015-06-28,,,,,,,,,,,,,,
2015-06-29,,,,,,68.0,52.5,,,,,,,
2015-06-30,,,,,,66.5,51.5,,,,,,,
2015-07-01,,,,,,65.25,50.5,,,,,,,
2015-07-02,,,,,,63.0,48.25,,,,,,,
2015-07-03,,,,,,62.0,47.0,,,,,,,
2015-07-04,,,,,,,,,,,,,,
2015-07-05,,,,,,,,,,,,,,
2015-07-06,,,,,,58.25,43.75,,,,,,,
2015-07-07,,,,,,56.75,41.75,,,,,,,
2015-07-08,,,,,,51.5,37.0,,,,,,,
2015-07-09,,,,,,55.75,41.75,,,,,,,
2015-07-10,,,,,,55.75,41.75,,,,,,,
2015-07-11,,,,,,,,,,,,,,
2015-07-12,,,,,,,,,,,,,,
2015-07-13,,,,,,56.75,43.0,,,,,,,
2015-07-14,,,,,,57.5,43.75,,,,,,,
2015-07-15,,,,,,56.75,43.0,,,,,,,
2015-07-16,,,,,,56.25,43.0,,,,,,,
2015-07-17,,,,,,,,,,,,,,
2015-07-18,,,,,,,,,,,,,,
2015-07-19,,,,,,,,,,,,,,
2015-07-20,,,,,,58.75,45.5,,,,,,,
2015-07-21,,,,,,58.5,45.25,,,,,,,
2015-07-22,,,,,,57.0,43.5,,,,,,,
2015-07-23,,,,,,57.25,43.75,,,,,,,
2015-07-24,,,,,,57.0,43.75,,,,,,,
2015-07-25,,,,,,,,,,,,,,
2015-07-26,,,,,,,,,,,,,,
2015-07-27,,,,,,57.75,44.5,,,,,,,
2015-07-28,,,,,,61.0,45.75,,,,,,,
2015-07-29,,,,,,64.0,48.5,,,,,,,
2015-07-30,,,,,,62.75,47.5,,,,,,,
2015-07-31,,,,,,62.5,47.0,,,,,,,
2015-08-01,,,,,,,,,,,,,,
2015-08-02,,,,,,,,,,,,,,
2015-08-03,,,,,,63.0,47.75,,,,,,,
2015-08-04,,,,,,63.0,48.0,,,,,,,
2015-08-05,,,,,,64.5,50.25,,,,,,,
2015-08-06,,,,,,63.25,49.0,,,,,,,
2015-08-07,,,,,,,,,,,,,,
2015-08-08,,,,,,,,,,,,,,
2015-08-09,,,,,,,,,,,,,,
2015-08-10,,,,,,,,,,,,,,
2015-08-11,,,,,,63.25,49.0,,,,,,,
2015-08-12,,,,,,63.5,49.5,,,,,,,
2015-08-13,,,,,,64.5,50.5,,,,,,,
2015-08-14,,,,,,64.0,50.0,,,,,,,
2015-08-15,,,,,,,,,,,,,,
2015-08-16,,,,,,,,,,,,,,
2015-08-17,,,,,,64.25,50.5,,,,,,,
2015-08-18,,,,,,64.25,50.5,,,,,,,
2015-08-19,,,,,,64.25,50.5,,,,,,,
2015-08-20,,,,,,63.75,49.5,,,,,,,
2015-08-21,,,,,,63.75,49.5,,,,,,,
2015-08-22,,,,,,,,,,,,,,
2015-08-23,,,,,,,,,,,,,,
2015-08-24,,,,,,61.75,46.5,,,,,,,
2015-08-25,,,,,,60.75,46.0,,,,,,,
2015-08-26,,,,,,60.5,46.25,,,,,,,
2015-08-27,,,,,,60.75,46.5,,,,,,,
2015-08-28,,,,,,62.75,48.5,,,,,,,
2015-08-29,,,,,,,,,,,,,,
2015-08-30,,,,,,,,,,,,,,
2015-08-31,,,,,,62.75,48.5,,,,,,,
2015-09-01,,,,,,62.75,48.5,,,,,,,
2015-09-02,,,,,,62.25,49.25,,,,,,,
2015-09-03,,,,,,,,,,,,,,
2015-09-04,,,,,,62.25,49.25,,,,,,,
2015-09-05,,,,,,,,,,,,,,
2015-09-06,,,,,,,,,,,,,,
2015-09-07,,,,,,62.25,49.25,,,,,,,
2015-09-08,,,,,,63.25,50.75,,,,,,,
2015-09-09,,,,,,63.75,51.25,,,,,,,
2015-09-10,,,,,,64.75,51.5,,,,,,,
2015-09-11,,,,,,,,,,,,,,
2015-09-12,,,,,,,,,,,,,,
2015-09-13,,,,,,,,,,,,,,
2015-09-14,,,,,,63.5,50.25,,,,,,,
2015-09-15,,,,,,62.5,49.25,,,,,,,
2015-09-16,,,,,,62.5,49.25,,,,,,,
2015-09-17,,,,,,63.1,50.0,,,,,,,
2015-09-18,,,,,,63.2,50.1,,,,,,,
2015-09-19,,,,,,,,,,,,,,
2015-09-20,,,,,,,,,,,,,,
2015-09-21,,,,,,63.2,50.1,,,,,,,
2015-09-22,,,,,,62.65,49.9,,,,,,,
2015-09-23,,,,,,62.05,48.9,,,,,,,
2015-09-24,,,,,,,,,,,,,,
2015-09-25,,,,,,61.85,48.9,,,,,,,
2015-09-26,,,,,,,,,,,,,,
2015-09-27,,,,,,,,,,,,,,
2015-09-28,,,,,,60.85,47.7,,,,,,,
2015-09-29,,,,,,60.85,47.7,,,,,,,
2015-09-30,,,,,,60.65,47.7,,,,,,,
2015-10-01,,,,,,,,,,,,,,
2015-10-02,,,,,,,,,,,,,,
2015-10-03,,,,,,,,,,,,,,
2015-10-04,,,,,,,,,,,,,,
2015-10-05,,,,,,,,,,,,,,
2015-10-06,,,,,,,,,,,,,,
2015-10-07,,,,,,,,,,,,,,
2015-10-08,,,,,,60.95,48.7,,,,,,,
2015-10-09,,,,,,60.65,48.7,,,,,,,
2015-10-10,,,,,,,,,,,,,,
2015-10-11,,,,,,,,,,,,,,
2015-10-12,,,,,,60.15,48.2,,,,,,,
2015-10-13,,,,,,59.15,47.2,,,,,,,
2015-10-14,,,,,,58.55,46.6,,,,,,,
2015-10-15,,,,,,57.8,45.85,,,,,,,
2015-10-16,,,,,,57.8,45.85,,,,,,,
2015-10-17,,,,,,,,,,,,,,
2015-10-18,,,,,,,,,,,,,,
2015-10-19,,,,,,56.95,45.35,,,,,,,
2015-10-20,,,,,,56.65,45.05,,,,,,,
2015-10-21,,,,,,56.15,44.55,,,,,,,
2015-10-22,,,,,,55.65,44.05,,,,,,,
2015-10-23,,,,,,55.6,44.0,,,,,,,
2015-10-24,,,,,,,,,,,,,,
2015-10-25,,,,,,,,,,,,,,
2015-10-26,,,,,,54.6,43.1,,,,,,,
2015-10-27,,,,,,54.85,43.35,,,,,,,
2015-10-28,,,,,,53.1,42.5,,,,,,,
2015-10-29,,,,,,53.5,42.9,,,,,,,
2015-10-30,,,,,,53.75,43.15,,,,,,,
2015-10-31,,,,,,,,,,,,,,
2015-11-01,,,,,,,,,,,,,,
2015-11-02,,,,,,52.45,40.85,,,,,,,
2015-11-03,,,,,,52.45,40.75,,,,,,,
2015-11-04,,,,,,52.15,40.55,,,,,,,
2015-11-05,,,,,,51.3,39.85,,,,,,,
2015-11-06,,,,,,51.3,39.85,,,,,,,
2015-11-07,,,,,,,,,,,,,,
2015-11-08,,,,,,,,,,,,,,
2015-11-09,,,,,,51.8,40.35,,,,,,,
2015-11-10,,,,,,,,,,,,,,
2015-11-11,,,,,,51.8,40.35,,,,,,,
2015-11-12,,,,,,51.6,40.05,,,,,,,
2015-11-13,,,,,,51.5,39.9,,,,,,,
2015-11-14,,,,,,,,,,,,,,
2015-11-15,,,,,,,,,,,,,,
2015-11-16,,,,,,51.2,39.6,,,,,,,
2015-11-17,,,,,,50.3,38.7,,,,,,,
2015-11-18,,,,,,50.0,38.4,,,,,,,
2015-11-19,,,,,,48.8,37.2,,,,,,,
2015-11-20,,,,,,48.8,37.3,,,,,,,
2015-11-21,,,,,,,,,,,,,,
2015-11-22,,,,,,,,,,,,,,
2015-11-23,,,,,,48.05,36.35,,,,,,,
2015-11-24,,,,,,47.2,35.6,,,,,,,
2015-11-25,,,,,,47.2,36.0,,,,,,,
2015-11-26,,,,,,47.3,36.0,,,,,,,
2015-11-27,,,,,,47.1,35.6,,,,,,,
2015-11-28,,,,,,,,,,,,,,
2015-11-29,,,,,,,,,,,,,,
2015-11-30,,,,,,45.55,34.05,,,,,,,
2015-12-01,,,,,,43.5,32.05,,,,,,,
2015-12-02,,,,,,43.7,33.0,,,,,,,
2015-12-03,,,,,,43.5,32.9,,,,,,,
2015-12-04,,,,,,42.5,32.2,,,,,,,
2015-12-05,,,,,,,,,,,,,,
2015-12-06,,,,,,,,,,,,,,
2015-12-07,,,,,,42.3,32.0,,,,,,,
2015-12-08,,,,,,42.0,31.8,,,,,,,
2015-12-09,,,,,,41.9,31.7,,,,,,,
2015-12-10,,,,,,41.3,31.2,,,,,,,
2015-12-11,,,,,,41.3,31.2,,,,,,,
2015-12-12,,,,,,,,,,,,,,
2015-12-13,,,,,,,,,,,,,,
2015-12-14,,,,,,41.75,31.85,,,,,,,
2015-12-15,,,,,,41.1,31.3,,,,,,,
2015-12-16,,,,,,41.75,32.0,,,,,,,
2015-12-17,,,,,,42.35,31.65,,,,,,,
2015-12-18,,,,,,43.05,32.35,,,,,,,
2015-12-19,,,,,,,,,,,,,,
2015-12-20,,,,,,,,,,,,,,
2015-12-21,,,,,,43.55,32.75,,,,,,,
2015-12-22,,,,,,43.65,32.95,,,,,,,
2015-12-23,,,,,,43.2,32.5,,,,,,,
2015-12-24,,,,,,43.2,32.5,,,,,,,
2015-12-25,,,,,,,,,,,,,,
2015-12-26,,,,,,,,,,,,,,
2015-12-27,,,,,,,,,,,,,,
2015-12-28,,,,,,44.25,33.65,,,,,,,
2015-12-29,,,,,,45.55,34.95,,,,,,,
2015-12-30,,,,,,45.75,35.15,,,,,,,
2015-12-31,,,,,,45.95,35.35,,,,,,,
2016-01-01,,,,,,,,,,,,,,
2016-01-02,,,,,,,,,,,,,,
2016-01-03,,,,,,,,,,,,,,
2016-01-04,,,,,,45.4,34.8,,,,,,,
2016-01-05,,,,,,45.35,34.7,,,,,,,
2016-01-06,,,,,,44.95,34.2,,,,,,,
2016-01-07,,,,,,44.3,33.4,,,,,,,
2016-01-08,,,,,,44.1,33.1,,,,,,,
2016-01-09,,,,,,,,,,,,,,
2016-01-10,,,,,,,,,,,,,,
2016-01-11,,,,,,43.65,32.65,,,,,,,
2016-01-12,,,,,,42.45,31.45,,,,,,,
2016-01-13,,,,,,42.1,31.1,,,,,,,
2016-01-14,,,,,,41.0,30.85,,,,,,,
2016-01-15,,,,,,43.0,32.5,,,,,,,
2016-01-16,,,,,,,,,,,,,,
2016-01-17,,,,,,,,,,,,,,
2016-01-18,,,,,,44.65,33.95,,,,,,,
2016-01-19,,,,,,44.75,34.05,,,,,,,
2016-01-20,,,,,,43.3,32.6,,,,,,,
2016-01-21,,,,,,43.1,32.4,,,,,,,
2016-01-22,,,,,,43.6,32.9,,,,,,,
2016-01-23,,,,,,,,,,,,,,
2016-01-24,,,,,,,,,,,,,,
2016-01-25,,,,,,43.6,32.9,,,,,,,
2016-01-26,,,,,,43.5,33.1,,,,,,,
2016-01-27,,,,,,44.6,34.2,,,,,,,
2016-01-28,,,,,,44.6,34.2,,,,,,,
2016-01-29,,,,,,44.2,34.0,,,,,,,
2016-01-30,,,,,,,,,,,,,,
2016-01-31,,,,,,,,,,,,,,
2016-02-01,,,,,,45.35,34.95,,,,,,,
2016-02-02,,,,,,46.0,35.6,,,,,,,
2016-02-03,,,,,,46.75,36.35,,,,,,,
2016-02-04,,,,,,48.0,37.6,,,,,,,
2016-02-05,,,,,,47.5,36.1,,,,,,,
2016-02-06,,,,,,,,,,,,,,
2016-02-07,,,,,,,,,,,,,,
2016-02-08,,,,,,,,,,,,,,
2016-02-09,,,,,,,,,,,,,,
2016-02-10,,,,,,,,,,,,,,
2016-02-11,,,,,,,,,,,,,,
2016-02-12,,,,,,44.9,34.5,,,,,,,
2016-02-13,,,,,,,,,,,,,,
2016-02-14,,,,,,,,,,,,,,
2016-02-15,,,,,,48.3,37.9,,,,,,,
2016-02-16,,,,,,48.6,37.9,,,,,,,
2016-02-17,,,,,,48.8,38.1,,,,,,,
2016-02-18,,,,,,49.65,38.75,,,,,,,
2016-02-19,,,,,,51.95,39.8,,,,,,,
2016-02-20,,,,,,,,,,,,,,
2016-02-21,,,,,,,,,,,,,,
2016-02-22,,,,,,54.45,42.8,,,,,,,
2016-02-23,,,,,,53.25,41.6,,,,,,,
2016-02-24,,,,,,53.15,41.5,,,,,,,
2016-02-25,,,,,,52.8,41.15,,,,,,,
2016-02-26,,,,,,52.35,40.7,,,,,,,
2016-02-27,,,,,,,,,,,,,,
2016-02-28,,,,,,,,,,,,,,
2016-02-29,,,,,,52.4,40.3,,,,,,,
2016-03-01,,,,,,54.15,42.05,,,,,,,
2016-03-02,,,,,,55.7,43.6,,,,,,,
2016-03-03,,,,,,54.4,42.3,,,,,,,
2016-03-04,,,,,,56.6,44.0,,,,,,,
2016-03-05,,,,,,,,,,,,,,
2016-03-06,,,,,,,,,,,,,,
2016-03-07,,,,,,67.3,54.7,,,,,,,
2016-03-08,,,,,,65.1,52.25,,,,,,,
2016-03-09,,,,,,60.8,47.75,,,,,,,
2016-03-10,,,,,,60.65,47.6,,,,,,,
2016-03-11,,,,,,59.5,46.9,,,,,,,
2016-03-12,,,,,,,,,,,,,,
2016-03-13,,,,,,,,,,,,,,
2016-03-14,,,,,,58.3,45.7,,,,,,,
2016-03-15,,,,,,55.4,42.8,,,,,,,
2016-03-16,,,,,,56.5,43.9,,,,,,,
2016-03-17,,,,,,59.5,46.7,,,,,,,
2016-03-18,,,,,,60.5,47.7,,,,,,,
2016-03-19,,,,,,,,,,,,,,
2016-03-20,,,,,,,,,,,,,,
2016-03-21,,,,,,62.0,49.0,,,,,,,
2016-03-22,,,,,,61.5,48.5,,,,,,,
2016-03-23,,,,,,60.0,47.25,,,,,,,
2016-03-24,,,,,,58.75,46.0,,,,,,,
2016-03-25,,,,,,,,,,,,,,
2016-03-26,,,,,,,,,,,,,,
2016-03-27,,,,,,,,,,,,,,
2016-03-28,,,,,,59.35,46.6,,,,,,,
2016-03-29,,,,,,57.5,44.75,,,,,,,
2016-03-30,,,,,,57.35,44.6,,,,,,,
2016-03-31,,,,,,57.35,44.45,,,,,,,
2016-04-01,,,,,,59.1,44.85,,,,,,,
2016-04-02,,,,,,,,,,,,,,
2016-04-03,,,,,,,,,,,,,,
2016-04-04,,,,,,59.1,45.0,,,,,,,
2016-04-05,,,,,,58.7,45.1,,,,,,,
2016-04-06,,,,,,58.65,45.4,,,,,,,
2016-04-07,,,,,,58.2,45.05,,,,,,,
2016-04-08,,,,,,57.5,44.35,,,,,,,
2016-04-09,,,,,,,,,,,,,,
2016-04-10,,,,,,,,,,,,,,
2016-04-11,,,,,,60.5,47.25,,,,,,,
2016-04-12,,,,,,63.4,50.25,,,,,,,
2016-04-13,,,,,,64.4,50.75,,,,,,,
2016-04-14,,,,,,63.4,49.25,,,,,,,
2016-04-15,,,,,,62.95,48.8,,,,,,,
2016-04-16,,,,,,,,,,,,,,
2016-04-17,,,,,,,,,,,,,,
2016-04-18,,,,,,65.35,51.05,,,,,,,
2016-04-19,,,,,,67.4,53.1,,,,,,,
2016-04-20,,,,,,70.05,54.3,,,,,,,
2016-04-21,,,,,,75.2,59.45,,,,,,,
2016-04-22,,,,,,70.55,52.85,,,,,,,
2016-04-23,,,,,,,,,,,,,,
2016-04-24,,,,,,,,,,,,,,
2016-04-25,,,,,,70.3,52.1,,,,,,,
2016-04-26,,,,,,66.45,48.15,,,,,,,
2016-04-27,,,,,,65.8,47.8,,,,,,,
2016-04-28,,,,,,69.8,50.3,,,,,,,
2016-04-29,,,,,,72.8,51.5,,,,,,,
2016-04-30,,,,,,,,,,,,,,
2016-05-01,,,,,,,,,,,,,,
2016-05-02,,,,,,,,,,,,,,
2016-05-03,,,,,,70.8,49.5,,,,,,,
2016-05-04,,,,,,68.2,47.15,,,,,,,
2016-05-05,,,,,,66.9,45.85,,,,,,,
2016-05-06,,,,,,64.9,44.85,,,,,,,
2016-05-07,,,,,,,,,,,,,,
2016-05-08,,,,,,,,,,,,,,
2016-05-09,,,,,,61.4,41.35,,,,,,,
2016-05-10,,,,,,62.65,42.6,,,,,,,
2016-05-11,,,,,,62.65,42.9,,,,,,,
2016-05-12,,,,,,61.45,42.3,,,,,,,
2016-05-13,,,,,,58.45,40.5,,,,,,,
2016-05-14,,,,,,,,,,,,,,
2016-05-15,,,,,,,,,,,,,,
2016-05-16,,,,,,58.9,41.45,,,,,,,
2016-05-17,,,,,,61.95,43.5,,,,,,,
2016-05-18,,,,,,61.5,43.05,,,,,,,
2016-05-19,,,,,,59.5,41.05,,,,,,,
2016-05-20,,,,,,58.75,40.3,,,,,,,
2016-05-21,,,,,,,,,,,,,,
2016-05-22,,,,,,,,,,,,,,
2016-05-23,,,,,,58.75,38.15,,,,,,,
2016-05-24,,,,,,55.6,37.15,,,,,,,
2016-05-25,,,,,,54.2,36.0,,,,,,,
2016-05-26,,,,,,53.7,36.2,,,,,,,
2016-05-27,,,,,,55.5,38.0,,,,,,,
2016-05-28,,,,,,,,,,,,,,
2016-05-29,,,,,,,,,,,,,,
2016-05-30,,,,,,53.9,36.4,,,,,,,
2016-05-31,,,,,,53.6,36.1,,,,,,,
2016-06-01,,,,,,53.2,37.05,,,,,,,
2016-06-02,,,,,,53.2,37.05,,,,,,,
2016-06-03,,,,,,54.7,38.45,,,,,,,
2016-06-04,,,,,,,,,,,,,,
2016-06-05,,,,,,,,,,,,,,
2016-06-06,,,,,,55.7,39.45,,,,,,,
2016-06-07,,,,,,57.15,41.45,,,,,,,
2016-06-08,,,,,,56.5,40.8,,,,,,,
2016-06-09,,,,,,,,,,,,,,
2016-06-10,,,,,,,,,,,,,,
2016-06-11,,,,,,,,,,,,,,
2016-06-12,,,,,,,,,,,,,,
2016-06-13,,,,,,56.9,41.0,,,,,,,
2016-06-14,,,,,,55.15,38.7,,,,,,,
2016-06-15,,,,,,54.5,38.7,,,,,,,
2016-06-16,,,,,,54.55,38.75,,,,,,,
2016-06-17,,,,,,55.1,38.95,,,,,,,
2016-06-18,,,,,,,,,,,,,,
2016-06-19,,,,,,,,,,,,,,
2016-06-20,,,,,,54.8,38.95,,,,,,,
2016-06-21,,,,,,54.8,38.95,,,,,,,
2016-06-22,,,,,,56.1,40.65,,,,,,,
2016-06-23,,,,,,55.7,40.25,,,,,,,
2016-06-24,,,,,,55.2,39.75,,,,,,,
2016-06-25,,,,,,,,,,,,,,
2016-06-26,,,,,,,,,,,,,,
2016-06-27,,,,,,56.85,41.4,,,,,,,
2016-06-28,,,,,,56.85,41.4,,,,,,,
2016-06-29,,,,,,57.35,41.9,,,,,,,
2016-06-30,,,,,,58.2,42.75,,,,,,,
2016-07-01,,,,,,57.85,42.3,,,,,,,
2016-07-02,,,,,,,,,,,,,,
2016-07-03,,,,,,,,,,,,,,
2016-07-04,,,,,,59.45,43.9,,,,,,,
2016-07-05,,,,,,59.45,43.4,,,,,,,
2016-07-06,,,,,,,,,,,,,,
2016-07-07,,,,,,58.5,42.45,,,,,,,
2016-07-08,,,,,,58.25,42.2,,,,,,,
2016-07-09,,,,,,,,,,,,,,
2016-07-10,,,,,,,,,,,,,,
2016-07-11,,,,,,60.45,43.55,,,,,,,
2016-07-12,,,,,,60.45,43.55,,,,,,,
2016-07-13,,,,,,64.1,46.4,,,,,,,
2016-07-14,,,,,,63.35,45.65,,,,,,,
2016-07-15,,,,,,63.25,45.55,,,,,,,
2016-07-16,,,,,,,,,,,,,,
2016-07-17,,,,,,,,,,,,,,
2016-07-18,,,,,,61.45,43.75,,,,,,,
2016-07-19,,,,,,60.45,42.8,,,,,,,
2016-07-20,,,,,,60.45,42.8,,,,,,,
2016-07-21,,,,,,61.75,44.1,,,,,,,
2016-07-22,,,,,,60.9,43.25,,,,,,,
2016-07-23,,,,,,,,,,,,,,
2016-07-24,,,,,,,,,,,,,,
2016-07-25,,,,,,62.9,43.25,,,,,,,
2016-07-26,,,,,,64.85,44.1,,,,,,,
2016-07-27,,,,,,66.4,44.6,,,,,,,
2016-07-28,,,,,,67.75,45.95,,,,,,,
2016-07-29,,,,,,67.2,45.4,,,,,,,
2016-07-30,,,,,,,,,,,,,,
2016-07-31,,,,,,,,,,,,,,
2016-08-01,,,,,,69.05,46.4,,,,,,,
2016-08-02,,,,,,69.3,46.4,,,,,,,
2016-08-03,,,,,,69.05,46.15,,,,,,,
2016-08-04,,,,,,67.75,44.65,,,,,,,
2016-08-05,,,,,,69.7,46.6,,,,,,,
2016-08-06,,,,,,,,,,,,,,
2016-08-07,,,,,,,,,,,,,,
2016-08-08,,,,,,70.55,47.45,,,,,,,
2016-08-09,,,,,,,,,,,,,,
2016-08-10,,,,,,68.95,45.85,,,,,,,
2016-08-11,,,,,,68.0,44.9,,,,,,,
2016-08-12,,,,,,70.2,47.7,,,,,,,
2016-08-13,,,,,,,,,,,,,,
2016-08-14,,,,,,,,,,,,,,
2016-08-15,,,,,,69.6,47.1,,,,,,,
2016-08-16,,,,,,71.25,48.75,,,,,,,
2016-08-17,,,,,,70.1,47.6,,,,,,,
2016-08-18,,,,,,70.5,48.0,,,,,,,
2016-08-19,,,,,,71.15,48.8,,,,,,,
2016-08-20,,,,,,,,,,,,,,
2016-08-21,,,,,,,,,,,,,,
2016-08-22,,,,,,71.25,48.8,,,,,,,
2016-08-23,,,,,,71.3,49.65,,,,,,,
2016-08-24,,,,,,71.1,49.45,,,,,,,
2016-08-25,,,,,,69.75,48.1,,,,,,,
2016-08-26,,,,,,68.95,47.3,,,,,,,
2016-08-27,,,,,,,,,,,,,,
2016-08-28,,,,,,,,,,,,,,
2016-08-29,,,,,,68.85,47.2,,,,,,,
2016-08-30,,,,,,68.8,47.2,,,,,,,
2016-08-31,,,,,,67.8,46.2,,,,,,,
2016-09-01,,,,,,68.95,47.35,,,,,,,
2016-09-02,,,,,,68.95,47.35,,,,,,,
2016-09-03,,,,,,,,,,,,,,
2016-09-04,,,,,,,,,,,,,,
2016-09-05,,,,,,68.3,46.7,,,,,,,
2016-09-06,,,,,,68.7,47.1,,,,,,,
2016-09-07,,,,,,67.95,46.35,,,,,,,
2016-09-08,,,,,,67.25,45.65,,,,,,,
2016-09-09,,,,,,67.25,45.65,,,,,,,
2016-09-10,,,,,,,,,,,,,,
2016-09-11,,,,,,,,,,,,,,
2016-09-12,,,,,,,,,,,,,,
2016-09-13,,,,,,65.3,43.8,,,,,,,
2016-09-14,,,,,,64.9,43.9,,,,,,,
2016-09-15,,,,,,64.9,43.9,,,,,,,
2016-09-16,,,,,,64.9,43.9,,,,,,,
2016-09-17,,,,,,,,,,,,,,
2016-09-18,,,,,,,,,,,,,,
2016-09-19,,,,,,63.95,44.4,,,,,,,
2016-09-20,,,,,,63.1,43.55,,,,,,,
2016-09-21,,,,,,63.6,44.05,,,,,,,
2016-09-22,,,,,,63.35,45.0,,,,,,,
2016-09-23,,,,,,63.3,44.75,,,,,,,
2016-09-24,,,,,,,,,,,,,,
2016-09-25,,,,,,,,,,,,,,
2016-09-26,,,,,,63.7,45.15,,,,,,,
2016-09-27,,,,,,62.55,44.1,,,,,,,
2016-09-28,,,,,,62.45,44.3,,,,,,,
2016-09-29,,,,,,63.6,45.45,,,,,,,
2016-09-30,,,,,,63.6,45.45,,,,,,,
2016-10-01,,,,,,,,,,,,,,
2016-10-02,,,,,,,,,,,,,,
2016-10-03,,,,,,63.05,45.2,,,,,,,
2016-10-04,,,,,,62.55,44.7,,,,,,,
2016-10-05,,,,,,62.55,44.7,,,,,,,
2016-10-06,,,,,,62.55,44.7,,,,,,,
2016-10-07,,,,,,62.55,44.7,,,,,,,
2016-10-08,,,,,,,,,,,,,,
2016-10-09,,,,,,,,,,,,,,
2016-10-10,,,,,,64.95,45.4,,,,,,,
2016-10-11,,,,,,66.1,45.6,,,,,,,
2016-10-12,,,,,,66.1,46.6,,,,,,,
2016-10-13,,,,,,66.15,44.6,,,,,,,
2016-10-14,,,,,,67.0,43.6,,,,,,,
2016-10-15,,,,,,,,,,,,,,
2016-10-16,,,,,,,,,,,,,,
2016-10-17,,,,,,68.05,44.7,,,,,,,
2016-10-18,,,,,,68.25,44.8,,,,,,,
2016-10-19,,,,,,68.25,44.8,,,,,,,
2016-10-20,,,,,,68.9,44.85,,,,,,,
2016-10-21,,,,,,69.0,44.2,,,,,,,
2016-10-22,,,,,,,,,,,,,,
2016-10-23,,,,,,,,,,,,,,
2016-10-24,,,,,,69.65,44.85,,,,,,,
2016-10-25,,,,,,73.25,47.15,,,,,,,
2016-10-26,,,,,,74.7,48.3,,,,,,,
2016-10-27,,,,,,74.2,47.8,,,,,,,
2016-10-28,,,,,,75.35,48.75,,,,,,,
2016-10-29,,,,,,,,,,,,,,
2016-10-30,,,,,,,,,,,,,,
2016-10-31,,,,,,75.9,49.3,,,,,,,
2016-11-01,,,,,,76.45,48.65,,,,,,,
2016-11-02,,,,,,76.45,48.65,,,,,,,
2016-11-03,,,,,,76.95,48.65,,,,,,,
2016-11-04,,,,,,77.05,48.65,,,,,,,
2016-11-05,,,,,,,,,,,,,,
2016-11-06,,,,,,,,,,,,,,
2016-11-07,,,,,,79.3,50.65,,,,,,,
2016-11-08,,,,,,80.15,51.25,,,,,,,
2016-11-09,,,,,,83.35,53.7,,,,,,,
2016-11-10,,,,,,86.15,56.5,,,,,,,
2016-11-11,,,,,,91.9,62.25,,,,,,,
2016-11-12,,,,,,,,,,,,,,
2016-11-13,,,,,,,,,,,,,,
2016-11-14,,,,,,90.85,59.0,,,,,,,
2016-11-15,,,,,,84.55,52.7,,,,,,,
2016-11-16,,,,,,84.3,52.45,,,,,,,
2016-11-17,,,,,,84.85,53.0,,,,,,,
2016-11-18,,,,,,84.2,52.35,,,,,,,
2016-11-19,,,,,,,,,,,,,,
2016-11-20,,,,,,,,,,,,,,
2016-11-21,,,,,,82.2,50.85,,,,,,,
2016-11-22,,,,,,86.35,54.5,,,,,,,
2016-11-23,,,,,,90.3,55.25,,,,,,,
2016-11-24,,,,,,91.7,56.65,,,,,,,
2016-11-25,,,,,,93.45,59.5,,,,,,,
2016-11-26,,,,,,,,,,,,,,
2016-11-27,,,,,,,,,,,,,,
2016-11-28,,,,,,94.75,57.3,,,,,,,
2016-11-29,,,,,,90.4,52.95,,,,,,,
2016-11-30,,,,,,86.1,48.65,,,,,,,
2016-12-01,,,,,,92.2,54.75,,,,,,,
2016-12-02,,,,,,90.4,52.95,,,,,,,
2016-12-03,,,,,,,,,,,,,,
2016-12-04,,,,,,,,,,,,,,
2016-12-05,,,,,,93.5,54.65,,,,,,,
2016-12-06,,,,,,93.4,53.65,,,,,,,
2016-12-07,,,,,,95.95,57.05,,,,,,,
2016-12-08,,,,,,94.8,54.9,,,,,,,
2016-12-09,,,,,,94.8,53.5,,,,,,,
2016-12-10,,,,,,,,,,,,,,
2016-12-11,,,,,,,,,,,,,,
2016-12-12,,,,,,97.6,54.95,,,,,,,
2016-12-13,,,,,,97.05,54.3,,,,,,,
2016-12-14,,,,,,95.45,52.7,,,,,,,
2016-12-15,,,,,,95.0,53.5,,,,,,,
2016-12-16,,,,,,94.0,51.5,,,,,,,
2016-12-17,,,,,,,,,,,,,,
2016-12-18,,,,,,,,,,,,,,
2016-12-19,,,,,,94.4,49.0,,,,,,,
2016-12-20,,,,,,92.65,48.1,,,,,,,
2016-12-21,,,,,,92.85,48.5,,,,,,,
2016-12-22,,,,,,90.95,47.0,,,,,,,
2016-12-23,,,,,,91.55,48.2,,,,,,,
2016-12-24,,,,,,,,,,,,,,
2016-12-25,,,,,,,,,,,,,,
2016-12-26,,,,,,,,,,,,,,
2016-12-27,,,,,,92.3,49.0,,,,,,,
2016-12-28,,,,,,94.25,51.0,,,,,,,
2016-12-29,,,,,,93.75,50.0,,,,,,,
2016-12-30,,,,,,91.65,48.9,,,,,,,
2016-12-31,,,,,,,,,,,,,,
2017-01-01,,,,,,,,,,,,,,
2017-01-02,,,,,,,,,,,,,,
2017-01-03,,,,,,90.35,47.6,,0.35,1.5,1.9,0.3,,
2017-01-04,,,,,,89.8,47.05,,0.35,1.5,1.9,0.3,,
2017-01-05,,,,,,89.95,47.2,,0.35,1.5,1.9,0.3,,
2017-01-06,,,,,,89.55,48.2,,0.35,1.5,1.9,0.3,,
2017-01-07,,,,,,,,,,,,,,
2017-01-08,,,,,,,,,,,,,,
2017-01-09,,,,,,90.05,48.7,,0.35,1.5,1.9,0.3,,
2017-01-10,,,,,,91.15,49.8,,0.35,1.5,1.9,0.3,,
2017-01-11,,,,,,92.7,53.65,,0.35,1.5,1.9,0.3,,
2017-01-12,,,,,,93.1,54.05,,0.35,1.5,1.9,0.3,,
2017-01-13,,,,,,92.4,53.35,,0.35,1.3,1.7,0.3,,
2017-01-14,,,,,,,,,,,,,,
2017-01-15,,,,,,,,,,,,,,
2017-01-16,,,,,,95.95,56.9,,0.35,1.3,1.7,0.3,,
2017-01-17,,,,,,94.5,54.95,,0.35,1.3,1.7,0.3,,
2017-01-18,,,,,,94.35,54.8,,0.35,1.3,1.7,0.3,,
2017-01-19,,,,,,93.1,53.55,,0.35,1.3,1.7,0.3,,
2017-01-20,,,,,,92.55,53.0,,0.35,1.3,1.7,0.3,,
2017-01-21,,,,,,,,,,,,,,
2017-01-22,,,,,,,,,,,,,,
2017-01-23,,,,,,93.85,54.3,,0.35,1.3,1.7,0.3,,
2017-01-24,,,,,,96.0,56.15,,0.35,1.3,1.7,0.3,,
2017-01-25,,,,,,95.6,55.75,,0.35,1.3,1.7,0.3,,
2017-01-26,,,,,,96.7,56.35,,0.35,1.3,1.7,0.3,,
2017-01-27,,,,,,96.7,56.35,,0.35,1.3,1.7,0.3,,
2017-01-28,,,,,,,,,,,,,,
2017-01-29,,,,,,,,,,,,,,
2017-01-30,,,,,,,,,,,,,,
2017-01-31,,,,,,96.7,56.35,,0.35,1.5,1.9,0.3,,
2017-02-01,,,,,,96.7,56.35,,0.35,1.3,1.7,0.3,,
2017-02-02,,,,,,96.7,56.35,,0.35,1.3,1.7,0.3,,
2017-02-03,,,,,,94.0,52.65,,0.35,1.3,1.7,0.3,,
2017-02-04,,,,,,,,,,,,,,
2017-02-05,,,,,,,,,,,,,,
2017-02-06,,,,,,94.05,51.65,,0.35,1.3,1.7,0.3,,
2017-02-07,,,,,,96.95,52.65,,0.35,1.3,1.7,0.3,,
2017-02-08,,,,,,97.65,53.0,,0.35,1.0,1.4,0.3,,
2017-02-09,,,,,,98.2,53.1,,0.35,1.0,1.4,0.3,,
2017-02-10,,,,,,98.2,53.1,,0.35,1.0,1.4,0.3,,
2017-02-11,,,,,,,,,,,,,,
2017-02-12,,,,,,,,,,,,,,
2017-02-13,,,,,,105.15,61.1,,0.35,1.0,1.4,0.3,,
2017-02-14,,,,,,104.1,59.5,,0.35,1.0,1.4,0.3,,
2017-02-15,,,,,,103.95,59.0,,0.35,1.0,1.4,0.3,,
2017-02-16,,,,,,102.95,57.0,,0.35,1.0,1.4,0.3,,
2017-02-17,,,,,,102.95,57.0,,0.35,1.0,1.4,0.3,,
2017-02-18,,,,,,,,,,,,,,
2017-02-19,,,,,,,,,,,,,,
2017-02-20,,,,,,105.8,59.0,,0.35,1.0,1.4,0.3,,
2017-02-21,,,,,,107.1,60.0,,0.35,1.0,1.4,0.3,,
2017-02-22,,,,,,105.75,58.0,,0.35,1.0,1.4,0.3,,
2017-02-23,,,,,,104.05,55.75,,0.5,1.3,1.7,0.3,,
2017-02-24,,,,,,102.65,52.75,,0.5,1.3,1.7,0.3,,
2017-02-25,,,,,,,,,,,,,,
2017-02-26,,,,,,,,,,,,,,
2017-02-27,,,,,,106.65,55.0,,0.5,1.3,1.7,0.3,,
2017-02-28,,,,,,104.7,53.05,,0.5,1.3,1.7,0.3,,
2017-03-01,,,,,,104.7,53.05,,0.5,1.3,1.7,0.3,,
2017-03-02,,,,,,106.6,53.95,,0.5,1.3,1.7,0.3,,
2017-03-03,,,,,,105.6,52.95,,0.35,1.5,1.9,0.3,,
2017-03-04,,,,,,,,,,,,,,
2017-03-05,,,,,,,,,,,,,,
2017-03-06,,,,,,102.6,49.95,,0.5,1.3,1.7,0.3,,
2017-03-07,,,,,,102.05,49.4,,0.5,1.3,1.7,0.3,,
2017-03-08,,,,,,101.85,49.2,,0.5,1.3,1.7,0.3,,
2017-03-09,,,,,,101.55,48.9,,0.5,1.3,1.7,0.3,,
2017-03-10,,,,,,100.55,47.9,,0.5,1.3,1.7,0.3,,
2017-03-11,,,,,,,,,,,,,,
2017-03-12,,,,,,,,,,,,,,
2017-03-13,,,,,,102.75,50.9,,0.5,1.3,1.7,0.3,,
2017-03-14,,,,,,102.75,50.9,,0.5,1.3,1.7,0.3,,
2017-03-15,,,,,,104.65,52.8,,0.5,1.3,1.7,0.3,,
2017-03-16,,,,,,106.35,54.5,,0.5,1.3,1.7,0.3,,
2017-03-17,,,,,,105.65,54.5,,0.5,1.3,1.7,0.3,,
2017-03-18,,,,,,,,,,,,,,
2017-03-19,,,,,,,,,,,,,,
2017-03-20,,,,,,104.95,53.8,,0.5,1.3,1.7,0.3,,
2017-03-21,,,,,,100.65,49.5,,0.5,1.3,1.7,0.3,,
2017-03-22,,,,,,98.4,49.5,,0.5,1.3,1.7,0.3,,
2017-03-23,,,,,,99.55,50.65,,0.5,1.3,1.7,0.3,,
2017-03-24,,,,,,97.25,48.35,,0.5,1.3,1.7,0.3,,
2017-03-25,,,,,,,,,,,,,,
2017-03-26,,,,,,,,,,,,,,
2017-03-27,,,,,,94.6,47.15,,0.5,1.3,1.7,0.3,,
2017-03-28,,,,,,94.85,47.4,,0.5,1.3,1.7,0.3,,
2017-03-29,,,,,,95.45,48.45,,0.5,1.3,1.7,0.3,,
2017-03-30,,,,,,94.3,48.15,,0.5,1.3,1.7,0.3,,
2017-03-31,,,,,,92.45,47.65,,0.5,1.3,1.7,0.3,,
2017-04-01,,,,,,,,,,,,,,
2017-04-02,,,,,,,,,,,,,,
2017-04-03,,,,,,92.4,47.6,,0.5,1.3,1.7,0.3,,
2017-04-04,,,,,,92.4,47.6,,0.5,1.3,1.7,0.3,,
2017-04-05,,,,,,94.95,49.15,,0.5,1.3,1.7,0.3,,
2017-04-06,,,,,,91.55,46.75,,0.5,1.3,1.7,0.3,,
2017-04-07,,,,,,88.4,44.6,,0.5,1.4,1.8,0.3,,
2017-04-08,,,,,,,,,,,,,,
2017-04-09,,,,,,,,,,,,,,
2017-04-10,,,,,,86.35,42.55,,0.5,1.4,1.8,0.3,,
2017-04-11,,,,,,86.85,43.05,,0.5,1.4,1.8,0.3,,
2017-04-12,,,,,,80.2,40.0,,0.5,1.4,1.8,0.3,,
2017-04-13,,,,,,80.2,40.0,,0.5,1.4,1.8,0.3,,
2017-04-14,,,,,,,,,,,,,,
2017-04-15,,,,,,,,,,,,,,
2017-04-16,,,,,,,,,,,,,,
2017-04-17,,,,,,75.45,35.25,,0.5,1.4,1.8,0.3,,
2017-04-18,,,,,,74.5,34.8,,0.55,1.45,1.85,0.3,,
2017-04-19,,,,,,77.15,36.15,,0.55,1.45,1.85,0.3,,
2017-04-20,,,,,,77.75,36.75,,0.55,1.45,1.85,0.3,,
2017-04-21,,,,,,79.9,38.9,,0.55,1.45,1.85,0.3,,
2017-04-22,,,,,,,,,,,,,,
2017-04-23,,,,,,,,,,,,,,
2017-04-24,,,,,,78.55,37.55,,0.55,1.45,1.85,0.3,,
2017-04-25,,,,,,78.3,37.3,,0.55,1.45,1.85,0.3,,
2017-04-26,,,,,,79.15,38.15,,0.55,1.45,1.85,0.3,,
2017-04-27,,,,,,79.15,38.15,,0.55,1.45,1.85,0.3,,
2017-04-28,,,,,,79.3,39.3,,0.55,1.45,1.85,0.3,,
2017-04-29,,,,,,,,,,,,,,
2017-04-30,,,,,,,,,,,,,,
2017-05-01,,,,,,,,,,,,,,
2017-05-02,,,,,,81.15,40.15,,0.55,1.45,1.85,0.3,,
2017-05-03,,,,,,81.15,40.15,,0.55,1.45,1.85,0.3,,
2017-05-04,,,,,,75.4,36.95,,0.55,1.45,1.85,0.3,,
2017-05-05,,,,,,75.4,36.95,,0.55,1.45,1.85,0.3,,
2017-05-06,,,,,,,,,,,,,,
2017-05-07,,,,,,,,,,,,,,
2017-05-08,,,,,,71.75,35.5,,0.55,1.45,1.85,0.3,,
2017-05-09,,,,,,71.55,35.3,,0.55,1.45,1.85,0.3,,
2017-05-10,,,,,,,,,,,,,,
2017-05-11,,,,,,71.75,35.3,,0.55,1.45,1.85,0.3,,
2017-05-12,,,,,,71.35,35.55,,0.55,1.45,1.85,0.3,,
2017-05-13,,,,,,,,,,,,,,
2017-05-14,,,,,,,,,,,,,,
2017-05-15,,,,,,72.05,35.5,,0.55,1.45,1.85,0.3,,
2017-05-16,,,,,,72.05,35.5,,0.55,1.45,1.85,0.3,,
2017-05-17,,,,,,73.25,36.7,,0.55,1.45,1.85,0.3,,
2017-05-18,,,,,,72.8,36.7,,0.55,1.45,1.85,0.3,,
2017-05-19,,,,,,73.65,36.3,,0.65,1.7,2.1,0.4,,
2017-05-20,,,,,,,,,,,,,,
2017-05-21,,,,,,,,,,,,,,
2017-05-22,,,,,,73.65,36.37,,0.8,1.9,2.3,0.4,,
2017-05-23,,,,,,72.65,35.95,,0.8,1.9,2.3,0.4,,
2017-05-24,,,,,,71.25,35.25,,0.8,1.9,2.3,0.4,,
2017-05-25,,,,,,69.65,34.65,,0.8,1.9,2.3,0.4,,
2017-05-26,,,,,,68.6,33.6,,1.0,1.9,2.3,0.4,,
2017-05-27,,,,,,,,,,,,,,
2017-05-28,,,,,,,,,,,,,,
2017-05-29,,,,,,69.6,33.4,,1.1,1.9,2.3,0.45,,
2017-05-30,,,,,,69.6,33.4,,1.1,1.9,2.3,0.45,,
2017-05-31,,,,,,69.2,33.0,,1.25,1.9,2.3,0.45,,
2017-06-01,,,,,,68.2,32.0,,1.25,1.9,2.3,0.45,,
2017-06-02,,,,,,70.65,33.0,,1.35,1.9,2.3,0.45,,
2017-06-03,,,,,,,,,,,,,,
2017-06-04,,,,,,,,,,,,,,
2017-06-05,,,,,,69.65,32.0,,1.35,1.9,2.3,0.45,,
2017-06-06,,,,,,71.5,32.05,,1.35,1.9,2.3,0.45,,
2017-06-07,,,,,,70.85,31.4,,1.5,1.9,4.0,0.45,,
2017-06-08,,,,,,71.15,31.7,,1.5,1.9,4.0,0.45,,
2017-06-09,,,,,,70.85,31.4,,1.5,1.9,4.0,0.45,,
2017-06-10,,,,,,,,,,,,,,
2017-06-11,,,,,,,,,,,,,,
2017-06-12,,,,,,71.2,31.4,,1.5,1.9,4.0,0.45,,
2017-06-13,,,,,,70.9,31.3,,1.5,1.9,4.0,0.45,,
2017-06-14,,,,,,70.95,31.35,,1.5,1.9,4.0,0.45,,
2017-06-15,,,,,,71.25,31.35,,1.5,1.9,4.0,0.5,,
2017-06-16,,,,,,71.6,31.7,,1.5,1.9,4.4,0.5,,
2017-06-17,,,,,,,,,,,,,,
2017-06-18,,,,,,,,,,,,,,
2017-06-19,,,,,,72.0,32.7,,1.5,1.9,4.4,0.5,,
2017-06-20,,,,,,72.3,33.0,,1.5,1.9,4.4,0.5,,
2017-06-21,,,,,,71.65,32.85,,1.5,1.9,4.8,0.5,,
2017-06-22,,,,,,71.75,32.95,,1.5,1.9,4.8,0.5,,
2017-06-23,,,,,,72.4,33.35,,1.5,1.9,4.8,0.5,,
2017-06-24,,,,,,,,,,,,,,
2017-06-25,,,,,,,,,,,,,,
2017-06-26,,,,,,,,,,,,,,
2017-06-27,,,,,,75.0,35.95,,1.5,1.9,4.8,0.5,,
2017-06-28,,,,,,77.9,38.85,,1.9,1.9,4.8,0.5,,
2017-06-29,,,,,,78.8,39.75,,1.9,1.9,4.8,0.5,,
2017-06-30,,,,,,79.2,38.75,,1.9,1.9,4.8,0.5,,
2017-07-01,,,,,,,,,,,,,,
2017-07-02,,,,,,,,,,,,,,
2017-07-03,,,,,,80.45,40.0,,1.9,1.9,4.8,0.5,,
2017-07-04,,,,,,79.2,38.75,,1.9,1.9,4.8,0.5,,
2017-07-05,,,,,,79.8,38.55,,2.4,1.9,4.8,0.5,,
2017-07-06,,,,,,79.6,38.35,,2.4,1.9,4.8,0.5,,
2017-07-07,,,,,,80.4,39.15,,2.4,1.7,5.0,0.5,,
2017-07-08,,,,,,,,,,,,,,
2017-07-09,,,,,,,,,,,,,,
2017-07-10,,,,,,80.6,39.35,,2.4,1.7,5.0,0.5,,
2017-07-11,,,,,,82.1,40.85,,2.4,1.7,5.0,0.5,,
2017-07-12,,,,,,81.6,40.25,,2.0,1.7,5.0,0.6,,
2017-07-13,,,,,,81.75,40.4,,2.0,1.7,5.0,0.6,,
2017-07-14,,,,,,81.35,40.4,,2.0,1.7,5.0,0.6,,
2017-07-15,,,,,,,,,,,,,,
2017-07-16,,,,,,,,,,,,,,
2017-07-17,,,,,,81.35,40.4,,2.0,1.7,5.0,0.6,,
2017-07-18,,,,,,84.6,43.65,,2.0,1.7,5.0,0.6,,
2017-07-19,,,,,,84.7,44.65,,2.0,1.7,5.0,0.8,,
2017-07-20,,,,,,82.6,42.55,,1.7,1.7,5.0,1.0,,
2017-07-21,,,,,,83.9,42.35,,1.7,1.7,5.0,1.0,,
2017-07-22,,,,,,,,,,,,,,
2017-07-23,,,,,,,,,,,,,,
2017-07-24,,,,,,83.9,42.35,,1.5,1.9,5.0,1.0,,
2017-07-25,,,,,,85.3,43.75,,1.5,1.9,5.0,1.0,,
2017-07-26,,,,,,85.4,43.85,,1.5,1.9,5.0,1.0,,
2017-07-27,,,,,,84.75,43.2,,1.5,1.9,5.0,1.0,,
2017-07-28,,,,,,85.0,43.1,,1.5,1.9,5.0,1.0,,
2017-07-29,,,,,,,,,,,,,,
2017-07-30,,,,,,,,,,,,,,
2017-07-31,,,,,,89.45,47.1,,1.5,1.9,5.0,1.0,,
2017-08-01,,,,,,89.45,47.1,,1.5,2.0,5.0,1.0,,
2017-08-02,,,,,,89.1,46.05,,1.5,2.0,5.0,1.0,,
2017-08-03,,,,,,90.15,46.45,,1.5,2.0,5.0,1.0,,
2017-08-04,,,,,,91.15,47.45,,1.5,2.1,5.0,1.0,,
2017-08-05,,,,,,,,,,,,,,
2017-08-06,,,,,,,,,,,,,,
2017-08-07,,,,,,93.45,49.6,,1.5,2.1,5.0,1.0,,
2017-08-08,,,,,,91.85,48.1,,1.3,2.8,5.5,1.0,,
2017-08-09,,,,,,,,,,,,,,
2017-08-10,,,,,,95.35,49.35,,1.3,2.8,5.5,1.0,,
2017-08-11,,,,,,93.9,47.35,,1.2,3.0,5.7,1.0,,
2017-08-12,,,,,,,,,,,,,,
2017-08-13,,,,,,,,,,,,,,
2017-08-14,,,,,,91.75,44.85,,1.2,3.0,5.7,1.0,,
2017-08-15,,,,,,92.85,43.95,,1.2,3.0,5.7,1.0,,
2017-08-16,,,,,,93.1,44.2,,1.2,3.0,5.7,1.0,,
2017-08-17,,,,,,95.95,46.7,,1.2,3.0,5.7,1.0,,
2017-08-18,,,,,,97.75,46.1,,1.2,3.0,5.8,1.0,,
2017-08-19,,,,,,,,,,,,,,
2017-08-20,,,,,,,,,,,,,,
2017-08-21,,,,,,101.3,48.1,,1.2,3.0,5.8,1.0,,
2017-08-22,,,,,,102.9,49.1,,1.2,3.0,5.8,1.0,,
2017-08-23,,,,,,98.85,45.0,,1.2,3.0,5.8,1.0,,
2017-08-24,,,,,,100.0,46.15,,1.2,3.0,5.8,1.0,,
2017-08-25,,,,,,100.4,46.15,,1.2,3.2,6.0,1.0,,
2017-08-26,,,,,,,,,,,,,,
2017-08-27,,,,,,,,,,,,,,
2017-08-28,,,,,,98.9,45.15,,1.2,3.2,6.0,1.0,,
2017-08-29,,,,,,98.3,44.55,,1.2,3.2,6.0,1.0,,
2017-08-30,,,,,,97.9,44.15,,1.2,3.2,6.0,1.0,,
2017-08-31,,,,,,99.45,45.15,,1.2,3.2,6.0,1.0,,
2017-09-01,,,,,,,,,,,,,,
2017-09-02,,,,,,,,,,,,,,
2017-09-03,,,,,,,,,,,,,,
2017-09-04,,,,,,99.8,45.5,,1.2,3.2,6.0,1.0,,
2017-09-05,,,,,,110.25,45.95,,1.2,3.2,6.0,1.0,,
2017-09-06,,,,,,98.6,44.45,,1.2,3.2,6.0,1.0,,
2017-09-07,,,,,,97.9,42.8,,1.2,3.0,6.0,1.0,,
2017-09-08,,,,,,97.3,42.2,,1.2,3.0,6.2,1.0,,
2017-09-09,,,,,,,,,,,,,,
2017-09-10,,,,,,,,,,,,,,
2017-09-11,,,,,,97.15,42.05,,1.2,3.0,6.2,1.0,,
2017-09-12,,,,,,98.15,43.5,,1.2,3.0,6.2,1.0,,
2017-09-13,,,,,,98.95,44.3,,1.4,3.5,6.5,1.0,,
2017-09-14,,,,,,96.7,42.05,,1.4,3.5,6.5,1.0,,
2017-09-15,,,,,,94.4,39.75,,1.4,3.5,6.5,1.0,,
2017-09-16,,,,,,,,,,,,,,
2017-09-17,,,,,,,,,,,,,,
2017-09-18,,,,,,94.6,39.95,,1.4,3.7,6.5,1.0,,
2017-09-19,,,,,,91.85,37.2,,1.4,3.7,6.5,1.0,,
2017-09-20,,,,,,91.05,36.4,,1.4,3.7,6.5,1.0,,
2017-09-21,,,,,,87.35,32.7,,1.4,3.7,6.5,1.0,,
2017-09-22,,,,,,86.45,31.8,,1.4,3.7,6.5,1.0,,
2017-09-23,,,,,,,,,,,,,,
2017-09-24,,,,,,,,,,,,,,
2017-09-25,,,,,,86.45,31.8,,1.4,3.9,6.5,1.0,,
2017-09-26,,,,,,88.8,34.15,,1.4,3.9,6.5,1.0,,
2017-09-27,,,,,,88.1,34.15,,1.4,3.9,6.5,1.0,,
2017-09-28,,,,,,88.1,34.15,,1.4,3.9,6.5,1.0,,
2017-09-29,,,,,,86.55,33.6,,1.4,3.9,6.5,1.3,,
2017-09-30,,,,,,,,,,,,,,
2017-10-01,,,,,,,,,,,,,,
2017-10-02,,,,,,86.55,33.6,,1.4,3.9,6.5,1.3,,
2017-10-03,,,,,,86.55,33.6,,1.4,3.9,6.5,1.3,,
2017-10-04,,,,,,86.55,33.6,,1.4,3.9,6.5,1.3,,
2017-10-05,,,,,,86.7,33.75,,1.4,3.9,6.5,1.3,,
2017-10-06,,,,,,87.75,34.8,,1.4,3.9,6.5,1.3,,
2017-10-07,,,,,,,,,,,,,,
2017-10-08,,,,,,,,,,,,,,
2017-10-09,,,,,,84.35,34.05,,1.4,3.9,6.5,1.3,,
2017-10-10,,,,,,82.15,32.85,,1.6,3.5,6.5,1.3,,
2017-10-11,,,,,,81.6,32.3,,1.6,3.5,6.5,1.3,,
2017-10-12,,,,,,81.1,31.85,,1.6,3.5,6.5,1.3,,
2017-10-13,,,,,,81.1,31.85,,1.6,3.5,6.5,1.3,,
2017-10-14,,,,,,,,,,,,,,
2017-10-15,,,,,,,,,,,,,,
2017-10-16,,,,,,85.85,36.6,,1.6,3.5,6.5,1.3,,
2017-10-17,,,,,,85.0,35.75,,1.6,3.5,6.5,1.3,,
2017-10-18,,,,,,,,,,,,,,
2017-10-19,,,,,,82.65,33.75,,1.6,3.5,6.5,1.3,,
2017-10-20,,,,,,83.55,34.95,,1.6,3.5,6.5,1.3,,
2017-10-21,,,,,,,,,,,,,,
2017-10-22,,,,,,,,,,,,,,
2017-10-23,,,,,,83.55,34.95,,2.0,3.0,6.5,1.3,,
2017-10-24,,,,,,85.4,36.8,,2.0,3.0,6.5,1.3,,
2017-10-25,,,,,,85.4,36.8,,2.6,3.0,6.5,1.3,,
2017-10-26,,,,,,81.35,35.75,,2.6,3.0,6.5,1.3,,
2017-10-27,,,,,,81.35,35.75,,2.6,3.0,6.5,1.3,,
2017-10-28,,,,,,,,,,,,,,
2017-10-29,,,,,,,,,,,,,,
2017-10-30,,,,,,78.05,32.45,,2.6,3.0,6.5,1.3,,
2017-10-31,,,,,,,,,2.6,3.0,6.5,1.3,,
2017-11-01,,,,,,78.55,32.95,,2.6,3.0,6.5,1.3,,
2017-11-02,,,,,,78.4,32.8,,2.6,3.0,6.5,1.3,,
2017-11-03,,,,,,79.35,33.75,,2.6,3.2,7.0,1.3,,
2017-11-04,,,,,,,,,,,,,,
2017-11-05,,,,,,,,,,,,,,
2017-11-06,,,,,,82.8,37.2,,2.6,3.2,7.0,1.3,,
2017-11-07,,,,,,82.8,37.2,,2.6,3.2,7.0,1.3,,
2017-11-08,,,,,,82.4,36.35,,2.6,3.2,7.0,1.3,,
2017-11-09,,,,,,81.85,35.8,,2.6,3.2,7.0,1.3,,
2017-11-10,,,,,,82.05,36.0,,2.6,3.2,7.0,1.3,,
2017-11-11,,,,,,,,,,,,,,
2017-11-12,,,,,,,,,,,,,,
2017-11-13,,,,,,82.05,36.0,,2.6,3.2,7.0,1.3,,
2017-11-14,,,,,,82.0,35.95,,2.6,3.2,7.0,1.3,,
2017-11-15,,,,,,79.25,34.2,,2.6,3.2,7.0,1.3,,
2017-11-16,,,,,,79.25,34.2,,2.6,3.2,7.0,1.3,,
2017-11-17,,,,,,80.2,35.15,,2.6,3.2,7.0,1.3,,
2017-11-18,,,,,,,,,,,,,,
2017-11-19,,,,,,,,,,,,,,
2017-11-20,,,,,,81.35,36.3,,2.6,3.2,7.0,1.3,,
2017-11-21,,,,,,81.35,36.3,,2.6,3.2,7.0,1.3,,
2017-11-22,,,,,,84.1,39.05,,2.6,3.2,7.0,1.3,,
2017-11-23,,,,,,84.1,39.05,,2.2,3.2,7.0,1.3,,
2017-11-24,,,,,,84.45,39.4,,2.2,3.2,7.0,1.3,,
2017-11-25,,,,,,,,,,,,,,
2017-11-26,,,,,,,,,,,,,,
2017-11-27,,,,,,85.55,40.5,,2.2,3.2,7.0,1.3,,
2017-11-28,,,,,,85.55,40.5,,2.2,3.2,7.0,1.3,,
2017-11-29,,,,,,85.55,40.5,,2.2,3.2,7.0,1.3,,
2017-11-30,,,,,,86.05,41.0,,2.2,3.2,7.0,1.3,,
2017-12-01,,,,,,86.6,41.55,,2.2,3.2,7.0,1.3,,
2017-12-02,,,,,,,,,,,,,,
2017-12-03,,,,,,,,,,,,,,
2017-12-04,,,,,,86.6,41.55,,1.8,3.2,7.0,1.3,,
2017-12-05,,,,,,88.3,42.3,,1.8,3.2,7.0,1.3,,
2017-12-06,,,,,,85.15,39.15,,1.8,3.2,7.0,1.3,,
2017-12-07,,,,,,83.75,37.75,,1.8,3.2,7.0,1.3,,
2017-12-08,,,,,,83.75,37.75,,1.8,3.2,7.0,1.3,,
2017-12-09,,,,,,,,,,,,,,
2017-12-10,,,,,,,,,,,,,,
2017-12-11,,,,,,85.65,39.65,,1.8,3.2,7.0,1.3,,
2017-12-12,,,,,,86.45,40.45,,1.8,3.2,7.0,1.3,,
2017-12-13,,,,,,86.45,40.45,,1.8,3.2,7.0,1.3,,
2017-12-14,,,,,,85.2,40.2,,1.8,3.2,7.0,1.3,,
2017-12-15,,,,,,85.2,40.2,,1.8,3.2,7.0,1.3,,
2017-12-16,,,,,,,,,,,,,,
2017-12-17,,,,,,,,,,,,,,
2017-12-18,,,,,,86.15,41.15,,1.8,3.2,7.0,1.3,,
2017-12-19,,,,,,89.2,44.2,,1.8,3.2,7.0,1.3,,
2017-12-20,,,,,,88.5,43.65,,1.8,3.2,7.0,1.3,,
2017-12-21,,,,,,88.2,43.35,,1.8,3.2,7.0,1.3,,
2017-12-22,,,,,,87.1,42.25,,1.8,3.2,7.0,1.3,,
2017-12-23,,,,,,,,,,,,,,
2017-12-24,,,,,,,,,,,,,,
2017-12-25,,,,,,,,,,,,,,
2017-12-26,,,,,,89.15,44.3,,1.8,3.2,7.0,1.3,,
2017-12-27,,,,,,88.0,43.15,,1.8,3.2,7.0,1.3,,
2017-12-28,,,,,,87.3,42.45,,1.8,3.2,7.0,1.3,,
2017-12-29,,,,,,87.55,42.7,,1.8,3.2,7.0,1.3,,
2017-12-30,,,,,,,,,,,,,,
2017-12-31,,,,,,,,,,,,,,
2018-01-01,,,,,,,,,,,,,,
2018-01-02,,,,,,89.75,44.9,,1.8,3.2,7.0,1.3,,
2018-01-03,,,,,,89.75,44.9,,1.6,3.2,7.0,1.3,,
2018-01-04,,,,,,89.75,44.9,,1.6,3.2,7.0,1.3,,
2018-01-05,,,,,,91.05,46.05,,1.6,3.2,7.0,1.8,,
2018-01-06,,,,,,,,,,,,,,
2018-01-07,,,,,,,,,,,,,,
2018-01-08,,,,,,92.6,47.6,,1.5,3.5,7.0,1.8,,
2018-01-09,,,,,,93.0,48.4,,1.5,3.5,7.0,1.8,,
2018-01-10,,,,,,92.7,48.1,,1.5,3.5,7.0,1.8,,
2018-01-11,,,,,,93.65,48.1,,1.5,3.5,7.0,1.8,,
2018-01-12,,,,,,93.65,48.1,,1.5,3.5,7.0,1.8,,
2018-01-13,,,,,,,,,,,,,,
2018-01-14,,,,,,,,,,,,,,
2018-01-15,,,,,,91.1,44.75,,1.5,3.5,7.0,1.8,,
2018-01-16,,,,,,90.55,43.85,,1.5,3.5,7.0,1.8,,
2018-01-17,,,,,,89.3,42.6,,1.5,3.5,7.0,1.8,,
2018-01-18,,,,,,89.55,42.85,,1.5,3.5,7.0,1.8,,
2018-01-19,,,,,,91.55,44.85,,1.5,3.5,7.0,1.8,,
2018-01-20,,,,,,,,,,,,,,
2018-01-21,,,,,,,,,,,,,,
2018-01-22,,,,,,90.6,43.9,,1.5,3.5,7.0,1.8,,
2018-01-23,,,,,,88.4,41.7,,1.5,3.5,6.8,1.8,,
2018-01-24,,,,,,89.3,42.25,,1.5,3.5,6.8,1.8,,
2018-01-25,,,,,,90.1,42.25,,1.5,3.5,6.8,1.95,,
2018-01-26,,,,,,89.65,41.8,,1.5,3.5,6.8,1.95,,
2018-01-27,,,,,,,,,,,,,,
2018-01-28,,,,,,,,,,,,,,
2018-01-29,,,,,,89.65,41.8,,1.5,3.5,6.8,1.95,,
2018-01-30,,,,,,89.4,40.7,,1.5,3.5,6.8,2.1,,
2018-01-31,,,,,,87.8,39.7,,1.5,3.5,6.8,2.1,,
2018-02-01,,,,,,88.85,39.3,,1.7,3.0,5.5,2.1,,
2018-02-02,,,,,,89.3,39.75,,1.7,3.0,5.5,2.1,,
2018-02-03,,,,,,,,,,,,,,
2018-02-04,,,,,,,,,,,,,,
2018-02-05,,,,,,91.45,41.75,,1.7,3.0,5.5,2.1,,
2018-02-06,,,,,,91.5,41.8,,1.7,3.0,5.5,2.1,,
2018-02-07,,,,,,93.0,43.0,,1.7,3.0,5.5,2.1,,
2018-02-08,,,,,,93.35,43.35,1.5,1.7,3.0,5.5,2.1,,
2018-02-09,,,,,,92.05,42.05,1.5,1.7,3.0,5.5,2.35,,
2018-02-10,,,,,,,,,,,,,,
2018-02-11,,,,,,,,,,,,,,
2018-02-12,,,,,,93.65,42.05,,1.7,3.0,5.5,2.35,,
2018-02-13,,,,,,93.65,42.05,,1.7,3.0,5.5,2.35,,
2018-02-14,,,,,,93.65,42.05,,1.7,3.0,4.0,2.35,,
2018-02-15,,,,,,93.65,42.05,,1.7,3.0,4.0,2.35,,
2018-02-16,,,,,,,,,,,,,,
2018-02-17,,,,,,,,,,,,,,
2018-02-18,,,,,,,,,,,,,,
2018-02-19,,,,,,,,,1.7,3.0,4.0,2.35,,
2018-02-20,,,,,,,,,1.7,3.0,4.0,2.35,,
2018-02-21,,,,,,94.6,43.75,,1.7,3.0,4.0,2.35,,
2018-02-22,,,,,,94.6,43.55,,1.7,3.0,4.0,2.35,,
2018-02-23,,,,,,96.4,44.7,,1.7,3.0,4.0,2.35,,
2018-02-24,,,,,,,,,,,,,,
2018-02-25,,,,,,,,,,,,,,
2018-02-26,,,,,,97.15,45.45,1.5,1.7,3.0,4.0,2.35,,
2018-02-27,,,,,,96.7,45.05,1.55,1.7,3.0,4.0,2.35,,
2018-02-28,,,,,,96.05,44.4,1.55,1.7,3.0,4.0,2.35,,
2018-03-01,,,,,,96.1,45.1,1.55,1.7,3.0,4.0,2.35,,
2018-03-02,,,,,,94.15,43.15,1.55,1.7,3.0,4.0,2.35,,
2018-03-03,,,,,,,,,,,,,,
2018-03-04,,,,,,,,,,,,,,
2018-03-05,,,,,,92.15,41.15,1.55,1.7,3.0,4.0,2.35,,
2018-03-06,,,,,,93.1,40.5,1.5,1.7,3.0,4.0,2.35,,
2018-03-07,,,,,,92.4,40.7,1.5,1.7,3.0,4.0,2.35,,
2018-03-08,,,,,,89.2,37.5,1.5,1.7,3.0,4.0,2.35,,
2018-03-09,,,,,,87.45,36.35,1.4,1.7,3.0,4.0,2.35,,
2018-03-10,,,,,,,,,,,,,,
2018-03-11,,,,,,,,,,,,,,
2018-03-12,,,,,,86.2,35.6,1.4,1.7,3.0,4.0,2.35,,
2018-03-13,,,,,,87.15,36.55,1.4,1.7,3.0,4.0,2.35,,
2018-03-14,,,,,,88.95,38.35,1.4,1.7,3.0,4.0,2.5,,
2018-03-15,,,,,,88.4,38.1,1.4,1.7,3.0,4.0,2.5,,
2018-03-16,,,,,,86.5,36.2,1.4,1.7,3.0,4.0,2.5,,
2018-03-17,,,,,,,,,,,,,,
2018-03-18,,,,,,,,,,,,,,
2018-03-19,,,,,,84.25,33.95,1.35,1.7,3.0,4.0,2.5,,
2018-03-20,,,,,,83.7,33.4,1.35,1.7,3.0,4.0,2.5,,
2018-03-21,,,,,,84.8,34.5,1.35,1.7,3.0,4.0,2.5,,
2018-03-22,,,,,,84.6,34.3,1.35,1.7,3.0,4.0,2.0,,
2018-03-23,,,,,,80.95,30.65,1.35,1.7,3.0,4.0,2.0,,
2018-03-24,,,,,,,,,,,,,,
2018-03-25,,,,,,,,,,,,,,
2018-03-26,,,,,,79.95,29.85,1.3,1.7,3.0,4.0,2.0,,
2018-03-27,,,,,,81.8,30.25,1.3,1.7,3.0,4.0,2.0,,
2018-03-28,,,,,,81.4,29.85,1.3,1.7,3.0,4.0,2.0,,
2018-03-29,,,,,,81.45,29.9,1.3,1.7,3.0,4.0,2.0,,
2018-03-30,,,,,,,,1.3,,,,,,
2018-03-31,,,,,,,,,,,,,,
2018-04-01,,,,,,,,,,,,,,
2018-04-02,,,,,,83.75,36.0,1.3,1.7,3.0,4.0,2.0,,
2018-04-03,,,,,,82.15,36.0,1.3,1.7,2.1,4.0,2.0,,
2018-04-04,,,,,,81.35,35.8,1.3,1.7,2.1,4.0,2.0,,
2018-04-05,,,,,,81.35,35.8,,1.7,2.1,4.0,2.0,,
2018-04-06,,,,,,81.35,35.8,,1.7,2.1,4.0,2.0,,
2018-04-07,,,,,,,,,,,,,,
2018-04-08,,,,,,,,1.3,,,,,,
2018-04-09,,,,,,82.1,36.85,1.3,1.7,2.1,4.0,2.0,,
2018-04-10,,,,,,83.9,38.65,1.3,1.7,2.1,4.0,2.0,,
2018-04-11,,,,,,82.25,38.0,1.3,2.0,1.75,3.0,2.0,,
2018-04-12,,,,,,82.8,38.55,1.3,2.0,1.75,3.0,2.0,,
2018-04-13,,,,,,82.65,39.05,1.3,2.0,1.75,3.0,2.0,,
2018-04-14,,,,,,,,,,,,,,
2018-04-15,,,,,,,,,,,,,,
2018-04-16,,,,,,81.45,37.85,1.3,2.0,1.75,3.0,2.0,,
2018-04-17,,,,,,81.85,38.25,1.3,2.0,1.75,3.0,2.0,,
2018-04-18,,,,,,84.3,40.25,1.3,2.0,1.75,3.0,2.0,,
2018-04-19,,,,,,86.35,42.1,1.3,2.0,1.75,3.0,2.0,,
2018-04-20,,,,,,84.9,40.65,1.3,2.0,1.75,3.0,2.0,,
2018-04-21,,,,,,,,,,,,,,
2018-04-22,,,,,,,,,,,,,,
2018-04-23,,,,,,85.8,41.35,1.3,2.0,1.75,3.0,2.0,,
2018-04-24,,,,,,85.5,41.05,1.35,2.0,1.75,3.0,2.0,,
2018-04-25,,,,,,84.5,40.05,1.35,2.0,1.75,3.0,2.0,,
2018-04-26,,,,,,85.15,40.05,1.35,2.0,1.75,3.0,2.0,,
2018-04-27,,,,,,83.2,38.1,1.35,2.0,1.75,3.0,2.0,,
2018-04-28,,,,,,,,1.35,,,,,,
2018-04-29,,,,,,,,,,,,,,
2018-04-30,,,,,,,,,2.0,1.75,3.0,2.0,,
2018-05-01,,,,,,,,,,,,,,
2018-05-02,,,,,,85.3,39.7,1.35,2.5,1.25,3.0,2.0,,
2018-05-03,,,,,,85.3,39.7,1.35,2.5,1.25,3.0,2.0,,
2018-05-04,,,,,,84.6,39.0,1.35,2.5,1.25,3.0,2.0,,
2018-05-05,,,,,,,,,,,,,,
2018-05-06,,,,,,,,,,,,,,
2018-05-07,,,,,,85.45,39.0,1.35,2.5,1.25,3.0,2.0,,
2018-05-08,,,,,,85.75,39.3,1.35,2.5,1.0,2.5,2.0,,
2018-05-09,,,,,,84.85,38.3,1.35,2.5,1.0,2.5,2.0,,
2018-05-10,,,,,,85.1,38.55,1.35,2.5,0.75,2.5,2.0,,
2018-05-11,,,,,,86.1,39.85,1.35,2.5,0.75,2.5,2.5,,
2018-05-12,,,,,,,,,,,,,,
2018-05-13,,,,,,,,,,,,,,
2018-05-14,,,,,,86.55,40.3,1.35,2.5,0.75,2.5,2.5,,
2018-05-15,,,,,,86.2,39.45,1.35,2.5,0.75,2.5,2.5,,
2018-05-16,,,,,,86.45,39.7,1.35,3.0,0.5,2.5,2.5,,
2018-05-17,,,,,,86.05,39.3,1.35,3.0,0.5,2.5,2.5,,
2018-05-18,,,,,,85.75,38.75,1.35,3.0,0.5,2.5,2.5,,
2018-05-19,,,,,,,,,,,,,,
2018-05-20,,,,,,,,,,,,,,
2018-05-21,,,,,,83.95,36.95,1.35,3.0,0.5,2.5,2.5,,
2018-05-22,,,,,,83.55,36.9,1.35,3.0,0.5,2.5,2.5,,
2018-05-23,,,,,,82.45,35.8,1.35,3.0,0.5,2.5,2.5,,
2018-05-24,,,,,,84.2,37.55,1.3,3.25,0.25,2.5,2.5,,
2018-05-25,,,,,,82.8,36.15,1.3,3.25,0.25,2.0,2.5,,
2018-05-26,,,,,,,,,,,,,,
2018-05-27,,,,,,,,,,,,,,
2018-05-28,,,,,,,,,3.25,0.25,2.0,2.5,,
2018-05-29,,,,,,,,1.3,,,,,,
2018-05-30,,,,,,85.0,36.6,1.3,5.3,0.2,2.0,2.5,,
2018-05-31,,,,,,86.3,36.8,1.3,5.3,0.2,2.0,2.5,,
2018-06-01,,,,,,86.7,37.05,1.3,6.0,0.2,2.0,2.25,,
2018-06-02,,,,,,,,,,,,,,
2018-06-03,,,,,,,,,,,,,,
2018-06-04,,,,,,86.85,36.55,1.3,6.0,0.2,2.0,2.25,,
2018-06-05,,,,,,87.75,37.1,1.3,6.0,0.2,2.0,2.25,,
2018-06-06,,,,,,88.2,37.4,1.3,6.0,0.2,2.0,2.25,,
2018-06-07,,,,,,88.15,37.4,1.3,6.0,0.2,2.0,2.25,,
2018-06-08,,,,,,88.1,37.35,1.3,7.0,0.2,2.0,2.0,,
2018-06-09,,,,,,,,,,,,,,
2018-06-10,,,,,,,,,,,,,,
2018-06-11,,,,,,88.7,37.7,1.3,7.0,0.2,2.0,2.0,,
2018-06-12,,,,,,88.95,37.85,1.3,7.0,0.2,2.0,2.0,,
2018-06-13,,,,,,88.8,37.7,1.3,7.0,0.2,2.0,2.0,,
2018-06-14,,,,,,89.5,37.9,1.3,7.5,0.2,2.0,2.0,,
2018-06-15,,,,,,,,1.3,,,,,,
2018-06-16,,,,,,,,,,,,,,
2018-06-17,,,,,,,,,,,,,,
2018-06-18,,,,,,89.5,37.9,,7.5,0.2,2.0,2.0,,
2018-06-19,,,,,,87.75,36.85,1.3,7.5,0.2,2.0,2.0,,
2018-06-20,,,,,,87.75,36.85,1.3,7.5,0.2,2.0,2.0,,
2018-06-21,,,,,,87.35,36.6,1.3,7.5,0.2,2.0,2.0,,
2018-06-22,,,,,,89.7,36.65,1.3,7.5,0.2,2.0,2.0,,
2018-06-23,,,,,,,,,,,,,,
2018-06-24,,,,,,,,,,,,,,
2018-06-25,,,,,,90.4,37.1,1.3,7.5,0.2,2.0,2.0,,
2018-06-26,,,,,,90.45,37.15,1.3,8.5,0.2,2.0,1.5,,
2018-06-27,,,,,,90.45,36.65,1.3,8.5,0.2,2.0,1.5,,
2018-06-28,,,,,,90.6,36.75,1.3,8.5,0.2,2.0,1.5,,
2018-06-29,,,,,,,,1.3,8.5,0.2,2.0,1.5,,
2018-06-30,,,,,,,,,,,,,,
2018-07-01,,,,,,,,,,,,,,
2018-07-02,,,,,,90.8,36.4,1.3,8.5,0.2,2.0,1.5,,
2018-07-03,,,,,,90.75,36.35,1.3,8.5,0.2,2.0,1.5,,
2018-07-04,,,,,,90.35,35.95,1.3,8.5,0.2,2.0,1.5,,
2018-07-05,,,,,,89.5,35.1,1.3,8.5,0.2,2.0,1.5,,
2018-07-06,,,,,,89.65,35.25,1.3,8.5,0.2,2.0,1.5,,
2018-07-07,,,,,,,,,,,,,,
2018-07-08,,,,,,,,,,,,,,
2018-07-09,,,,,,90.25,35.85,1.3,8.5,0.2,2.0,1.5,,
2018-07-10,,,,,,90.2,35.8,1.3,8.5,0.2,2.0,1.5,,
2018-07-11,,,,,,89.7,35.3,1.3,8.5,0.2,2.0,1.5,,
2018-07-12,,,,,,90.5,36.1,1.3,8.0,0.2,2.0,1.25,,
2018-07-13,,,,,,92.05,36.1,1.3,8.0,0.2,2.0,1.25,,
2018-07-14,,,,,,,,,,,,,,
2018-07-15,,,,,,,,,,,,,,
2018-07-16,,,,,,91.55,35.8,1.3,8.0,0.2,2.0,1.25,,
2018-07-17,,,,,,92.05,36.25,1.3,8.7,0.2,2.0,1.25,,
2018-07-18,,,,,,92.1,36.25,1.3,,,,,,
2018-07-19,,,,,,92.7,36.8,1.3,8.7,0.2,2.0,1.25,,
2018-07-20,,,,,,92.8,36.85,1.3,8.7,0.2,2.0,1.25,,
2018-07-21,,,,,,,,,,,,,,
2018-07-22,,,,,,,,,,,,,,
2018-07-23,,,,,,93.2,37.1,1.3,8.65,0.2,2.0,1.25,,
2018-07-24,,,,,,93.2,37.2,1.3,8.65,0.2,2.0,1.25,,
2018-07-25,,,,,,93.2,37.45,1.3,8.65,0.2,2.0,1.25,,
2018-07-26,,,,,,92.85,37.25,1.3,8.65,0.2,2.0,1.25,,
2018-07-27,,,,,,94.35,38.4,1.3,8.1,0.2,2.0,1.25,,
2018-07-28,,,,,,,,,,,,,,
2018-07-29,,,,,,,,,,,,,,
2018-07-30,,,,,,93.95,38.2,1.3,8.1,0.2,2.0,1.25,,
2018-07-31,,,,,,94.55,38.55,1.3,7.9,0.2,2.0,1.25,,
2018-08-01,,,,,,93.45,37.9,1.3,7.9,0.2,2.0,1.25,,
2018-08-02,,,,,,93.45,37.9,1.3,7.9,0.2,2.0,1.25,,
2018-08-03,,,,,,94.45,38.5,,7.3,0.2,2.0,1.2,,
2018-08-04,,,,,,,,,,,,,,
2018-08-05,,,,,,,,,,,,,,
2018-08-06,,,,,,95.95,39.4,1.35,7.3,0.2,2.0,1.2,,
2018-08-07,,,,,,96.5,39.75,1.35,7.3,0.2,2.0,1.2,,
2018-08-08,,,,,,96.4,39.7,1.35,7.3,0.2,2.0,1.2,,
2018-08-09,,,,,,,,1.35,,,,,,
2018-08-10,,,,,,95.75,39.3,1.35,7.2,0.2,2.0,1.2,,
2018-08-11,,,,,,,,,,,,,,
2018-08-12,,,,,,,,,,,,,,
2018-08-13,,,,,,95.75,39.3,1.35,7.1,0.2,2.0,1.2,,
2018-08-14,,,,,,94.5,38.55,1.35,7.1,0.2,2.0,1.2,,
2018-08-15,,,,,,94.05,38.25,1.35,7.1,0.2,2.0,1.2,,
2018-08-16,,,,,,93.8,38.15,1.35,7.3,0.4,2.3,1.2,,
2018-08-17,,,,,,94.1,38.5,1.35,7.3,0.4,2.3,1.2,,
2018-08-18,,,,,,,,,,,,,,
2018-08-19,,,,,,,,,,,,,,
2018-08-20,,,,,,94.55,38.75,1.35,7.4,0.4,2.3,1.2,,
2018-08-21,,,,,,93.2,37.95,1.35,7.4,0.4,2.3,1.2,,
2018-08-22,,,,,,,,1.35,,,,,,
2018-08-23,,,,,,92.25,37.4,1.35,7.4,0.4,2.3,1.2,,
2018-08-24,,,,,,94.1,37.85,1.35,7.4,0.4,2.3,1.2,,
2018-08-25,,,,,,,,,,,,,,
2018-08-26,,,,,,,,,,,,,,
2018-08-27,,,,,,93.0,37.5,1.35,7.4,0.4,2.3,1.2,,
2018-08-28,,,,,,93.0,40.9,1.35,7.4,0.4,2.3,1.2,,
2018-08-29,,,,,,93.0,40.6,1.35,7.4,0.4,2.3,1.2,,
2018-08-30,,,,,,93.2,39.3,1.35,7.4,0.4,2.3,1.5,,
2018-08-31,,,,,,,,1.35,7.4,0.4,2.3,1.5,,
2018-09-01,,,,,,,,,,,,,,
2018-09-02,,,,,,,,,,,,,,
2018-09-03,,,,,,93.65,38.95,1.3,7.15,0.4,2.3,1.5,,
2018-09-04,,,,,,94.7,39.1,1.3,7.15,0.4,2.3,1.55,,
2018-09-05,,,,,,95.05,39.05,1.3,7.15,0.4,2.3,1.55,,
2018-09-06,,,,,,95.85,39.8,1.3,7.0,0.4,2.3,1.55,,
2018-09-07,,,,,,96.5,39.9,1.3,7.0,0.4,2.3,1.55,,
2018-09-08,,,,,,,,,,,,,,
2018-09-09,,,,,,,,,,,,,,
2018-09-10,,,,,,95.95,40.0,1.3,6.8,0.4,2.3,1.55,,
2018-09-11,,,,,,95.75,39.15,1.3,6.8,0.4,2.3,1.55,,
2018-09-12,,,,,,95.5,39.05,1.35,6.8,0.4,2.3,1.55,,
2018-09-13,,,,,,96.55,39.75,1.35,6.8,0.4,2.3,1.55,,
2018-09-14,,,,,,96.9,39.95,1.35,6.8,0.4,2.3,1.55,,
2018-09-15,,,,,,,,,,,,,,
2018-09-16,,,,,,,,,,,,,,
2018-09-17,,,,,,96.5,39.95,1.35,6.5,0.4,2.3,1.55,,
2018-09-18,,,,,,96.5,39.95,1.35,6.5,0.4,2.3,1.55,,
2018-09-19,,,,,,96.8,40.1,1.35,6.5,0.4,2.3,1.55,,
2018-09-20,,,,,,96.75,39.95,1.35,6.5,0.4,2.3,1.55,,
2018-09-21,,,,,,96.2,39.95,1.35,6.5,0.4,2.3,1.55,,
2018-09-22,,,,,,,,,,,,,,
2018-09-23,,,,,,,,,,,,,,
2018-09-24,,,,,,95.9,39.95,,6.5,0.4,2.3,0.1,,
2018-09-25,,,,,,95.8,39.8,1.35,6.5,0.4,2.3,0.1,,
2018-09-26,,,,,,96.0,39.65,1.35,6.8,0.1,2.3,0.1,,
2018-09-27,,,,,,96.0,39.75,1.35,6.8,0.1,2.3,0.1,,
2018-09-28,,,,,,96.3,39.85,,6.8,0.1,2.3,0.1,,
2018-09-29,,,,,,,,1.35,,,,,,
2018-09-30,,,,,,,,1.35,,,,,,
2018-10-01,,,,,,,,,6.8,0.1,2.3,0.1,,
2018-10-02,,,,,,,,,6.8,0.1,2.3,0.1,,
2018-10-03,,,,,,,,,6.8,0.1,2.3,0.1,,
2018-10-04,,,,,,96.4,40.55,,6.8,0.1,2.3,0.1,,
2018-10-05,,,,,,96.4,40.55,,6.8,0.1,2.3,0.1,,
2018-10-06,,,,,,,,,,,,,,
2018-10-07,,,,,,,,,,,,,,
2018-10-08,,,,,,96.4,40.25,1.35,6.8,0.1,2.3,0.1,,
2018-10-09,,,,,,97.4,40.4,1.35,6.8,0.1,2.3,0.1,,
2018-10-10,,,,,,97.9,40.95,1.35,6.65,0.1,2.3,0.1,,
2018-10-11,,,,,,97.25,40.6,1.4,6.65,0.1,2.3,0.1,,
2018-10-12,,,,,,97.7,41.45,1.4,6.65,0.1,2.3,0.1,,
2018-10-13,,,,,,,,,,,,,,
2018-10-14,,,,,,,,,,,,,,
2018-10-15,,,,,,97.45,41.3,1.4,6.65,0.1,2.3,0.1,,
2018-10-16,,,,,,97.45,41.2,1.4,6.65,0.1,2.3,0.1,,
2018-10-17,,,,,,97.85,42.4,1.4,6.65,0.1,2.3,0.1,,
2018-10-18,,,,,,97.9,42.45,1.4,6.65,0.1,2.3,0.1,,
2018-10-19,,,,,,97.05,42.0,1.4,6.6,0.1,2.3,0.1,,
2018-10-20,,,,,,,,,,,,,,
2018-10-21,,,,,,,,,,,,,,
2018-10-22,,,,,,97.8,42.9,1.4,6.3,0.1,2.3,0.1,,
2018-10-23,,,,,,97.6,42.8,1.4,6.3,0.1,2.3,0.1,,
2018-10-24,,,,,,99.2,43.75,1.4,5.7,0.1,2.3,0.1,,
2018-10-25,,,,,,98.0,43.8,1.45,5.7,0.1,2.3,0.1,,
2018-10-26,,,,,,98.3,44.1,1.45,5.7,0.1,2.3,0.1,,
2018-10-27,,,,,,,,,,,,,,
2018-10-28,,,,,,,,,,,,,,
2018-10-29,,,,,,98.1,44.0,1.45,5.7,0.1,2.3,0.1,,
2018-10-30,,,,,,96.85,43.3,,5.2,0.1,2.3,0.1,,
2018-10-31,,,,,,97.35,43.3,1.45,5.2,0.1,2.3,0.1,,
2018-11-01,,,,,,96.0,42.8,1.45,5.2,0.1,2.3,1.73,,
2018-11-02,,,,,,95.55,42.55,1.45,5.5,0.1,2.3,1.92,,
2018-11-03,,,,,,,,,,,,,,
2018-11-04,,,,,,,,,,,,,,
2018-11-05,,,,,,97.25,43.55,1.45,5.5,0.1,2.3,1.92,,
2018-11-06,,,,,,,,1.45,,,,,,
2018-11-07,,,,,,95.95,42.75,1.45,5.5,0.1,2.3,1.92,,
2018-11-08,,,,,,97.0,43.8,1.45,5.3,0.1,2.3,1.92,,
2018-11-09,,,,,,97.0,44.4,1.45,5.3,0.1,2.3,1.92,,
2018-11-10,,,,,,,,,,,,,,
2018-11-11,,,,,,,,,,,,,,
2018-11-12,,,,,,96.0,44.1,1.45,5.3,0.1,2.3,1.92,,
2018-11-13,,,,,,94.45,43.2,1.45,5.3,0.1,2.3,1.92,,
2018-11-14,,,,,,93.8,44.5,1.45,5.3,0.1,2.3,1.92,,
2018-11-15,,,,,,93.4,44.5,1.45,5.0,0.1,2.0,1.98,,
2018-11-16,,,,,,94.1,45.05,1.45,5.0,0.1,2.0,1.98,,
2018-11-17,,,,,,,,,,,,,,
2018-11-18,,,,,,,,,,,,,,
2018-11-19,,,,,,93.0,45.15,1.45,5.0,0.1,2.0,1.98,,
2018-11-20,,,,,,91.05,44.35,1.45,4.5,0.1,2.0,1.88,,
2018-11-21,,,,,,90.95,44.3,1.45,4.5,0.1,2.0,2.02,,
2018-11-22,,,,,,89.6,43.75,,4.5,0.1,2.0,2.02,,
2018-11-23,,,,,,86.45,42.35,,4.5,0.1,2.0,1.93,,
2018-11-24,,,,,,,,,,,,,,
2018-11-25,,,,,,,,,,,,,,
2018-11-26,,,,,,82.25,39.85,,3.8,0.1,2.0,1.93,,
2018-11-27,,,,,,81.75,39.85,,3.8,0.1,2.0,1.93,,
2018-11-28,,,,,,82.8,40.5,,3.8,0.1,2.0,1.77,,
2018-11-29,,,,,,82.65,40.45,1.45,3.8,0.1,2.0,1.77,,
2018-11-30,,,,,,,,1.45,3.8,0.1,2.0,1.77,,
2018-12-01,,,,,,,,,,,,,,
2018-12-02,,,,,,,,,,,,,,
2018-12-03,,,,,,81.85,40.7,1.45,3.8,0.1,2.0,1.57,,
2018-12-04,,,,,,83.3,43.7,1.45,3.8,0.1,2.0,1.57,,
2018-12-05,,,,,,83.25,43.7,1.45,3.8,0.1,2.0,1.57,,
2018-12-06,,,,,,81.8,43.1,1.45,3.8,0.1,2.0,1.57,,
2018-12-07,,,,,,82.65,43.2,,3.8,0.1,2.0,1.57,,
2018-12-08,,,,,,,,,,,,,,
2018-12-09,,,,,,,,,,,,,,
2018-12-10,,,,,,82.5,43.2,,3.8,0.1,2.0,1.57,,
2018-12-11,,,,,,82.65,43.3,1.45,3.3,0.1,2.0,1.57,,
2018-12-12,,,,,,82.65,43.45,1.45,3.3,0.1,2.0,1.57,,
2018-12-13,,,,,,83.7,44.1,1.45,3.3,0.1,2.0,1.57,,
2018-12-14,,,,,,85.4,45.1,1.45,3.3,0.1,2.0,1.9,,
2018-12-15,,,,,,,,,,,,,,
2018-12-16,,,,,,,,,,,,,,
2018-12-17,,,,,,86.05,45.5,1.45,3.0,0.1,2.0,1.9,,
2018-12-18,,,,,,84.9,45.1,1.45,3.0,0.1,2.0,1.9,,
2018-12-19,,,,,,85.4,45.4,1.45,3.0,0.1,2.0,1.9,,
2018-12-20,,,,,,87.0,46.5,1.45,3.0,0.1,2.0,1.9,,
2018-12-21,,,,,,87.15,46.6,1.45,2.5,0.1,2.0,1.9,,
2018-12-22,,,,,,,,,,,,,,
2018-12-23,,,,,,,,,,,,,,
2018-12-24,,,,,,,,,,,,,,
2018-12-25,,,,,,,,1.45,,,,,,
2018-12-26,,,,,,86.7,46.35,,2.5,0.1,2.0,1.9,,
2018-12-27,,,,,,87.25,46.7,1.45,1.9,0.5,2.5,2.03,,
2018-12-28,,,,,,87.55,46.9,1.45,1.9,0.5,2.5,2.03,,
2018-12-29,,,,,,,,1.45,,,,,,
2018-12-30,,,,,,,,,,,,,,
2018-12-31,,,,,,,,,,,,,,
2019-01-01,,,,,,,,,,,,,,
2019-01-02,,,,,,87.2,46.65,,1.9,0.5,2.5,2.03,,0.3721
2019-01-03,,,,,,87.6,46.9,,1.9,0.5,2.5,1.9,,0.3721
2019-01-04,,,,,,88.3,46.9,1.45,1.9,0.5,2.5,1.83,,0.3721
2019-01-05,,,,,,,,,,,,,,
2019-01-06,,,,,,,,,,,,,,
2019-01-07,,,,,,88.25,46.9,1.45,1.9,0.5,2.5,1.83,,0.3721
2019-01-08,,,,,,88.25,46.9,1.45,1.9,0.5,2.5,1.83,,0.3721
2019-01-09,,,,,,87.8,46.75,1.45,1.9,0.5,2.5,1.83,,0.36
2019-01-10,,,,,,87.95,46.75,,1.9,0.9,3.0,1.93,,0.36
2019-01-11,,,,,,87.7,46.75,1.45,1.9,0.9,3.0,1.93,,0.36
2019-01-12,,,,,,,,,,,,,,
2019-01-13,,,,,,,,,,,,,,
2019-01-14,,,,,,87.8,46.8,1.45,1.9,0.9,3.0,1.93,,0.36
2019-01-15,,,,,,87.6,49.35,1.45,1.9,0.9,3.0,1.93,,0.36
2019-01-16,,,,,,88.2,49.75,1.45,1.9,0.9,3.0,1.93,,0.36
2019-01-17,,,,,,87.75,49.45,,1.9,0.9,3.0,1.93,,0.35
2019-01-18,,,,,,88.95,50.65,1.45,1.9,0.9,3.0,1.93,,0.383
2019-01-19,,,,,,,,,,,,,,
2019-01-20,,,,,,,,,,,,,,
2019-01-21,,,,,,88.95,50.65,1.45,1.5,0.9,3.0,1.83,,0.38
2019-01-22,,,,,,88.1,49.75,1.45,1.5,0.9,3.0,1.83,,0.349
2019-01-23,,,,,,88.1,49.75,1.45,1.7,0.7,3.0,1.83,,0.343
2019-01-24,,,,,,89.5,50.3,,1.7,0.7,3.0,1.83,,0.343
2019-01-25,,,,,,89.5,50.3,1.45,1.7,0.7,3.0,1.83,,0.345
2019-01-26,,,,,,,,,,,,,,
2019-01-27,,,,,,,,,,,,,,
2019-01-28,,,,,,92.8,52.3,1.45,1.7,0.7,3.0,1.83,,0.34
2019-01-29,,,,,,94.05,53.05,1.45,1.7,0.7,3.0,1.83,,0.34
2019-01-30,,,,,,99.15,56.7,1.45,2.2,0.5,3.0,1.93,,0.335
2019-01-31,,,,,,99.15,56.95,,4.7,0.2,2.5,1.63,,0.335
2019-02-01,,,,,,100.5,57.75,,4.7,0.2,2.5,1.63,,0.33
2019-02-02,,,,,,,,,,,,,,
2019-02-03,,,,,,,,,,,,,,
2019-02-04,,,,,,,,,4.7,0.2,2.5,1.63,,0.33
2019-02-05,,,,,,,,,,,,,,
2019-02-06,,,,,,,,,,,,,,
2019-02-07,,,,,,,,,4.7,0.2,2.5,1.63,,0.33
2019-02-08,,,,,,,,,4.7,0.2,2.5,1.63,,0.33
2019-02-09,,,,,,,,,,,,,,
2019-02-10,,,,,,,,,,,,,,
2019-02-11,,,,,,103.2,59.05,,4.7,0.2,2.5,1.63,,0.33
2019-02-12,,,,,,100.45,57.1,,4.7,0.2,2.5,1.63,,0.33
2019-02-13,,,,,,99.45,56.45,,4.7,0.2,2.5,1.63,,0.33
2019-02-14,,,,,,100.8,57.2,,4.4,0.2,2.5,1.7,,0.33
2019-02-15,,,,,,100.35,57.0,1.45,4.4,0.2,2.5,1.7,,0.34
2019-02-16,,,,,,,,,,,,,,
2019-02-17,,,,,,,,,,,,,,
2019-02-18,,,,,,101.3,58.15,,4.4,0.2,2.5,1.7,,0.34
2019-02-19,,,,,,101.2,58.0,1.45,4.4,0.2,2.5,1.7,,0.34
2019-02-20,,,,,,99.8,69.85,1.45,4.7,0.2,1.5,1.53,,0.34
2019-02-21,,,,,,98.9,69.45,1.45,4.7,0.2,1.5,1.53,,0.335
2019-02-22,,,,,,98.9,69.3,1.45,4.7,0.2,1.5,1.4,,0.335
2019-02-23,,,,,,,,,,,,,,
2019-02-24,,,,,,,,,,,,,,
2019-02-25,,,,,,96.75,67.4,,4.7,0.2,1.5,1.4,,0.335
2019-02-26,,,,,,95.75,66.9,1.45,4.7,0.2,1.5,1.37,,0.335
2019-02-27,,,,,,95.5,66.8,1.45,4.7,0.2,1.5,1.37,,0.335
2019-02-28,,,,,,97.0,67.9,1.45,4.7,0.2,1.5,1.37,,0.335
2019-03-01,,,,,,99.3,68.85,1.45,4.7,0.2,1.5,1.37,,0.3705
2019-03-02,,,,,,,,,,,,,,
2019-03-03,,,,,,,,,,,,,,
2019-03-04,,,,,,98.45,67.95,,4.7,0.2,1.5,1.3,,0.365
2019-03-05,,,,,,99.65,69.05,1.45,4.7,0.2,1.5,1.3,,0.365
2019-03-06,,,,,,97.25,68.2,1.45,4.7,0.2,1.5,1.3,,0.36
2019-03-07,,,,,,99.55,69.25,1.45,4.7,0.2,1.5,1.3,,0.36
2019-03-08,,,,,,97.35,67.55,1.45,4.7,0.2,1.5,1.3,,0.36
2019-03-09,,,,,,,,,,,,,,
2019-03-10,,,,,,,,,,,,,,
2019-03-11,,,,,,95.5,66.2,1.45,4.7,0.2,1.5,1.0,,0.37
2019-03-12,,,,,,97.05,68.05,1.45,4.7,0.2,1.5,1.0,,0.37
2019-03-13,,,,,,96.1,67.25,1.45,4.7,0.2,1.5,1.0,,0.37
2019-03-14,,,,,,98.8,69.7,1.45,4.2,0.2,1.5,0.93,,0.3695
2019-03-15,,,,,,97.9,69.45,1.45,4.2,0.2,1.5,0.83,,0.3695
2019-03-16,,,,,,,,,,,,,,
2019-03-17,,,,,,,,,,,,,,
2019-03-18,,,,,,99.5,70.85,1.45,4.2,0.2,1.5,0.83,,0.3695
2019-03-19,,,,,,98.65,70.65,1.45,3.8,0.2,1.5,0.83,,0.3695
2019-03-20,,,,,,95.75,68.3,1.35,3.8,0.2,1.5,0.83,,0.349
2019-03-21,,,,,,95.8,68.3,1.35,3.8,0.2,1.5,0.83,,0.3465
2019-03-22,,,,,,98.5,70.65,1.35,3.8,0.2,1.5,0.83,,0.3465
2019-03-23,,,,,,,,,,,,,,
2019-03-24,,,,,,,,,,,,,,
2019-03-25,,,,,,96.65,71.5,1.35,3.8,0.2,1.5,0.83,,0.3365
2019-03-26,,,,,,96.5,72.0,1.35,3.8,0.2,1.5,0.83,,0.3285
2019-03-27,,,,,,96.1,71.3,1.35,3.8,0.2,1.5,0.83,,0.3285
2019-03-28,,,,,,95.55,71.3,1.35,3.8,0.2,1.5,0.83,,0.325
2019-03-29,,,,,,98.75,73.75,1.35,3.8,0.2,1.5,0.83,,0.325
2019-03-30,,,,,,,,,,,,,,
2019-03-31,,,,,,,,,,,,,,
2019-04-01,,,,,,99.6,73.2,1.35,3.8,0.2,1.5,0.83,,0.32
2019-04-02,,,,,,101.35,74.9,1.35,3.8,0.2,1.5,0.83,,0.32
2019-04-03,,,,,,104.8,77.85,1.35,3.5,0.2,1.5,0.83,,0.32
2019-04-04,,,,,,104.6,78.5,1.35,3.5,0.2,1.5,0.83,,0.32
2019-04-05,,,,,,104.5,77.8,,3.5,0.2,1.5,0.83,,0.32
2019-04-06,,,,,,,,,,,,,,
2019-04-07,,,,,,,,,,,,,,
2019-04-08,,,,,,106.75,79.75,,3.5,0.2,1.5,0.83,,0.32
2019-04-09,,,,,,105.1,78.15,1.35,3.5,0.2,1.5,0.73,,0.32
2019-04-10,,,,,,106.0,78.3,1.35,3.5,0.2,1.5,0.73,,0.315
2019-04-11,,,,,,107.5,79.45,1.35,3.8,0.2,1.5,0.73,,0.315
2019-04-12,,,,,,110.6,80.5,1.35,3.8,0.2,1.5,0.73,,0.315
2019-04-13,,,,,,,,,,,,,,
2019-04-14,,,,,,,,,,,,,,
2019-04-15,,,,,,110.6,80.3,1.35,3.8,0.2,1.5,0.73,,0.315
2019-04-16,,,,,,109.1,78.8,1.35,3.8,0.2,1.5,0.83,,0.315
2019-04-17,,,,,,107.3,77.3,1.35,3.8,0.2,1.5,0.83,,0.315
2019-04-18,,,,,,106.6,76.7,1.35,3.8,0.2,1.5,0.83,,0.315
2019-04-19,,,,,,,,1.4,,,,,,
2019-04-20,,,,,,,,,,,,,,
2019-04-21,,,,,,,,,,,,,,
2019-04-22,,,,,,108.4,78.3,1.35,4.8,0.2,1.5,0.83,,0.315
2019-04-23,,,,,,109.0,80.65,1.4,4.8,0.2,1.5,0.83,,0.31
2019-04-24,,,,,,107.35,79.2,1.4,4.8,0.2,1.5,0.83,,0.31
2019-04-25,,,,,,107.6,79.25,1.4,4.8,0.2,1.5,0.83,,0.31
2019-04-26,,,,,,107.8,79.55,,4.8,0.2,1.5,0.83,,0.31
2019-04-27,,,,,,107.8,79.55,,,,,,,
2019-04-28,,,,,,,,1.4,,,,,,
2019-04-29,,,,,,108.35,80.3,1.4,5.0,0.2,1.5,0.73,,0.31
2019-04-30,,,,,,,,1.4,5.0,0.2,1.5,0.73,,0.315
2019-05-01,,,,,,,,,,,,,,
2019-05-02,,,,,,110.6,80.35,,5.0,0.2,1.5,0.73,,0.315
2019-05-03,,,,,,110.65,80.65,,5.0,0.2,1.5,0.73,,0.315
2019-05-04,,,,,,110.65,80.65,,,,,,,
2019-05-05,,,,,,,,1.4,,,,,,
2019-05-06,,,,,,110.05,79.75,1.45,5.0,0.2,1.5,0.73,,0.32
2019-05-07,,,,,,112.65,81.1,1.45,5.0,0.2,1.5,0.57,,0.32
2019-05-08,,,,,,111.2,80.6,1.45,5.0,0.2,1.5,0.57,,0.32
2019-05-09,,,,,,112.1,80.65,1.45,5.0,0.2,1.5,0.57,,0.32
2019-05-10,,,,,,112.4,81.55,1.45,5.5,0.2,1.5,0.57,,0.325
2019-05-11,,,,,,,,,,,,,,
2019-05-12,,,,,,,,,,,,,,
2019-05-13,,,,,,111.35,80.7,1.45,5.5,0.2,1.5,0.57,,0.327
2019-05-14,,,,,,110.4,79.7,1.45,5.5,0.2,1.5,0.43,,0.33
2019-05-15,,,,,,111.9,80.7,1.45,5.5,0.2,1.5,0.43,,0.33
2019-05-16,,,,,,114.95,83.15,,6.0,0.2,1.5,0.3,,0.33
2019-05-17,,,,,,117.35,85.75,,6.0,0.2,1.5,0.2,,0.325
2019-05-18,,,,,,,,,,,,,,
2019-05-19,,,,,,,,,,,,,,
2019-05-20,,,,,,,,,,,,,,
2019-05-21,,,,,,117.95,86.45,1.5,6.0,0.2,1.5,0.2,,0.323
2019-05-22,,,,,,120.0,88.6,1.5,6.0,0.1,1.5,0.2,,0.323
2019-05-23,,,,,,118.85,87.85,1.5,6.0,0.1,1.5,0.2,,0.32
2019-05-24,,,,,,120.05,88.7,1.5,6.0,0.1,1.0,0.08,,0.318
2019-05-25,,,,,,,,,,,,,,
2019-05-26,,,,,,,,,,,,,,
2019-05-27,,,,,,124.4,92.35,1.5,6.0,,,,,0.318
2019-05-28,,,,,,122.1,91.25,,6.0,0.1,1.0,0.08,,0.34
2019-05-29,,,,,,119.5,89.8,1.5,6.0,0.1,1.0,0.08,,0.34
2019-05-30,,,,,,117.7,87.75,1.5,6.0,0.1,1.0,0.08,,0.34
2019-05-31,,,,,,115.8,86.45,1.5,6.0,0.1,1.0,0.08,,0.335
2019-06-01,,,,,,,,,,,,,,
2019-06-02,,,,,,,,,,,,,,
2019-06-03,,,,,,113.95,83.0,1.5,6.0,0.1,1.0,0.08,,0.33
2019-06-04,,,,,,115.9,84.5,1.5,6.0,,,,,0.33
2019-06-05,,,,,,,,1.5,,,,,,
2019-06-06,,,,,,114.35,83.75,1.5,6.0,,,,,0.33
2019-06-07,,,,,,114.35,83.8,,6.0,0.1,1.0,0.08,,0.33
2019-06-08,,,,,,,,,,,,,,
2019-06-09,,,,,,,,,,,,,,
2019-06-10,,,,,,116.4,85.25,1.5,6.0,0.1,1.0,0.08,,0.33
2019-06-11,,,,,,121.9,90.2,1.5,5.8,0.1,1.0,0.08,,0.33
2019-06-12,,,,,,121.9,90.25,1.5,6.2,0.1,1.0,0.08,,0.33
2019-06-13,,,,,,124.7,93.35,1.5,6.0,0.1,1.0,0.08,,0.33
2019-06-14,,,,,,123.9,92.4,1.5,5.7,0.1,1.0,0.08,,0.33
2019-06-15,,,,,,,,,,,,,,
2019-06-16,,,,,,,,,,,,,,
2019-06-17,,,,,,122.2,90.55,,5.1,0.1,1.0,0.08,,0.33
2019-06-18,,,,,,125.5,94.0,1.5,4.8,0.1,1.0,0.08,,0.33
2019-06-19,,,,,,127.25,103.85,1.5,4.8,0.1,1.0,0.08,,0.33
2019-06-20,,,,,,130.55,106.05,1.5,4.4,0.1,1.0,0.08,,0.3601
2019-06-21,,,,,,129.4,105.4,1.6,4.4,0.1,1.0,0.08,,0.34
2019-06-22,,,,,,,,,,,,,,
2019-06-23,,,,,,,,,,,,,,
2019-06-24,,,,,,128.3,101.75,1.6,4.4,0.1,1.0,0.08,,0.34
2019-06-25,,,,,,125.75,99.1,1.6,4.4,0.1,1.0,0.08,,0.34
2019-06-26,,,,,,126.75,100.15,1.6,4.0,0.3,1.0,0.08,,0.34
2019-06-27,,,,,,128.35,101.65,1.6,4.0,0.3,1.0,0.08,,0.345
2019-06-28,,,,,,128.95,103.35,1.6,4.0,0.3,1.0,0.08,,0.473
2019-06-29,,,,,,,,,,,,,,
2019-06-30,,,,,,,,,,,,,,
2019-07-01,,,,,,130.7,104.15,1.6,4.0,0.3,1.0,0.08,,0.44
2019-07-02,,,,,,135.7,107.05,1.6,3.5,0.8,1.2,0.08,,0.4
2019-07-03,,,,,,135.85,108.15,1.6,3.5,0.8,1.2,0.08,,0.4118
2019-07-04,,,,,,131.8,104.75,1.6,3.5,0.8,1.2,0.08,,0.4
2019-07-05,,,,,,124.25,98.95,1.6,3.5,0.8,1.2,0.08,,0.38
2019-07-06,,,,,,,,,,,,,,
2019-07-07,,,,,,,,,,,,,,
2019-07-08,,,,,,127.75,102.95,1.6,3.5,0.8,1.2,0.08,,0.38
2019-07-09,,,,,,132.6,106.95,1.6,3.5,0.8,1.2,0.08,,0.38
2019-07-10,,,,,,130.7,105.15,1.6,3.5,0.8,1.2,0.08,,0.365
2019-07-11,,,,,,127.75,103.9,1.6,3.5,0.8,1.2,0.08,,0.36
2019-07-12,,,,,,127.05,104.35,1.6,3.5,0.8,1.2,0.08,,0.36
2019-07-13,,,,,,,,,,,,,,
2019-07-14,,,,,,,,,,,,,,
2019-07-15,,,,,,129.9,106.8,,3.2,0.8,1.2,0.08,,0.35
2019-07-16,,,,,,130.7,106.75,1.6,3.2,0.8,1.2,0.08,,0.281
2019-07-17,,,,,,129.2,106.1,1.6,3.2,0.8,1.2,0.08,,0.2402
2019-07-18,,,,,,127.95,105.0,1.6,3.2,0.8,1.2,0.57,,0.24
2019-07-19,,,,,,130.0,108.2,1.6,3.2,0.8,1.2,0.57,,0.23
2019-07-20,,,,,,,,,,,,,,
2019-07-21,,,,,,,,,,,,,,
2019-07-22,,,,,,126.25,105.7,1.6,3.2,0.8,1.2,0.3,,0.23
2019-07-23,,,,,,126.25,104.95,1.6,3.2,0.8,1.2,0.47,,0.2099
2019-07-24,,,,,,123.25,102.85,1.6,3.2,0.8,1.2,0.47,,0.205
2019-07-25,,,,,,125.0,101.95,1.6,3.2,0.8,1.2,0.47,,0.205
2019-07-26,,,,,,126.75,106.45,,3.2,0.8,1.2,0.47,,0.205
2019-07-27,,,,,,,,,,,,,,
2019-07-28,,,,,,,,,,,,,,
2019-07-29,,,,,,126.45,105.65,1.6,3.2,0.8,1.2,0.63,,0.205
2019-07-30,,,,,,129.15,108.55,1.6,3.2,0.8,1.2,0.63,,0.2
2019-07-31,,,,,,126.35,107.85,1.6,3.2,0.8,1.2,0.97,,0.2
2019-08-01,,,,,,121.9,100.0,1.6,2.0,1.0,1.2,1.3,,0.18
2019-08-02,,,,,,116.45,96.3,1.6,1.0,1.0,1.2,1.6,,0.17
2019-08-03,,,,,,,,,,,,,,
2019-08-04,,,,,,,,,,,,,,
2019-08-05,,,,,,107.15,89.7,1.6,1.0,1.0,1.2,1.6,,0.17
2019-08-06,,,,,,105.9,87.05,1.6,1.0,1.0,1.2,1.53,,0.17
2019-08-07,,,,,,101.3,83.35,,1.0,1.0,1.2,1.53,,0.17
2019-08-08,,,,,,103.3,84.5,1.6,1.0,1.5,1.5,1.53,,0.16
2019-08-09,,,,,,,,1.6,,,,,,
2019-08-10,,,,,,,,,,,,,,
2019-08-11,,,,,,,,,,,,,,
2019-08-12,,,,,,,,1.6,,,,,,
2019-08-13,,,,,,97.0,80.75,1.6,1.2,1.5,1.5,1.53,,0.155
2019-08-14,,,,,,98.85,82.7,1.6,1.2,1.5,1.5,1.53,,0.155
2019-08-15,,,,,,97.3,80.9,1.6,1.2,1.5,1.5,1.53,,0.155
2019-08-16,,,,,,98.05,81.4,1.6,0.8,1.5,1.5,1.53,,0.15
2019-08-17,,,,,,,,,,,,,,
2019-08-18,,,,,,,,,,,,,,
2019-08-19,,,,,,95.75,78.5,1.6,0.8,1.5,1.5,1.53,,0.14
2019-08-20,,,,,,95.5,78.45,1.6,0.8,1.5,1.5,1.53,,0.14
2019-08-21,,,,,,90.05,72.85,1.6,0.8,1.5,1.5,1.53,,0.13
2019-08-22,,,,,,92.05,74.9,1.6,0.8,1.5,1.5,1.53,,0.125
2019-08-23,,,,,,96.0,78.55,1.6,0.8,1.5,1.5,1.53,,0.125
2019-08-24,,,,,,,,,,,,,,
2019-08-25,,,,,,,,,,,,,,
2019-08-26,,,,,,93.5,75.6,1.6,0.8,1.5,1.5,1.53,,0.12
2019-08-27,,,,,,90.6,73.25,1.6,0.8,1.6,1.5,1.53,,0.12
2019-08-28,,,,,,91.0,71.6,1.45,0.8,1.7,1.7,1.53,,0.12
2019-08-29,,,,,,88.95,70.75,1.6,0.8,1.7,1.7,1.53,,0.12
2019-08-30,,,,,,93.35,74.25,1.6,0.4,1.8,1.7,1.47,,0.12
2019-08-31,,,,,,,,,,,,,,
2019-09-01,,,,,,,,,,,,,,
2019-09-02,,,,,,97.9,76.65,1.6,0.2,1.8,1.8,1.47,,0.11
2019-09-03,,,,,,95.5,75.45,1.6,0.2,2.0,2.0,1.47,,0.1
2019-09-04,,,,,,97.1,77.55,1.45,0.2,2.0,2.0,1.47,,0.095
2019-09-05,,,,,,95.8,76.45,1.45,0.2,2.0,2.0,1.47,,0.095
2019-09-06,,,,,,93.7,75.05,1.45,0.2,2.0,2.0,1.47,,0.095
2019-09-07,,,,,,,,,,,,,,
2019-09-08,,,,,,,,,,,,,,
2019-09-09,,,,,,97.55,78.45,1.45,0.2,2.0,2.0,1.33,,0.1
2019-09-10,,,,,,99.45,78.25,1.45,0.8,2.0,2.0,1.33,,0.118
2019-09-11,,,,,,101.75,79.95,1.45,0.8,2.0,2.0,1.33,,0.126
2019-09-12,,,,,,104.35,83.9,1.45,1.2,2.0,2.0,1.33,,0.126
2019-09-13,,,,,,104.6,85.0,,1.2,2.0,2.0,1.33,,0.126
2019-09-14,,,,,,,,,,,,,,
2019-09-15,,,,,,,,,,,,,,
2019-09-16,,,,,,103.25,84.6,1.45,1.2,2.0,2.0,1.33,,0.126
2019-09-17,,,,,,102.0,83.45,1.45,1.2,2.0,2.0,1.33,,0.126
2019-09-18,,,,,,101.6,82.95,1.45,1.2,2.0,2.0,1.33,,0.126
2019-09-19,,,,,,97.5,79.5,1.45,1.2,2.0,2.0,1.33,,0.126
2019-09-20,,,,,,97.1,79.25,1.45,1.2,2.0,2.0,1.33,,0.126
2019-09-21,,,,,,,,,,,,,,
2019-09-22,,,,,,,,,,,,,,
2019-09-23,,,,,,99.15,80.65,1.45,1.2,2.0,2.0,1.33,,0.1135
2019-09-24,,,,,,95.6,77.95,1.45,1.2,2.0,2.0,1.33,,0.13
2019-09-25,,,,,,95.6,77.75,1.45,1.2,2.0,2.0,1.33,,0.14
2019-09-26,,,,,,97.2,79.35,1.45,1.2,2.0,2.0,1.33,,0.145
2019-09-27,,,,,,97.5,79.6,1.45,1.2,2.0,2.0,1.33,,0.1955
2019-09-28,,,,,,97.5,79.6,,,,,,,
2019-09-29,,,,,,,,1.45,,,,,,
2019-09-30,,,,,,99.2,82.25,1.45,1.2,2.0,2.0,1.33,,0.1955
2019-10-01,,,,,,99.9,79.5,,1.2,1.8,1.8,1.33,,0.19
2019-10-02,,,,,,99.9,79.5,,1.2,1.8,1.8,1.33,,0.19
2019-10-03,,,,,,99.9,79.25,,1.2,1.8,1.8,1.33,,0.19
2019-10-04,,,,,,99.9,79.2,,1.2,1.8,1.8,1.33,,0.19
2019-10-05,,,,,,,,,,,,,,
2019-10-06,,,,,,,,,,,,,,
2019-10-07,,,,,,99.9,79.35,,1.2,1.8,1.8,1.33,,0.19
2019-10-08,,,,,,101.0,80.4,1.45,1.2,1.8,1.8,1.33,,0.19
2019-10-09,,,,,,97.2,77.35,1.45,0.7,2.1,2.1,1.6,,0.19
2019-10-10,,,,,,99.9,79.6,1.45,0.7,2.1,2.1,1.6,,0.21
2019-10-11,,,,,,99.15,79.3,1.45,1.3,1.5,2.1,1.6,,0.21
2019-10-12,,,,,,,,1.45,,,,,,
2019-10-13,,,,,,,,,,,,,,
2019-10-14,,,,,,98.5,77.5,1.45,1.3,1.5,2.1,1.6,,0.23
2019-10-15,,,,,,99.05,78.65,1.45,0.7,1.5,2.1,1.53,,0.22
2019-10-16,,,,,,94.1,74.6,1.45,0.7,1.5,2.1,1.53,,0.21
2019-10-17,,,,,,92.95,74.15,1.45,1.2,1.5,2.1,1.3,,0.21
2019-10-18,,,,,,92.7,73.95,1.45,1.2,1.5,2.1,1.3,,0.21
2019-10-19,,,,,,,,,,,,,,
2019-10-20,,,,,,,,,,,,,,
2019-10-21,,,,,,92.05,71.0,1.45,1.2,1.5,2.1,1.3,,0.21
2019-10-22,,,,,,93.0,72.5,1.45,1.2,1.5,2.1,1.3,,0.21
2019-10-23,,,,,,93.95,72.5,1.45,1.2,1.5,2.1,1.2,,0.21
2019-10-24,,,,,,94.05,72.5,1.45,0.7,1.5,2.1,1.2,,0.21
2019-10-25,,,,,,94.65,72.5,1.45,0.7,1.5,2.1,1.2,,0.185
2019-10-26,,,,,,,,,,,,,,
2019-10-27,,,,,,,,,,,,,,
2019-10-28,,,,,,,,1.45,,,,,,
2019-10-29,,,,,,92.5,71.35,1.45,0.7,1.5,2.1,1.2,,0.1924
2019-10-30,,,,,,92.35,71.0,1.45,1.0,1.5,2.1,1.2,,0.19
2019-10-31,,,,,,92.0,70.15,1.45,1.0,1.5,2.1,1.2,,0.19
2019-11-01,,,,,,93.0,70.9,1.45,1.3,1.5,2.1,1.33,,0.19
2019-11-02,,,,,,,,,,,,,,
2019-11-03,,,,,,,,,,,,,,
2019-11-04,,,,,,90.7,69.15,1.45,1.5,1.5,2.1,1.17,,0.19
2019-11-05,,,,,,90.7,66.65,1.45,1.5,1.5,2.1,1.17,,0.19
2019-11-06,,,,,,92.4,67.2,1.45,1.5,1.5,2.1,1.17,,0.2
2019-11-07,,,,,,92.4,66.3,1.45,1.7,1.5,2.1,1.03,,0.2
2019-11-08,,,,,,89.8,64.3,1.45,1.7,1.5,2.1,1.03,,0.205
2019-11-09,,,,,,,,,,,,,,
2019-11-10,,,,,,,,,,,,,,
2019-11-11,,,,,,88.35,63.25,1.45,1.7,1.5,2.1,1.03,,0.205
2019-11-12,,,,,,90.9,64.95,1.45,1.7,1.5,2.1,1.03,,0.205
2019-11-13,,,,,,91.05,63.5,1.45,1.7,1.5,2.1,1.03,,0.2
2019-11-14,,,,,,93.3,65.0,1.45,1.7,1.5,2.1,1.03,,0.2145
2019-11-15,,,,,,95.75,65.0,1.45,1.7,1.5,2.1,1.03,,0.215
2019-11-16,,,,,,,,,,,,,,
2019-11-17,,,,,,,,,,,,,,
2019-11-18,,,,,,96.6,64.3,1.4,1.7,1.5,2.1,1.03,,0.215
2019-11-19,,,,,,97.35,64.3,1.4,1.7,1.5,2.1,1.03,,0.21
2019-11-20,,,,,,98.15,65.0,1.4,1.7,1.5,2.1,1.03,,0.21
2019-11-21,,,,,,99.15,65.0,1.4,1.85,1.5,2.1,1.23,,0.228
2019-11-22,,,,,,100.1,65.0,1.4,1.85,1.5,2.1,1.23,,0.228
2019-11-23,,,,,,,,,,,,,,
2019-11-24,,,,,,,,,,,,,,
2019-11-25,,,,,,102.75,65.5,1.4,1.85,1.5,2.1,1.57,,0.228
2019-11-26,,,,,,101.0,64.5,1.4,1.85,1.5,2.1,1.57,,0.23
2019-11-27,,,,,,99.0,63.5,1.4,1.85,1.5,2.1,1.57,,0.23
2019-11-28,,,,,,99.75,63.5,1.4,2.0,1.5,2.1,1.57,,0.23
2019-11-29,,,,,,99.25,62.8,1.4,2.0,1.5,2.1,1.57,,0.23
2019-11-30,,,,,,,,,,,,,,
2019-12-01,,,,,,,,,,,,,,
2019-12-02,,,,,,100.75,65.8,1.4,2.0,1.5,2.1,1.57,,0.235
2019-12-03,,,,,,99.5,65.8,1.4,2.0,1.5,2.1,1.57,,0.235
2019-12-04,,,,,,100.5,67.35,1.4,2.0,1.5,2.1,1.57,,0.256
2019-12-05,,,,,,100.2,67.35,1.4,1.8,1.5,2.1,1.57,,0.264
2019-12-06,,,,,,100.9,67.55,1.4,1.8,1.5,2.1,1.57,,0.26
2019-12-07,,,,,,,,,,,,,,
2019-12-08,,,,,,,,,,,,,,
2019-12-09,,,,,,105.85,72.4,1.4,1.8,1.5,2.1,1.57,,0.255
2019-12-10,,,,,,104.15,72.0,1.4,1.8,1.5,2.1,1.57,,0.25
2019-12-11,,,,,,105.35,72.0,1.4,1.8,1.5,2.1,1.57,,0.25
2019-12-12,,,,,,104.8,70.4,1.4,1.8,1.5,2.1,1.57,,0.25
2019-12-13,,,,,,105.45,70.4,1.4,1.8,1.5,2.1,1.57,,0.26
2019-12-14,,,,,,,,,,,,,,
2019-12-15,,,,,,,,,,,,,,
2019-12-16,,,,,,104.9,70.4,1.4,2.0,1.5,2.1,1.57,,0.26
2019-12-17,,,,,,104.1,70.4,1.4,2.0,1.5,2.1,1.57,,0.255
2019-12-18,,,,,,103.3,69.9,1.4,2.3,1.5,2.1,1.57,,0.25
2019-12-19,,,,,,104.7,70.4,1.4,2.3,1.5,2.1,1.57,,0.2495
2019-12-20,,,,,,102.2,69.4,1.4,2.5,1.1,1.5,1.77,,0.2495
2019-12-21,,,,,,,,,,,,,,
2019-12-22,,,,,,,,,,,,,,
2019-12-23,,,,,,102.4,70.35,1.4,2.5,1.1,1.5,1.77,,0.2495
2019-12-24,,,,,,102.15,70.35,1.4,2.5,1.1,1.5,1.77,,0.245
2019-12-25,,,,,,,,1.4,,,,,,
2019-12-26,,,,,,101.0,69.85,1.4,2.5,1.1,1.5,1.77,,0.24
2019-12-27,,,,,,102.5,70.55,1.4,2.9,1.0,1.5,1.77,,0.24
2019-12-28,,,,,,,,,,,,,,
2019-12-29,,,,,,,,,,,,,,
2019-12-30,,,,,,102.75,70.85,1.4,2.9,1.0,1.5,1.77,,0.235
2019-12-31,,,,,,103.95,71.1,1.4,2.9,1.0,1.5,1.77,,0.235
2020-01-01,,,,,,103.95,71.1,,,,,,,
2020-01-02,,,,,,105.2,71.95,1.4,2.9,1.0,1.5,1.77,,0.235
2020-01-03,,,,,,106.2,72.4,1.4,2.9,1.0,1.5,1.77,,0.235
2020-01-04,,,,,,,,,,,,,,
2020-01-05,,,,,,,,,,,,,,
2020-01-06,,,,,,106.3,72.5,1.4,3.3,1.0,1.5,1.77,,0.235
2020-01-07,,,,,,106.5,72.5,1.4,3.5,1.0,1.5,1.77,,0.235
2020-01-08,,,,,,108.15,73.6,1.4,3.5,1.0,1.5,1.63,,0.2535
2020-01-09,,,,,,105.9,71.0,1.4,3.5,1.0,1.5,1.63,,0.25
2020-01-10,,,,,,105.75,70.75,1.4,3.5,1.0,1.5,1.63,,0.2645
2020-01-11,,,,,,,,,,,,,,
2020-01-12,,,,,,,,,,,,,,
2020-01-13,,,,,,107.0,71.85,1.4,3.5,1.0,1.5,1.47,,0.2645
2020-01-14,,,,,,109.15,72.3,1.4,3.5,1.0,1.5,1.47,,0.2645
2020-01-15,,,,,,108.8,72.2,1.4,3.5,1.0,1.5,1.47,,0.26
2020-01-16,,,,,,108.75,72.15,1.4,3.8,1.0,1.5,1.47,,0.26
2020-01-17,,,,,,,,1.4,3.8,1.0,1.5,1.47,,0.26
2020-01-18,,,,,,109.25,73.75,,,,,,,
2020-01-19,,,,,,,,1.4,,,,,,
2020-01-20,,,,,,,,,3.8,1.0,1.5,1.47,,0.2605
2020-01-21,,,,,,,,,3.8,1.0,1.5,1.47,,0.2605
2020-01-22,,,,,,,,,3.8,1.0,1.5,1.47,,0.26
2020-01-23,,,,,,,,,3.8,1.0,1.5,1.47,,0.26
2020-01-24,,,,,,,,,3.8,1.0,1.5,1.47,,0.26
2020-01-25,,,,,,,,,,,,,,
2020-01-26,,,,,,,,,,,,,,
2020-01-27,,,,,,,,,,,,,,
2020-01-28,,,,,,,,,3.8,1.0,1.5,1.47,,0.26
2020-01-29,,,,,,,,,3.8,1.0,1.5,1.47,,0.26
2020-01-30,,,,,,,,,3.8,1.0,1.5,1.47,,0.255
2020-01-31,,,,,,98.0,64.55,,3.8,1.0,1.5,1.47,,0.255
2020-02-01,,,,,,,,,,,,,,
2020-02-02,,,,,,,,,,,,,,
2020-02-03,,,,,,94.8,62.35,1.4,3.8,1.0,1.5,1.47,,0.255
2020-02-04,,,,,,98.05,65.35,1.4,3.8,1.0,1.5,1.4,,0.2655
2020-02-05,,,,,,95.55,62.55,1.4,3.8,1.0,1.5,1.4,,0.2655
2020-02-06,,,,,,97.15,63.1,1.4,3.8,1.0,1.5,1.4,,0.2655
2020-02-07,,,,,,97.65,63.1,1.4,3.8,1.0,1.5,1.4,,0.2655
2020-02-08,,,,,,,,,,,,,,
2020-02-09,,,,,,,,,,,,,,
2020-02-10,,,,,,96.7,63.1,1.4,3.8,1.0,1.5,1.4,,0.2655
2020-02-11,,,,,,101.05,63.55,1.4,3.8,1.0,1.5,1.4,,0.2655
2020-02-12,,,,,,103.5,64.6,1.4,3.8,1.0,1.5,1.4,,0.27
2020-02-13,,,,,,103.7,64.6,1.4,3.8,1.0,1.5,1.4,,0.27
2020-02-14,,,,,,103.7,64.6,1.4,,,,,,0.27
2020-02-15,,,,,,,,,,,,,,
2020-02-16,,,,,,,,,,,,,,
2020-02-17,,,,,,105.45,65.1,1.4,3.8,1.0,1.5,1.4,,0.27
2020-02-18,,,,,,104.5,64.65,1.4,3.8,1.0,1.5,1.4,,0.27
2020-02-19,,,,,,104.15,64.65,1.4,3.8,1.0,1.5,1.4,,0.27
2020-02-20,,,,,,106.1,65.9,1.4,3.8,1.0,1.5,1.4,,0.27
2020-02-21,,,,,,106.8,65.9,1.4,3.8,1.0,1.5,1.4,,0.275
2020-02-22,,,,,,,,,,,,,,
2020-02-23,,,,,,,,,,,,,,
2020-02-24,,,,,,106.2,65.1,1.4,3.8,1.0,1.5,1.4,,0.275
2020-02-25,,,,,,105.1,64.1,1.4,3.8,1.0,1.5,1.3,,0.275
2020-02-26,,,,,,102.35,64.85,1.4,3.8,1.0,1.5,1.3,,0.275
2020-02-27,,,,,,100.4,63.6,1.4,3.8,1.0,1.5,1.3,,0.28
2020-02-28,,,,,,98.9,63.6,1.4,3.8,1.0,1.5,1.3,,0.302
2020-02-29,,,,,,,,,,,,,,
2020-03-01,,,,,,,,,,,,,,
2020-03-02,,,,,,103.85,66.5,1.4,3.8,1.0,1.5,1.3,,0.302
2020-03-03,,,,,,102.85,65.4,1.4,3.8,1.0,1.5,1.3,,0.305
2020-03-04,,,,,,105.95,66.85,1.4,3.6,1.0,1.5,1.3,,0.3215
2020-03-05,,,,,,106.9,66.85,1.4,3.6,1.3,1.5,1.3,,0.3215
2020-03-06,,,,,,104.5,66.85,1.4,3.6,1.3,1.5,1.3,,0.315
2020-03-07,,,,,,,,,,,,,,
2020-03-08,,,,,,,,,,,,,,
2020-03-09,,,,,,102.2,65.25,1.4,3.6,1.3,1.5,1.3,,0.315
2020-03-10,,,,,,106.4,68.2,1.4,3.9,1.3,1.5,1.3,,0.315
2020-03-11,,,,,,104.35,66.85,1.4,3.9,1.3,1.5,1.3,,0.315
2020-03-12,,,,,,105.1,66.3,1.4,3.9,1.3,1.5,1.17,,0.315
2020-03-13,,,,,,106.0,66.35,1.4,3.9,1.3,1.5,1.17,,0.315
2020-03-14,,,,,,,,,,,,,,
2020-03-15,,,,,,,,,,,,,,
2020-03-16,,,,,,105.05,66.2,1.4,3.9,1.3,1.5,1.17,,0.315
2020-03-17,,,,,,105.75,66.35,1.4,3.9,1.3,1.5,1.17,,0.315
2020-03-18,,,,,,105.75,65.35,1.4,4.1,1.3,1.5,1.17,,0.315
2020-03-19,,,,,,105.5,65.35,1.4,4.1,1.3,1.5,1.17,,0.315
2020-03-20,,,,,,101.55,63.65,1.4,4.1,1.3,1.5,1.13,,0.31
2020-03-21,,,,,,,,,,,,,,
2020-03-22,,,,,,,,,,,,,,
2020-03-23,,,,,,95.2,59.3,1.4,4.1,1.3,1.5,1.13,,0.31
2020-03-24,,,,,,99.3,62.1,1.4,4.1,1.3,1.5,1.13,,0.31
2020-03-25,,,,,,102.05,63.95,1.4,4.1,1.3,1.5,1.13,,0.302
2020-03-26,,,,,,100.95,63.2,1.4,4.1,1.3,1.5,1.07,,0.296
2020-03-27,,,,,,100.9,63.15,1.4,4.1,1.3,1.5,1.07,,0.289
2020-03-28,,,,,,,,,,,,,,
2020-03-29,,,,,,,,,,,,,,
2020-03-30,,,,,,97.55,60.9,1.4,4.1,1.3,1.5,1.07,,0.285
2020-03-31,,,,,,98.7,61.7,1.4,4.1,1.3,1.5,1.07,,0.285
2020-04-01,,,,,,97.0,60.55,1.4,4.1,1.3,1.5,1.07,,0.282
2020-04-02,,,,,,98.5,61.55,1.4,4.1,1.3,1.5,1.07,,0.275
2020-04-03,,,,,,,,1.4,4.1,1.3,1.5,1.07,,0.232
2020-04-04,,,,,,,,,,,,,,
2020-04-05,,,,,,,,,,,,,,
2020-04-06,,,,,,97.55,60.9,,4.1,1.3,1.5,1.07,,0.217
2020-04-07,,,,,,96.45,60.5,1.35,4.1,1.3,1.5,0.87,,0.215
2020-04-08,,,,,,97.8,61.4,1.35,4.1,1.3,1.5,0.73,,0.215
2020-04-09,,,,,,98.05,61.55,1.35,4.1,1.3,1.5,0.73,,0.215
2020-04-10,,,,,,,,1.35,,,,,,
2020-04-11,,,,,,,,,,,,,,
2020-04-12,,,,,,,,,,,,,,
2020-04-13,,,,,,100.2,62.7,,4.1,1.3,1.5,0.73,,0.215
2020-04-14,,,,,,101.1,63.3,1.35,4.1,1.3,1.5,0.73,,0.215
2020-04-15,,,,,,100.85,64.3,1.35,4.1,1.3,1.5,0.73,,0.2285
2020-04-16,,,,,,99.5,63.35,1.35,4.1,1.3,1.5,0.73,,0.2285
2020-04-17,,,,,,100.45,64.05,1.35,4.1,1.3,1.5,0.73,,0.2285
2020-04-18,,,,,,,,,,,,,,
2020-04-19,,,,,,,,,,,,,,
2020-04-20,,,,,,101.2,64.85,1.35,4.1,1.3,1.5,0.73,,0.225
2020-04-21,,,,,,98.6,62.75,1.35,4.1,1.3,1.5,0.73,,0.225
2020-04-22,,,,,,99.2,63.45,1.35,4.1,1.3,1.5,0.73,,0.225
2020-04-23,,,,,,99.2,63.1,1.35,4.1,1.3,1.5,0.73,,0.219
2020-04-24,,,,,,,,1.35,4.1,1.3,1.5,0.73,,0.192
2020-04-25,,,,,,99.4,63.25,,,,,,,
2020-04-26,,,,,,,,1.35,,,,,,
2020-04-27,,,,,,101.0,62.9,1.35,4.1,1.3,1.5,0.73,,0.1885
2020-04-28,,,,,,100.0,64.15,1.35,4.1,1.3,1.5,0.73,,0.1885
2020-04-29,,,,,,100.2,64.3,1.35,4.1,1.3,1.5,0.73,,0.1885
2020-04-30,,,,,,,,1.35,4.1,1.3,1.5,0.73,,0.1885
2020-05-01,,,,,,,,,,,,,,
2020-05-02,,,,,,,,,,,,,,
2020-05-03,,,,,,,,,,,,,,
2020-05-04,,,,,,,,,4.1,1.3,1.5,0.73,,0.1885
2020-05-05,,,,,,101.55,68.6,,4.1,1.3,1.5,0.73,,0.1885
2020-05-06,,,,,,101.8,69.0,1.35,4.1,1.3,1.5,0.73,,0.1885
2020-05-07,,,,,,,,1.35,,,,,,
2020-05-08,,,,,,106.05,71.05,1.35,4.1,1.3,1.5,0.73,,0.1925
2020-05-09,,,,,,,,1.35,,,,,,
2020-05-10,,,,,,,,,,,,,,
2020-05-11,,,,,,105.45,71.3,1.35,4.7,1.3,1.5,0.6,,0.1925
2020-05-12,,,,,,107.75,74.45,1.35,5.2,1.3,1.5,0.37,,0.1925
2020-05-13,,,,,,108.3,75.0,1.35,5.2,1.3,1.5,0.37,,0.1985
2020-05-14,,,,,,108.3,75.0,1.35,5.2,1.3,1.5,0.37,,0.1985
2020-05-15,,,,,,110.8,77.25,1.35,5.2,1.3,1.5,0.37,,0.1985
2020-05-16,,,,,,,,,,,,,,
2020-05-17,,,,,,,,,,,,,,
2020-05-18,,,,,,113.15,77.8,1.35,5.2,1.3,1.5,0.37,,0.193
2020-05-19,,,,,,114.95,81.2,1.35,5.2,1.3,1.5,0.37,,0.17
2020-05-20,,,,,,113.1,78.4,1.5,5.2,1.3,1.5,0.37,,0.1625
2020-05-21,,,,,,114.2,80.1,1.5,5.2,1.3,1.5,0.37,,0.16
2020-05-22,,,,,,112.85,81.9,1.5,5.2,1.3,1.5,0.37,,0.14
2020-05-23,,,,,,,,,,,,,,
2020-05-24,,,,,,,,,,,,,,
2020-05-25,,,,,,,,1.55,,,,,,
2020-05-26,,,,,,110.6,78.75,1.55,5.2,1.3,1.5,0.37,,0.1485
2020-05-27,,,,,,110.6,79.3,1.55,5.2,1.3,1.5,0.37,,0.15
2020-05-28,,,,,,111.9,79.3,1.55,5.2,1.3,1.5,0.5,,0.15
2020-05-29,,,,,,115.4,80.5,1.55,5.2,1.3,1.5,0.5,,0.152
2020-05-30,,,,,,,,,,,,,,
2020-05-31,,,,,,,,,,,,,,
2020-06-01,,,,,,115.0,84.05,1.55,5.2,1.3,1.5,0.5,,0.152
2020-06-02,,,,,,115.75,85.3,1.55,5.2,1.3,1.5,0.5,,0.152
2020-06-03,,,,,,114.8,85.0,1.55,5.2,1.3,1.5,0.5,,0.155
2020-06-04,,,,,,114.85,84.25,1.55,5.2,1.3,1.5,0.5,,0.155
2020-06-05,,,,,,115.95,85.0,1.55,5.0,1.3,1.5,0.5,,0.152
2020-06-06,,,,,,,,,,,,,,
2020-06-07,,,,,,,,,,,,,,
2020-06-08,,,,,,120.05,88.0,1.55,5.0,1.3,1.5,0.5,,0.145
2020-06-09,,,,,,118.55,88.0,1.6,5.0,1.3,1.5,0.5,,0.145
2020-06-10,,,,,,117.25,87.0,1.6,5.0,1.3,1.5,0.4,,0.14
2020-06-11,,,,,,116.95,86.85,1.6,5.0,1.3,1.5,0.4,,0.138
2020-06-12,,,,,,117.85,88.0,1.6,5.0,1.3,1.5,0.4,,0.131
2020-06-13,,,,,,,,,,,,,,
2020-06-14,,,,,,,,,,,,,,
2020-06-15,,,,,,115.95,89.5,1.6,5.0,1.3,1.5,0.23,,0.12
2020-06-16,,,,,,117.95,89.0,1.6,5.0,1.3,1.5,0.23,,0.12
2020-06-17,,,,,,116.1,88.05,1.6,5.0,1.3,1.5,0.23,,0.115
2020-06-18,,,,,,115.5,87.5,1.6,5.0,1.3,1.5,0.4,,0.11
2020-06-19,,,,,,115.5,87.5,1.6,5.0,1.3,1.5,0.4,,0.108
2020-06-20,,,,,,,,,,,,,,
2020-06-21,,,,,,,,,,,,,,
2020-06-22,,,,,,114.0,86.8,1.6,5.0,1.3,1.5,0.4,,0.108
2020-06-23,,,,,,115.0,87.8,1.6,5.0,1.0,1.5,0.7,,0.115
2020-06-24,,,,,,,,1.6,5.0,1.0,1.5,0.83,,0.1125
2020-06-25,,,,,,,,,5.0,1.0,1.1,0.83,,0.1125
2020-06-26,,,,,,,,,5.0,1.0,1.1,0.83,,0.1125
2020-06-27,,,,,,116.85,89.55,,,,,,,
2020-06-28,,,,,,,,1.6,,,,,,
2020-06-29,,,,,,112.2,86.5,1.6,5.0,1.0,1.1,0.83,,0.1125
2020-06-30,,,,,,113.55,88.75,1.6,5.0,1.0,1.1,0.83,,0.11
2020-07-01,,,,,,112.75,88.0,1.6,5.0,1.0,1.1,0.83,,0.105
2020-07-02,,,,,,112.45,86.8,1.6,4.85,1.0,1.1,0.83,,0.105
2020-07-03,,,,,,113.2,86.0,1.6,4.85,1.0,1.1,0.83,,0.105
2020-07-04,,,,,,,,,,,,,,
2020-07-05,,,,,,,,,,,,,,
2020-07-06,,,,,,116.5,86.65,1.6,4.85,1.0,1.1,0.83,,0.105
2020-07-07,,,,,,116.5,88.3,1.6,4.85,1.0,1.1,0.6,,0.12
2020-07-08,,,,,,117.5,90.0,1.6,4.85,1.0,1.1,0.6,,0.101
2020-07-09,,,,,,117.65,90.0,1.6,4.85,1.0,1.1,0.8,,0.113
2020-07-10,,,,,,,,1.75,,,,,,
2020-07-11,,,,,,,,,,,,,,
2020-07-12,,,,,,,,,,,,,,
2020-07-13,,,,,,122.0,93.0,1.75,3.1,1.0,1.1,0.87,,0.105
2020-07-14,,,,,,122.0,93.0,1.75,3.1,1.0,1.1,0.87,,0.098
2020-07-15,,,,,,123.4,93.0,1.75,3.1,1.0,1.1,0.87,,0.0895
2020-07-16,,,,,,121.05,92.0,1.75,3.1,1.0,1.1,0.87,,0.091
2020-07-17,,,,,,121.5,93.8,1.75,3.1,1.0,1.1,0.87,,0.066
2020-07-18,,,,,,,,,,,,,,
2020-07-19,,,,,,,,,,,,,,
2020-07-20,,,,,,121.35,93.6,1.85,3.1,1.0,1.1,0.87,,0.0595
2020-07-21,,,,,,122.0,94.5,1.85,3.1,1.0,1.1,0.87,,0.06
2020-07-22,,,,,,121.4,93.0,1.85,3.1,1.0,1.1,0.87,,0.06
2020-07-23,,,,,,121.7,93.8,1.85,3.1,1.0,1.1,1.0,,0.058
2020-07-24,,,,,,120.05,92.3,1.85,3.1,1.0,1.1,1.0,,0.055
2020-07-25,,,,,,,,,,,,,,
2020-07-26,,,,,,,,,,,,,,
2020-07-27,,,,,,119.0,91.5,1.85,3.1,1.0,1.1,1.0,,0.055
2020-07-28,,,,,,119.0,91.6,1.8,3.1,1.0,1.1,1.0,,0.055
2020-07-29,,,,,,121.0,93.9,1.8,3.1,1.0,1.1,1.0,,0.055
2020-07-30,,,,,,121.0,94.0,1.8,3.1,1.0,1.1,1.0,,0.055
2020-07-31,,,,,,,,1.8,,,,,,
2020-08-01,,,,,,,,,,,,,,
2020-08-02,,,,,,,,,,,,,,
2020-08-03,,,,,,124.95,96.0,1.8,3.1,1.0,1.1,1.0,,0.052
2020-08-04,,,,,,126.0,97.2,1.8,2.0,1.0,1.1,1.43,,0.05
2020-08-05,,,,,,126.0,98.5,1.8,2.0,1.0,1.1,1.43,,0.048
2020-08-06,,,,,,127.5,101.0,1.8,2.0,1.0,1.1,1.43,,0.045
2020-08-07,,,,,,126.95,99.4,1.95,2.0,1.0,1.1,1.43,,0.04
2020-08-08,,,,,,,,,,,,,,
2020-08-09,,,,,,,,,,,,,,
2020-08-10,,,,,,,,2.0,,,,,,
2020-08-11,,,,,,128.5,101.25,1.95,1.8,1.0,1.1,1.57,,0.038
2020-08-12,,,,,,128.95,101.65,1.95,1.0,1.0,1.1,1.43,,0.038
2020-08-13,,,,,,127.6,101.1,1.95,1.0,1.0,1.1,1.43,,0.048
2020-08-14,,,,,,128.6,101.9,2.0,1.0,1.0,1.1,1.43,,0.048
2020-08-15,,,,,,,,,,,,,,
2020-08-16,,,,,,,,,,,,,,
2020-08-17,,,,,,128.75,101.9,2.0,1.0,1.0,1.1,1.53,,0.048
2020-08-18,,,,,,135.45,107.7,2.0,1.0,1.0,1.1,1.53,,0.04
2020-08-19,,,,,,137.05,109.0,2.0,1.0,1.0,1.1,1.53,,0.04
2020-08-20,,,,,,136.65,108.6,2.0,1.0,1.0,1.1,1.53,,0.04
2020-08-21,,,,,,134.9,107.25,2.0,1.0,1.0,1.1,1.53,,0.04
2020-08-22,,,,,,,,,,,,,,
2020-08-23,,,,,,,,,,,,,,
2020-08-24,,,,,,132.5,105.2,2.1,1.0,1.0,1.1,1.53,,0.04
2020-08-25,,,,,,130.5,101.0,2.1,1.0,1.0,1.1,1.53,,0.04
2020-08-26,,,,,,135.75,105.5,2.05,1.0,1.0,1.1,1.53,,0.04
2020-08-27,,,,,,134.2,103.5,2.05,1.0,1.0,1.1,1.53,,0.038
2020-08-28,,,,,,134.2,105.9,2.05,1.0,1.0,1.1,1.53,,0.038
2020-08-29,,,,,,152.0,97.1,,,,,,,
2020-08-30,,,,,,,,,,,,,,
2020-08-31,137.3,124.21,124.47,101.44,,136.85,107.8,2.05,1.0,1.0,1.1,1.53,,0.0485
2020-09-01,137.6,125.1,124.66,102.63,,137.95,108.4,2.05,1.0,1.0,1.1,1.77,,0.0485
2020-09-02,140.0,127.9,127.31,103.22,,140.35,108.8,2.05,1.0,1.0,1.1,1.77,,0.0485
2020-09-03,141.9,130.17,129.92,106.73,,142.8,111.0,2.05,1.0,1.0,1.1,1.77,,0.05
2020-09-04,141.1,129.22,128.8,105.73,,140.7,109.7,2.1,1.0,1.0,1.1,1.77,,0.05
2020-09-05,,,,,,,,,,,,,,
2020-09-06,,,,,,,,,,,,,,
2020-09-07,143.3,129.44,129.11,105.88,,143.1,110.75,2.1,1.0,1.0,1.1,1.97,,0.0675
2020-09-08,142.1,129.16,129.12,106.69,,142.2,110.75,2.15,1.0,1.0,1.1,1.97,,0.0675
2020-09-09,139.4,126.83,126.54,104.93,,140.4,109.2,2.15,1.0,1.0,1.1,1.97,,0.0675
2020-09-10,139.4,126.15,126.09,103.97,,139.0,109.0,2.15,1.0,1.0,1.1,1.97,,0.0675
2020-09-11,141.4,128.18,128.37,105.23,,141.3,110.5,2.15,1.0,1.0,1.1,1.97,,0.0675
2020-09-12,,,,,,,,,,,,,,
2020-09-13,,,,,,,,,,,,,,
2020-09-14,143.1,130.22,130.17,107.73,,142.5,112.0,2.15,1.0,1.0,1.1,1.7,,0.0885
2020-09-15,142.8,128.9,128.52,107.02,,140.55,112.45,2.15,1.0,1.0,1.1,1.7,,0.09
2020-09-16,137.8,124.4,124.2,103.5,,137.0,109.9,2.15,1.0,1.0,1.1,1.7,,0.0735
2020-09-17,135.0,122.59,122.36,101.78,,134.75,105.6,2.15,1.0,1.0,1.1,1.7,,0.0735
2020-09-18,137.5,125.02,124.9,107.46,,136.05,112.05,2.05,1.0,1.0,1.1,1.7,,0.0655
2020-09-19,,,,,,,,,,,,,,
2020-09-20,,,,,,,,,,,,,,
2020-09-21,133.8,120.05,119.82,103.79,,130.85,107.85,2.05,1.0,1.0,1.1,1.7,,0.0715
2020-09-22,130.3,117.74,117.3,101.85,,129.0,106.05,2.05,1.0,1.0,1.1,1.7,,0.0715
2020-09-23,127.2,115.41,113.81,98.85,,127.25,103.6,2.0,1.0,1.2,1.5,1.7,,0.075
2020-09-24,128.9,115.46,114.67,100.25,,127.4,104.2,1.95,1.0,1.2,1.5,1.7,,0.075
2020-09-25,128.0,115.74,115.21,100.43,,,,1.95,1.0,1.2,1.5,1.7,,0.075
2020-09-26,,,,,,127.4,104.4,,,,,,,
2020-09-27,,,,,,,,1.9,,,,,,
2020-09-28,128.5,116.15,116.15,98.75,,128.2,105.5,1.9,1.0,1.2,1.5,1.7,,0.075
2020-09-29,129.5,117.89,117.61,100.59,,130.45,107.5,1.9,1.0,1.2,1.5,1.7,,0.081
2020-09-30,134.4,123.49,123.47,103.76,,,,1.9,1.0,1.2,1.5,1.7,,0.082
2020-10-01,134.4,123.49,123.47,103.76,,,,,1.0,1.2,1.5,1.7,,0.082
2020-10-02,134.4,123.49,123.47,103.76,,,,,1.0,1.2,1.5,1.7,,0.082
2020-10-03,,,,,,,,,,,,,,
2020-10-04,,,,,,,,,,,,,,
2020-10-05,134.4,123.49,123.47,103.76,,,,,1.0,1.2,1.5,1.7,,0.082
2020-10-06,134.4,123.49,123.47,103.76,,,,,1.0,1.2,1.5,1.7,,0.082
2020-10-07,134.4,123.49,123.47,103.76,,,,,1.0,1.2,1.5,1.7,,0.082
2020-10-08,134.4,123.49,123.47,103.76,,136.05,109.85,,1.0,1.2,1.5,1.7,,0.082
2020-10-09,138.0,125.79,125.72,108.3,,138.25,113.3,1.95,1.0,1.2,1.5,1.7,,0.08
2020-10-10,,,,,,,,2.05,,,,,,
2020-10-11,,,,,,,,,,,,,,
2020-10-12,136.8,124.44,124.23,107.57,,136.25,111.5,2.05,1.8,1.2,1.5,1.7,,0.078
2020-10-13,133.8,121.3,121.15,104.84,,133.75,108.5,2.05,1.8,1.2,1.5,1.7,,0.078
2020-10-14,132.7,119.98,119.52,103.13,,132.85,107.7,2.05,1.8,1.2,1.5,1.7,,0.078
2020-10-15,131.7,119.04,118.7,102.61,,132.0,106.75,2.0,1.8,1.2,1.5,1.7,,0.078
2020-10-16,132.4,119.64,119.08,102.77,,132.15,106.75,2.0,1.8,1.2,1.5,1.7,,0.078
2020-10-17,,,,,,,,,,,,,,
2020-10-18,,,,,,,,,,,,,,
2020-10-19,132.3,119.9,119.53,102.94,,132.5,107.1,1.95,1.8,1.2,1.5,1.7,,0.078
2020-10-20,133.0,120.05,119.61,103.65,,132.95,107.1,1.95,1.8,1.2,1.5,1.7,,0.078
2020-10-21,133.8,120.64,120.49,104.55,,133.85,108.25,1.95,1.6,1.2,1.5,1.7,,0.078
2020-10-22,133.3,119.99,119.91,104.28,,133.2,107.9,2.0,1.6,1.2,1.5,1.7,,0.078
2020-10-23,130.1,115.7,115.6,101.59,,129.05,104.0,2.0,1.4,1.2,1.5,1.7,,0.078
2020-10-24,,,,,,,,,,,,,,
2020-10-25,,,,,,,,,,,,,,
2020-10-26,129.4,115.29,114.63,100.97,,128.5,103.6,2.0,1.4,1.2,1.5,1.7,,0.076
2020-10-27,129.8,116.01,115.13,100.31,,130.1,104.55,2.0,1.4,1.3,1.5,1.7,,0.076
2020-10-28,130.3,117.1,116.87,101.25,,130.95,105.6,1.9,1.4,1.3,1.5,1.7,,0.076
2020-10-29,129.7,116.84,116.0,101.07,,130.25,104.65,1.9,1.4,1.3,1.5,1.7,,0.07
2020-10-30,130.4,117.66,117.49,101.97,,130.8,105.6,1.95,1.4,1.3,1.5,1.7,,0.07
2020-10-31,,,,,,,,,,,,,,
2020-11-01,,,,,,,,,,,,,,
2020-11-02,130.8,118.65,118.06,103.24,,131.9,106.9,1.95,1.2,1.3,1.5,1.7,,0.068
2020-11-03,129.8,117.63,117.09,102.27,,130.4,105.3,1.95,1.2,1.3,1.5,1.7,,0.068
2020-11-04,129.1,117.0,116.91,102.5,,130.35,105.3,1.95,1.2,1.5,1.7,1.7,,0.068
2020-11-05,129.1,117.08,116.95,102.18,,129.95,105.0,1.95,1.2,1.5,1.7,1.7,,0.065
2020-11-06,130.0,118.03,117.8,103.25,,130.15,105.3,1.95,1.2,1.5,1.7,1.7,,0.065
2020-11-07,,,,,,,,,,,,,,
2020-11-08,,,,,,,,,,,,,,
2020-11-09,134.0,122.25,121.75,106.44,,133.8,108.25,1.95,1.2,1.5,1.7,1.53,,0.065
2020-11-10,134.6,122.74,122.27,108.01,,134.8,109.5,1.95,1.2,1.5,1.7,1.53,,0.065
2020-11-11,136.0,125.0,124.56,109.41,,136.15,110.45,1.95,1.2,1.5,1.7,1.4,,0.065
2020-11-12,135.0,123.74,123.74,108.41,,134.85,109.4,2.05,1.2,1.5,1.7,1.4,,0.065
2020-11-13,134.6,123.1,122.37,107.56,,134.1,108.7,2.05,1.2,1.5,1.7,1.4,,0.068
2020-11-14,,,,,,,,,,,,,,
2020-11-15,,,,,,,,,,,,,,
2020-11-16,137.0,124.35,124.07,108.58,,136.45,109.75,2.05,1.2,1.5,1.9,1.4,,0.068
2020-11-17,138.3,125.99,125.44,110.06,,138.15,110.45,2.05,1.2,1.5,1.9,1.4,,0.068
2020-11-18,138.6,126.58,126.34,110.8,,139.25,111.55,2.05,1.2,1.5,1.9,1.43,,0.07
2020-11-19,139.7,128.36,127.89,112.2,,140.05,112.9,2.1,1.2,1.5,1.9,1.43,,0.07
2020-11-20,140.5,129.29,128.83,113.19,,140.8,113.55,2.1,1.2,1.5,1.9,1.43,,0.07
2020-11-21,,,,,,,,,,,,,,
2020-11-22,,,,,,,,,,,,,,
2020-11-23,139.1,127.49,127.24,111.87,,139.75,112.0,2.1,1.2,1.5,1.9,1.43,,0.07
2020-11-24,139.0,127.67,127.42,112.57,,140.2,112.95,2.15,1.2,1.5,1.9,1.43,,0.07
2020-11-25,139.6,127.69,127.41,113.24,,140.6,113.3,2.1,1.2,1.8,2.0,1.43,,0.07
2020-11-26,141.4,128.1,128.39,114.67,,141.95,114.7,2.1,1.0,2.25,2.4,1.43,,0.07
2020-11-27,141.6,129.84,129.62,115.38,,142.7,114.85,2.1,1.0,2.35,2.45,1.43,,0.0985
2020-11-28,,,,,,,,,,,,,,
2020-11-29,,,,,,,,,,,,,,
2020-11-30,143.1,131.39,131.63,114.12,,143.8,114.9,2.15,1.0,2.35,2.45,1.37,,0.0985
2020-12-01,144.4,131.9,132.13,113.7,,144.55,115.6,2.15,1.5,2.35,2.45,1.37,,0.1
2020-12-02,148.1,135.8,136.29,114.99,,148.25,119.0,2.15,1.5,2.35,2.45,1.37,,0.1
2020-12-03,149.5,136.98,137.08,116.22,,149.8,119.8,2.2,1.5,2.35,2.45,1.37,,0.125
2020-12-04,157.0,144.36,145.01,122.83,,156.9,126.1,2.25,1.5,2.35,2.45,1.37,,0.125
2020-12-05,,,,,,,,,,,,,,
2020-12-06,,,,,,,,,,,,,,
2020-12-07,159.1,147.0,146.93,124.11,,159.05,128.35,2.25,1.7,2.35,2.45,1.37,,0.12
2020-12-08,160.4,148.17,148.35,125.01,,161.45,129.9,2.4,1.7,2.35,2.45,1.37,,0.12
2020-12-09,162.4,149.81,150.16,128.04,,162.0,130.05,2.45,1.7,2.35,2.45,1.37,,0.122
2020-12-10,170.3,156.79,156.58,134.93,,168.75,136.6,2.45,1.7,2.35,2.45,1.37,,0.122
2020-12-11,173.3,160.41,160.13,138.39,,171.2,138.75,2.5,1.7,2.35,2.45,1.37,,0.122
2020-12-12,,,,,,,,,,,,,,
2020-12-13,,,,,,,,,,,,,,
2020-12-14,167.0,154.71,154.37,134.93,,165.5,134.6,2.5,1.7,2.35,2.45,1.37,,0.125
2020-12-15,167.2,155.09,155.07,134.4,,166.75,135.0,2.65,1.7,2.35,2.45,1.03,,0.125
2020-12-16,168.9,156.71,156.45,136.27,,168.05,136.05,2.65,1.7,2.35,2.45,1.03,,0.125
2020-12-17,171.1,158.89,158.49,137.6,,169.7,137.5,2.55,1.7,2.35,2.45,1.03,,0.125
2020-12-18,177.0,164.9,164.39,142.95,,175.15,142.0,2.6,1.7,2.35,2.45,1.03,,0.125
2020-12-19,,,,,,,,,,,,,,
2020-12-20,,,,,,,,,,,,,,
2020-12-21,190.1,177.83,176.45,153.16,,187.9,153.3,2.6,1.7,2.35,2.45,1.03,,0.125
2020-12-22,178.2,165.07,164.53,144.45,,180.5,143.9,2.7,,,,,,0.13
2020-12-23,175.7,162.36,162.03,141.54,,177.05,140.3,2.9,1.7,2.35,2.45,1.43,,0.13
2020-12-24,179.6,167.3,166.05,144.25,,179.65,143.5,2.75,1.7,2.35,2.45,1.43,,0.13
2020-12-25,,,,,,,,2.7,,,,,,
2020-12-26,,,,,,,,,,,,,,
2020-12-27,,,,,,,,,,,,,,
2020-12-28,177.9,164.5,163.85,143.02,,177.4,141.3,2.75,1.7,2.35,2.45,1.43,,0.132
2020-12-29,176.2,163.5,163.02,142.15,,176.6,139.2,2.75,1.7,2.35,2.45,1.43,,0.132
2020-12-30,172.9,161.25,159.85,138.58,,173.4,137.25,2.75,1.7,2.35,2.45,1.33,,0.1775
2020-12-31,173.7,161.47,160.47,139.63,,173.7,136.15,2.75,1.7,2.35,2.45,1.33,,0.18
2021-01-01,,,,,,173.7,136.15,,,,,,,
2021-01-02,,,,,,,,,,,,,,
2021-01-03,,,,,,,,,,,,,,
2021-01-04,181.5,166.0,165.29,139.63,,180.65,139.0,2.7,1.7,2.35,2.45,1.17,,0.2105
2021-01-05,184.1,168.0,167.86,138.65,,184.65,142.35,2.6,2.0,2.35,2.45,1.17,,0.212
2021-01-06,186.4,168.75,168.72,139.36,,185.45,142.9,2.7,2.0,2.35,2.45,1.17,,0.2895
2021-01-07,189.6,172.25,171.69,140.6,,189.2,144.85,2.75,2.0,2.35,2.45,1.17,,0.313
2021-01-08,192.0,173.33,173.06,142.63,,191.75,144.85,2.75,2.0,2.35,2.45,1.17,,0.3365
2021-01-09,,,,,,,,,,,,,,
2021-01-10,,,,,,,,,,,,,,
2021-01-11,193.7,172.25,172.13,141.87,,193.35,143.8,2.8,2.0,2.35,2.45,1.17,,0.36
2021-01-12,193.6,173.0,172.67,141.7,,193.6,143.85,2.8,2.5,2.35,2.45,1.17,,0.3835
2021-01-13,191.5,170.9,170.11,140.92,,191.95,142.2,2.8,2.5,2.35,2.45,1.17,,0.3555
2021-01-14,194.3,172.78,172.36,142.18,,194.4,144.5,2.8,2.5,2.35,2.45,1.17,,0.3555
2021-01-15,194.9,174.13,173.69,143.69,,196.1,146.0,2.8,2.5,2.35,2.45,1.17,,0.3415
2021-01-16,,,,,,,,,,,,,,
2021-01-17,,,,,,,,,,,,,,
2021-01-18,195.3,174.66,174.07,144.39,,196.9,146.9,2.8,2.5,2.35,2.45,1.17,,0.345
2021-01-19,192.5,171.6,171.33,143.19,,193.95,144.45,2.85,2.5,2.35,2.45,1.17,,0.345
2021-01-20,194.1,171.5,170.55,141.32,,193.8,143.75,2.85,2.5,2.35,2.45,1.17,,0.365
2021-01-21,194.7,172.26,171.51,141.74,,195.25,144.75,2.8,2.5,2.35,2.45,1.17,,0.365
2021-01-22,193.3,170.9,169.97,140.73,,192.9,142.55,2.75,2.5,2.35,2.45,1.17,,0.37
2021-01-23,,,,,,,,,,,,,,
2021-01-24,,,,,,,,,,,,,,
2021-01-25,193.0,170.13,169.16,140.57,,192.8,142.2,2.8,2.5,2.35,2.45,1.17,,0.37
2021-01-26,189.2,166.19,165.07,137.14,,188.95,139.05,2.75,2.5,2.35,2.45,1.17,,0.38
2021-01-27,190.2,166.65,166.59,136.22,,189.95,139.7,2.75,2.5,2.35,2.45,1.17,,0.3825
2021-01-28,182.1,158.0,157.42,128.31,,180.6,132.1,2.7,2.5,2.35,2.45,1.17,,0.3825
2021-01-29,182.6,159.05,158.54,128.45,,182.05,132.6,2.7,2.5,2.35,2.6,1.17,,0.3825
2021-01-30,,,,,,,,,,,,,,
2021-01-31,,,,,,,,,,,,,,
2021-02-01,180.5,157.77,157.07,127.95,,180.05,131.5,2.55,2.5,2.35,2.6,1.17,,0.3825
2021-02-02,173.0,150.37,149.8,123.78,,174.1,125.55,2.6,2.5,2.35,2.6,1.17,,0.405
2021-02-03,175.5,152.9,152.65,123.48,,175.8,127.3,2.55,2.5,2.35,2.6,1.17,,0.405
2021-02-04,181.7,158.61,158.03,128.56,,181.8,132.0,2.45,2.5,2.35,2.6,0.97,,0.4345
2021-02-05,180.1,157.53,157.01,128.29,,179.65,130.0,2.5,2.5,2.35,2.6,0.97,,0.4345
2021-02-06,,,,,,,,,,,,,,
2021-02-07,,,,,,,,,,,,,,
2021-02-08,184.7,160.8,160.5,130.45,,184.45,132.45,,2.5,2.35,2.6,0.97,,0.44
2021-02-09,187.3,164.46,164.1,133.46,,188.0,135.6,,2.5,2.35,2.6,0.97,,0.44
2021-02-10,190.5,167.25,166.9,135.52,,190.45,138.1,,2.5,2.35,2.6,0.97,,0.44
2021-02-11,190.2,167.25,166.88,135.66,,190.45,138.1,,2.5,2.35,2.6,0.97,,0.44
2021-02-12,,,,,,190.45,138.1,,,,,,,
2021-02-13,,,,,,,,,,,,,,
2021-02-14,,,,,,,,,,,,,,
2021-02-15,190.2,167.25,166.88,135.66,,190.45,138.1,,2.5,2.35,2.6,0.97,,0.44
2021-02-16,190.2,167.25,166.88,135.66,,190.45,138.1,,2.5,2.35,2.6,0.97,,0.44
2021-02-17,190.2,167.25,166.88,135.66,,193.45,140.85,,2.5,2.35,2.6,0.97,,0.44
2021-02-18,198.0,175.5,175.05,142.72,,197.05,144.5,2.7,2.7,2.35,2.6,1.1,,0.435
2021-02-19,197.2,174.0,173.55,141.71,,195.8,144.5,2.75,2.7,2.35,2.6,1.1,,0.435
2021-02-20,,,,,,,,2.85,,,,,,
2021-02-21,,,,,,,,,,,,,,
2021-02-22,200.0,175.98,175.96,144.78,,198.9,147.0,2.85,2.7,2.35,2.6,1.1,,0.445
2021-02-23,197.3,173.52,173.05,143.36,,196.35,144.95,2.9,2.7,2.35,2.6,1.1,,0.445
2021-02-24,196.9,173.11,172.71,142.36,,196.95,145.2,2.85,2.7,2.35,2.6,1.1,,0.445
2021-02-25,197.8,174.7,174.24,142.06,,198.75,146.65,,2.7,2.35,2.6,1.1,,0.445
2021-02-26,199.4,176.27,175.78,143.24,,200.95,148.4,2.85,2.7,2.0,2.3,1.1,,0.445
2021-02-27,,,,,,,,,,,,,,
2021-02-28,,,,,,,,,,,,,,
2021-03-01,198.0,174.96,174.55,140.59,,198.0,147.2,2.9,2.7,2.0,2.3,1.1,,0.445
2021-03-02,198.8,175.7,175.55,142.92,,199.2,148.05,2.85,2.7,2.0,2.3,1.1,,0.445
2021-03-03,199.7,176.41,176.4,144.52,,201.1,148.9,2.9,2.7,2.0,2.3,1.1,,0.45
2021-03-04,202.9,178.07,177.98,146.12,,202.95,149.85,2.9,2.7,2.0,2.3,0.8,,0.5105
2021-03-05,199.2,174.66,174.11,143.1,,199.15,147.65,2.95,2.7,2.0,2.3,0.8,,0.5105
2021-03-06,,,,,,,,,,,,,,
2021-03-07,,,,,,,,,,,,,,
2021-03-08,198.4,174.63,174.34,145.56,,198.65,148.6,2.95,2.7,2.0,2.3,0.8,,0.5105
2021-03-09,189.3,164.67,164.41,136.54,,188.1,139.85,2.85,2.7,2.0,2.3,0.8,,0.5105
2021-03-10,188.8,164.75,164.67,136.42,,188.75,140.8,2.7,2.7,2.0,2.3,0.8,,0.5105
2021-03-11,195.6,170.79,170.7,140.55,,195.1,146.45,2.7,2.7,2.0,2.3,0.8,,0.5105
2021-03-12,190.6,165.53,165.44,136.27,,190.9,142.6,2.8,2.7,2.0,2.3,0.67,,0.5105
2021-03-13,,,,,,,,,,,,,,
2021-03-14,,,,,,,,,,,,,,
2021-03-15,189.0,163.61,163.33,135.16,,189.15,140.55,2.7,2.7,2.0,2.3,0.67,,0.5105
2021-03-16,192.5,166.4,166.32,136.72,,192.6,141.85,2.7,2.45,2.0,2.3,0.67,,0.5105
2021-03-17,191.9,166.27,166.19,136.49,,192.15,142.0,2.75,2.45,2.0,2.3,0.67,,0.5105
2021-03-18,192.3,166.98,166.62,137.08,,192.3,142.15,2.7,2.45,2.0,2.3,0.67,,0.515
2021-03-19,187.5,161.67,161.39,133.05,,186.65,136.8,2.75,2.45,2.0,2.3,0.67,,0.515
2021-03-20,,,,,,,,,,,,,,
2021-03-21,,,,,,,,,,,,,,
2021-03-22,184.0,157.12,157.01,128.58,,183.15,132.9,2.75,2.45,2.0,2.3,0.67,,0.515
2021-03-23,188.3,162.0,161.8,131.67,,187.45,136.3,2.65,2.45,1.65,1.95,0.67,,0.5425
2021-03-24,189.2,161.97,161.39,131.71,,187.45,135.9,2.65,2.45,1.65,1.95,0.67,,0.5425
2021-03-25,190.4,162.13,159.85,132.97,,189.2,135.75,,2.45,1.65,1.95,0.67,,0.5425
2021-03-26,190.4,162.74,161.3,133.66,,190.45,136.75,,2.45,1.65,1.95,0.67,,0.5425
2021-03-27,,,,,,,,,,,,,,
2021-03-28,,,,,,,,,,,,,,
2021-03-29,198.0,168.88,167.88,135.46,,197.0,141.75,2.65,2.45,1.65,1.95,0.67,,0.54
2021-03-30,195.0,167.22,166.58,133.5,,195.4,140.2,2.75,2.45,1.65,1.95,0.67,,0.54
2021-03-31,194.1,166.58,165.15,132.99,,194.45,137.55,2.75,2.45,1.65,1.95,0.83,,0.5375
2021-04-01,197.1,168.52,167.6,134.69,,196.7,139.8,2.7,2.45,1.65,1.95,0.83,,0.5375
2021-04-02,,,,,,,,2.75,,,,,,
2021-04-03,,,,,,,,,,,,,,
2021-04-04,,,,,,,,,,,,,,
2021-04-05,197.5,169.0,168.48,136.34,,197.4,139.8,,2.45,1.65,1.95,0.83,,0.5375
2021-04-06,199.3,171.0,170.9,137.25,,199.85,140.9,2.75,2.45,1.65,1.95,1.23,,0.5735
2021-04-07,202.6,174.16,173.63,139.65,,201.9,140.45,2.8,2.45,1.65,1.95,1.23,,0.5735
2021-04-08,202.6,173.71,173.1,139.78,,202.15,140.15,2.85,2.45,1.65,1.95,1.23,,0.5735
2021-04-09,203.1,174.01,173.54,139.47,,202.85,140.4,2.85,2.45,1.65,1.95,1.23,,0.5735
2021-04-10,,,,,,,,,,,,,,
2021-04-11,,,,,,,,,,,,,,
2021-04-12,205.9,174.85,174.57,141.34,,203.95,140.45,2.85,2.45,1.65,1.95,1.23,,0.5735
2021-04-13,205.2,174.13,173.25,141.23,,203.3,139.95,2.85,2.45,1.65,1.95,1.67,,0.6015
2021-04-14,205.0,174.1,173.54,141.41,,203.6,140.0,2.85,3.45,1.65,1.95,1.87,,0.6015
2021-04-15,211.1,178.68,178.41,145.35,,211.35,143.25,2.85,3.45,1.65,1.95,1.87,,0.6015
2021-04-16,211.1,178.56,178.43,146.08,,211.9,141.7,2.9,3.45,1.65,1.95,1.87,,0.6015
2021-04-17,,,,,,,,,,,,,,
2021-04-18,,,,,,,,,,,,,,
2021-04-19,216.3,182.55,181.8,148.99,,216.25,143.55,2.9,3.95,1.65,1.95,2.1,,0.592
2021-04-20,222.8,190.03,189.61,154.9,,222.8,148.1,2.95,3.95,1.65,1.95,2.1,,0.585
2021-04-21,221.9,188.67,188.23,152.23,,220.8,146.7,3.1,3.95,1.65,1.95,2.1,,0.585
2021-04-22,218.7,185.38,183.62,149.88,,218.9,144.95,3.05,3.95,1.65,1.95,2.1,,0.585
2021-04-23,220.9,187.51,186.25,151.38,,220.4,146.35,3.0,3.95,1.65,1.95,2.1,,0.58
2021-04-24,,,,,,,,,,,,,,
2021-04-25,,,,,,,,3.05,,,,,,
2021-04-26,226.9,194.4,193.58,156.8,,226.75,150.45,3.05,4.9,1.65,1.95,2.1,,0.575
2021-04-27,227.8,196.35,195.31,156.91,,227.0,149.4,3.15,4.9,1.65,1.95,2.0,,0.572
2021-04-28,226.6,194.23,192.52,157.36,,223.95,147.4,3.2,4.9,1.65,1.95,2.0,,0.57
2021-04-29,225.3,193.43,191.6,156.34,,223.95,147.4,3.1,4.9,1.65,1.95,1.63,,0.57
2021-04-30,222.5,190.01,188.85,144.03,,219.95,148.75,3.1,4.9,1.65,1.95,1.63,,0.565
2021-05-01,,,,,,,,,,,,,,
2021-05-02,,,,,,,,,,,,,,
2021-05-03,222.5,190.01,188.85,144.03,,219.95,148.75,,4.9,1.65,1.95,1.63,,0.565
2021-05-04,222.5,190.01,188.85,144.03,,221.7,150.5,,4.9,1.65,1.95,1.63,,0.565
2021-05-05,227.0,194.21,192.54,146.95,,225.7,152.1,,4.9,1.65,1.95,1.63,,0.565
2021-05-06,234.7,202.87,201.88,153.22,,235.65,157.6,3.1,4.9,1.65,1.95,1.63,,0.555
2021-05-07,243.6,214.2,212.25,161.29,,243.85,164.75,3.3,4.9,1.65,1.95,1.6,,0.55
2021-05-08,,,,,,,,3.5,,,,,,
2021-05-09,,,,,,,,,,,,,,
2021-05-10,263.0,232.61,230.56,175.72,,260.65,177.85,3.5,4.9,1.65,1.95,1.6,,0.52
2021-05-11,260.6,229.81,228.93,173.07,,260.0,176.8,3.75,4.9,1.65,1.95,1.6,,0.5
2021-05-12,267.8,240.0,237.57,179.22,,264.2,178.7,3.75,4.9,1.65,1.95,1.6,,0.5
2021-05-13,,,,,,264.2,178.7,3.8,,,,,,
2021-05-14,241.7,211.19,208.79,156.29,,243.4,158.0,3.8,4.9,1.65,1.95,1.6,,0.5235
2021-05-15,,,,,,,,,,,,,,
2021-05-16,,,,,,,,,,,,,,
2021-05-17,249.3,220.8,217.77,162.15,,248.95,161.9,3.45,7.0,1.65,1.95,1.6,,0.5235
2021-05-18,258.7,227.77,224.44,167.7,,258.7,166.65,3.55,7.0,1.65,1.95,1.6,,0.52
2021-05-19,248.7,218.79,216.16,161.71,,250.4,161.0,3.65,7.0,1.65,1.95,1.6,,0.52
2021-05-20,245.1,214.07,211.85,157.81,,245.8,157.3,3.5,7.0,1.65,1.95,1.6,,0.52
2021-05-21,235.7,203.06,200.72,151.25,,235.1,150.2,3.45,7.0,1.65,1.95,1.6,,0.52
2021-05-22,,,,,,,,,,,,,,
2021-05-23,,,,,,,,,,,,,,
2021-05-24,224.3,193.87,192.42,143.97,,221.55,142.75,3.3,7.0,1.65,1.95,1.6,,0.52
2021-05-25,228.8,194.49,192.87,145.02,,224.95,145.1,3.1,7.0,1.65,1.95,1.4,,0.52
2021-05-26,,,,,,,,3.15,,,,,,
2021-05-27,223.6,190.9,189.73,141.88,,222.65,142.7,3.15,6.2,1.65,1.95,1.4,,0.52
2021-05-28,224.9,192.67,190.51,141.8,,221.0,143.4,,6.2,1.65,1.95,1.4,,0.52
2021-05-29,,,,,,,,,,,,,,
2021-05-30,,,,,,,,,,,,,,
2021-05-31,232.8,201.26,198.83,147.85,,230.2,148.2,3.1,6.0,1.65,1.95,1.4,,0.52
2021-06-01,239.9,211.04,208.67,153.0,,240.1,155.8,,5.1,1.65,1.95,1.4,,0.52
2021-06-02,240.0,211.5,209.19,153.8,,241.35,158.1,3.4,5.1,1.65,1.95,1.4,,0.56
2021-06-03,241.2,212.81,210.99,155.58,,241.7,159.6,3.45,5.1,1.65,1.95,1.4,,0.56
2021-06-04,238.0,209.2,207.35,152.9,,238.85,157.9,3.45,5.1,1.65,1.95,1.4,,0.56
2021-06-05,,,,,,,,,,,,,,
2021-06-06,,,,,,,,,,,,,,
2021-06-07,233.1,204.18,202.42,149.49,,233.45,154.75,3.4,5.1,1.65,1.95,1.4,,0.56
2021-06-08,239.8,211.81,209.5,154.37,,240.4,158.45,3.3,4.4,1.65,1.95,1.4,,0.56
2021-06-09,242.7,214.71,212.67,158.38,,242.95,159.0,3.45,4.4,1.65,1.95,1.4,,0.7035
2021-06-10,246.1,219.04,216.84,161.9,,246.45,161.8,3.5,4.4,1.65,1.95,1.4,,0.7035
2021-06-11,249.2,221.25,219.26,162.78,,249.4,163.5,3.55,4.4,1.65,1.95,1.4,,0.7035
2021-06-12,,,,,,,,,,,,,,
2021-06-13,,,,,,,,,,,,,,
2021-06-14,249.2,221.62,220.77,164.72,,249.7,164.5,,4.4,1.65,1.95,1.4,,0.7035
2021-06-15,250.8,223.09,221.87,164.6,,250.65,164.3,3.65,3.8,1.65,1.95,1.6,,0.7035
2021-06-16,245.0,216.55,214.08,158.42,,242.95,159.85,3.65,3.8,1.65,1.95,1.73,,0.7035
2021-06-17,251.5,222.01,220.82,161.98,,252.35,162.7,3.5,3.8,1.65,1.95,1.73,,0.7035
2021-06-18,249.4,220.24,218.9,160.3,,,,3.6,3.8,1.65,1.95,2.4,,0.7675
2021-06-19,,,,,,,,,,,,,,
2021-06-20,,,,,,,,,,,,,,
2021-06-21,239.0,210.0,208.15,153.53,,239.2,152.65,3.55,3.8,1.65,1.95,2.4,,0.76
2021-06-22,249.2,216.0,214.32,158.21,,246.7,155.65,3.4,5.85,1.65,1.95,2.4,,0.76
2021-06-23,251.8,219.34,216.01,160.45,,250.6,158.95,3.5,5.85,1.65,1.95,2.4,,0.76
2021-06-24,249.3,217.08,213.46,160.45,,248.9,157.15,3.55,5.85,1.65,1.95,2.4,,0.76
2021-06-25,250.7,218.75,216.45,162.66,,252.5,160.4,3.5,5.85,1.65,1.95,2.4,,0.755
2021-06-26,,,,,,,,,,,,,,
2021-06-27,,,,,,,,,,,,,,
2021-06-28,255.3,220.77,218.62,162.39,,255.2,160.95,3.6,5.85,1.65,1.95,2.4,,0.745
2021-06-29,249.1,214.94,212.33,157.62,,249.25,156.4,3.6,5.85,1.65,1.95,2.4,,0.74
2021-06-30,251.9,217.85,214.08,158.45,,249.65,158.1,3.6,5.85,2.3,2.6,2.4,,0.74
2021-07-01,252.4,221.75,219.32,154.01,,250.05,160.55,3.55,5.2,3.0,3.1,2.4,,0.735
2021-07-02,251.6,219.57,217.98,152.36,,248.55,159.3,3.6,5.2,3.0,3.1,3.07,,0.73
2021-07-03,,,,,,,,,,,,,,
2021-07-04,,,,,,,,,,,,,,
2021-07-05,255.5,223.14,221.82,155.28,,252.65,162.65,3.55,5.2,3.0,3.1,3.07,,0.725
2021-07-06,254.9,226.02,222.36,156.26,,253.25,162.65,3.6,5.6,3.0,3.1,3.47,,0.72
2021-07-07,254.7,225.7,222.39,156.19,,254.1,163.45,3.65,6.4,3.0,3.1,3.8,,0.715
2021-07-08,251.4,222.0,218.04,153.94,,249.7,161.65,3.65,6.4,3.0,3.1,3.8,,0.64
2021-07-09,248.4,218.0,214.77,152.57,,248.0,159.3,3.55,6.4,3.0,3.1,4.13,,0.63
2021-07-10,,,,,,,,,,,,,,
2021-07-11,,,,,,,,,,,,,,
2021-07-12,251.0,220.6,217.85,154.39,,249.95,161.0,3.55,6.4,3.0,3.1,4.13,,0.62
2021-07-13,251.8,221.46,218.48,157.16,,249.75,160.65,3.55,6.4,3.0,3.1,3.87,,0.56
2021-07-14,252.1,220.0,218.66,156.41,,249.75,159.85,3.55,6.4,3.0,3.1,3.6,,0.56
2021-07-15,256.8,223.75,222.09,159.06,,254.2,162.8,3.55,6.4,3.0,3.1,3.6,,0.555
2021-07-16,256.8,223.39,221.43,159.07,,256.1,162.65,3.65,6.4,3.0,3.1,3.6,,0.55
2021-07-17,,,,,,,,,,,,,,
2021-07-18,,,,,,,,,,,,,,
2021-07-19,255.9,223.02,221.04,159.27,,255.05,162.05,3.6,6.4,3.0,3.1,3.6,,0.545
2021-07-20,,,,,,,,3.6,,,,,,
2021-07-21,249.1,216.17,214.79,154.94,,248.6,154.95,,6.4,3.0,3.1,3.6,,0.52
2021-07-22,239.7,204.62,202.63,147.88,,237.0,147.8,3.5,6.4,3.0,3.1,3.6,,0.515
2021-07-23,236.1,202.86,201.33,147.45,,232.75,147.5,3.3,6.4,3.0,3.1,3.6,,0.515
2021-07-24,,,,,,,,,,,,,,
2021-07-25,,,,,,,,,,,,,,
2021-07-26,237.0,203.93,202.74,148.65,,233.8,148.55,3.3,6.4,3.0,3.1,3.6,,0.51
2021-07-27,235.1,202.97,202.57,147.79,,231.3,145.85,3.3,6.4,3.0,3.1,3.6,,0.5
2021-07-28,234.2,203.08,202.68,148.23,,232.1,147.65,3.3,6.4,3.0,3.1,3.6,,0.49
2021-07-29,229.2,197.46,196.06,142.87,,225.85,143.9,3.3,5.85,3.0,3.1,3.6,,0.44
2021-07-30,214.4,182.8,181.57,124.11,,211.35,131.5,3.2,5.85,3.0,3.1,3.6,,0.435
2021-07-31,,,,,,,,,,,,,,
2021-08-01,,,,,,,,,,,,,,
2021-08-02,215.4,185.08,184.42,124.9,,214.25,132.1,2.95,5.85,3.0,3.1,3.6,,0.42
2021-08-03,215.1,185.47,184.67,125.5,,214.3,132.7,3.0,5.85,3.0,3.1,3.6,,0.41
2021-08-04,214.0,184.39,183.69,124.91,,213.3,132.6,3.0,5.85,3.0,3.1,3.6,,0.41
2021-08-05,203.5,172.76,171.55,117.78,,200.05,124.45,3.0,5.85,3.0,3.1,3.13,,0.4
2021-08-06,203.3,173.53,172.51,118.23,,201.2,125.8,2.8,5.2,3.0,3.1,3.13,,0.4
2021-08-07,,,,,,,,,,,,,,
2021-08-08,,,,,,,,,,,,,,
2021-08-09,,,,,,,,2.8,,,,,,
2021-08-10,192.9,162.75,162.44,111.94,,192.2,120.35,,5.2,3.0,3.1,3.13,,0.39
2021-08-11,195.1,165.97,165.48,114.78,,196.2,123.75,2.65,5.2,3.0,3.1,3.13,,0.36
2021-08-12,191.9,163.19,162.96,112.22,,190.65,119.9,2.75,5.2,3.0,3.1,3.13,,0.31
2021-08-13,191.1,162.74,162.07,111.66,,190.05,119.6,2.65,5.2,3.0,3.1,3.13,,0.255
2021-08-14,,,,,,,,,,,,,,
2021-08-15,,,,,,,,,,,,,,
2021-08-16,191.6,164.03,163.52,112.97,,191.5,120.55,2.65,5.2,3.0,3.1,3.13,,0.25
2021-08-17,188.7,161.65,160.75,111.54,,188.25,117.35,2.65,5.2,3.0,3.1,3.13,,0.245
2021-08-18,179.8,154.07,153.39,107.48,,181.05,111.65,2.6,5.2,3.0,3.1,2.8,,0.23
2021-08-19,152.5,133.3,132.66,94.96,,152.0,97.1,2.5,4.5,3.0,3.1,2.8,,0.21
2021-08-20,158.5,141.15,140.44,99.3,,159.1,103.95,2.15,4.5,3.2,5.0,2.8,,0.2
2021-08-21,,,,,,,,,,,,,,
2021-08-22,,,,,,,,,,,,,,
2021-08-23,156.0,137.22,136.71,97.64,,156.5,101.8,2.3,4.5,3.2,5.0,2.8,,0.156
2021-08-24,166.1,147.96,146.13,103.41,,168.5,110.0,2.25,4.5,3.2,5.0,2.8,,0.143
2021-08-25,165.6,148.95,148.66,105.46,,168.95,109.85,2.45,4.5,3.2,5.0,2.8,,0.13
2021-08-26,170.6,153.8,152.92,109.38,,172.85,112.1,2.45,4.5,3.5,5.3,2.8,,0.13
2021-08-27,176.1,157.84,157.55,111.5,,178.05,115.05,2.5,4.5,3.5,5.3,2.8,,0.0915
2021-08-28,,,,,,,,,,,,,,
2021-08-29,,,,,,,,,,,,,,
2021-08-30,174.8,157.19,156.66,108.81,,177.25,114.4,2.6,4.5,3.5,5.3,2.8,,0.085
2021-08-31,172.0,154.44,153.67,105.46,,172.1,106.3,2.6,4.5,3.5,5.3,2.8,,0.0915
2021-09-01,162.3,144.23,143.43,96.72,,163.05,100.75,2.5,4.5,3.5,5.3,2.8,,0.0755
2021-09-02,160.7,142.59,142.02,96.02,,159.2,98.85,2.35,4.5,3.5,5.3,2.8,,0.0755
2021-09-03,163.6,145.3,144.71,97.54,,164.55,101.1,2.3,4.5,3.5,6.0,2.8,,0.0705
2021-09-04,,,,,,,,,,,,,,
2021-09-05,,,,,,,,,,,,,,
2021-09-06,150.9,133.02,132.38,90.7,,151.0,93.35,2.4,4.5,3.5,6.0,2.8,,0.07
2021-09-07,160.7,138.1,137.97,92.69,,160.6,96.85,2.15,4.5,4.0,6.0,2.8,,0.07
2021-09-08,154.6,133.29,132.19,89.66,,155.05,93.95,2.25,4.5,4.0,6.0,2.8,,0.07
2021-09-09,150.7,130.92,130.26,88.42,,152.4,92.5,2.2,4.5,4.0,6.0,2.8,,0.065
2021-09-10,153.0,130.25,129.71,88.12,,150.65,92.35,2.15,4.5,4.0,6.0,2.8,,0.063
2021-09-11,,,,,,,,,,,,,,
2021-09-12,,,,,,,,,,,,,,
2021-09-13,146.1,124.16,123.84,84.49,,144.6,90.4,2.15,4.5,4.0,6.0,2.8,,0.053
2021-09-14,143.8,122.63,121.67,84.01,,143.15,89.85,2.05,4.5,5.0,6.0,2.8,,0.0305
2021-09-15,139.1,117.8,116.65,81.03,,138.95,87.45,2.0,5.5,5.0,6.0,2.8,,0.0305
2021-09-16,133.1,108.16,107.21,75.65,,134.15,84.6,1.9,5.5,5.5,7.0,2.8,,0.03
2021-09-17,127.5,103.95,101.95,72.02,,128.45,74.45,1.75,6.5,5.5,7.0,2.8,,0.025
2021-09-18,,,,,,,,1.7,,,,,,
2021-09-19,,,,,,,,,,,,,,
2021-09-20,117.6,94.07,92.98,64.23,,121.65,68.4,,6.5,5.5,7.0,2.8,,0.025
2021-09-21,117.5,93.96,93.03,64.37,,121.65,69.6,,6.5,5.5,7.0,2.8,,0.025
2021-09-22,130.9,110.65,108.7,74.25,,133.55,77.55,1.55,7.0,5.5,7.0,2.8,,0.025
2021-09-23,134.6,109.38,108.67,77.54,,133.75,78.85,1.8,7.0,5.5,7.0,2.8,,0.025
2021-09-24,135.9,113.78,111.33,80.08,,135.0,79.0,1.8,7.0,5.5,7.0,2.8,,0.025
2021-09-25,,,,,,,,,,,,,,
2021-09-26,,,,,,,,1.85,,,,,,
2021-09-27,143.6,121.1,119.31,84.07,,143.5,84.95,,7.0,5.5,7.0,2.8,,0.083
2021-09-28,136.5,113.45,112.06,79.08,,137.2,81.25,,7.0,5.5,7.0,2.8,,0.1
2021-09-29,138.3,115.02,114.13,75.56,,138.75,79.7,1.85,7.0,5.5,7.0,2.8,,0.128
2021-09-30,141.2,121.94,119.23,79.06,,142.2,80.75,1.95,7.0,5.5,7.0,2.8,,0.13
2021-10-01,138.2,118.54,115.79,76.06,,140.95,78.15,1.95,7.0,5.5,7.0,2.8,,0.13
2021-10-02,,,,,,,,,,,,,,
2021-10-03,,,,,,,,,,,,,,
2021-10-04,139.3,119.75,117.12,77.73,,141.75,80.45,1.95,7.0,5.5,7.0,2.8,,0.134
2021-10-05,138.5,119.34,116.58,77.2,,141.75,80.75,1.95,7.0,5.5,7.0,2.8,,0.134
2021-10-06,138.5,119.63,116.71,77.31,,141.75,81.25,1.95,7.0,5.5,7.0,2.8,,0.134
2021-10-07,138.6,119.87,117.02,77.72,,141.75,81.0,1.95,7.0,5.5,7.0,2.8,,0.134
2021-10-08,146.1,126.95,123.38,81.86,,149.0,84.55,2.05,7.0,5.5,7.0,2.8,,0.14
2021-10-09,,,,,,,,,,,,,,
2021-10-10,,,,,,,,,,,,,,
2021-10-11,160.0,139.1,135.03,87.59,,159.85,89.15,2.25,7.0,5.0,7.0,2.8,,0.2
2021-10-12,152.3,130.17,129.0,83.51,,151.4,84.8,2.1,7.0,5.0,7.0,2.8,,0.2
2021-10-13,148.4,125.09,124.17,80.04,,146.5,81.55,2.05,7.0,5.0,7.0,2.8,,0.2
2021-10-14,150.6,127.6,125.91,79.43,,150.7,83.1,2.1,7.0,5.0,7.0,3.13,,0.205
2021-10-15,148.0,126.5,125.22,79.29,,148.45,81.75,2.05,7.0,5.0,7.0,3.47,,0.205
2021-10-16,,,,,,,,,,,,,,
2021-10-17,,,,,,,,,,,,,,
2021-10-18,148.1,125.97,124.32,78.47,,147.15,81.05,2.05,7.0,5.0,7.0,3.47,,0.22
2021-10-19,147.1,125.43,124.04,77.52,,147.15,81.2,2.05,7.0,5.0,7.0,3.47,,0.22
2021-10-20,147.0,125.21,124.07,77.47,,148.25,80.9,2.05,6.5,5.0,7.0,3.47,,0.22
2021-10-21,141.8,118.68,116.93,73.98,,141.3,77.35,1.95,6.5,5.0,7.0,3.47,,0.22
2021-10-22,143.3,120.89,119.52,75.88,,143.2,77.85,1.95,6.5,5.0,7.0,3.47,,0.22
2021-10-23,,,,,,,,,,,,,,
2021-10-24,,,,,,,,,,,,,,
2021-10-25,139.9,120.48,119.08,73.97,,139.4,77.0,2.0,6.5,5.0,7.0,3.47,,0.225
2021-10-26,143.2,124.11,122.3,75.91,,142.4,77.5,2.0,6.5,5.0,7.0,3.47,,0.225
2021-10-27,140.7,122.15,119.86,73.62,,139.3,75.75,2.05,6.5,5.0,7.0,3.87,,0.225
2021-10-28,131.3,115.25,112.65,68.56,,130.6,71.55,2.0,6.5,5.0,7.0,3.87,,0.225
2021-10-29,127.1,109.57,107.28,65.04,,124.2,68.6,1.9,6.5,5.0,6.9,3.87,,0.22
2021-10-30,,,,,,,,,,,,,,
2021-10-31,,,,,,,,,,,,,,
2021-11-01,122.4,104.66,103.43,63.44,,120.75,64.6,1.75,6.5,5.0,6.9,3.87,,0.22
2021-11-02,113.9,96.67,95.77,59.2,,115.5,61.15,1.7,6.5,5.0,6.9,3.87,,0.22
2021-11-03,117.4,101.7,100.1,60.65,,118.75,62.3,1.6,6.5,5.0,6.9,3.87,,0.22
2021-11-04,,,,,,,,1.65,,,,,,
2021-11-05,110.8,94.08,93.14,56.28,,110.95,61.1,,6.5,5.0,6.9,3.87,,0.22
2021-11-06,,,,,,,,,,,,,,
2021-11-07,,,,,,,,,,,,,,
2021-11-08,110.8,94.55,93.82,57.18,,111.85,61.3,1.65,6.2,5.0,6.9,3.87,,0.22
2021-11-09,109.4,93.46,92.3,56.2,,109.95,60.85,1.55,6.2,5.0,6.9,3.87,,0.215
2021-11-10,104.4,89.63,88.9,55.23,,105.5,59.35,1.55,6.2,5.0,6.9,3.87,,0.17
2021-11-11,109.2,94.03,92.57,58.09,,109.7,62.9,1.5,6.2,5.0,6.7,3.87,,0.119
2021-11-12,104.7,91.39,89.69,56.12,,104.95,59.45,1.55,5.8,5.0,6.7,3.87,,0.119
2021-11-13,,,,,,,,,,,,,,
2021-11-14,,,,,,,,,,,,,,
2021-11-15,104.1,90.26,89.05,55.99,,104.35,59.2,1.5,5.6,5.0,6.7,3.87,,0.119
2021-11-16,104.5,91.0,90.04,56.57,,105.4,59.05,1.5,4.8,5.0,6.7,3.87,,0.11
2021-11-17,105.9,91.3,91.08,56.31,,105.1,58.3,1.5,4.8,5.0,6.7,3.87,,0.11
2021-11-18,102.0,88.26,87.27,54.08,,101.75,57.2,1.5,4.8,5.0,6.7,3.87,,0.108
2021-11-19,105.9,92.6,91.69,56.79,,106.05,60.55,1.45,4.8,5.0,6.7,3.87,,0.108
2021-11-20,,,,,,,,,,,,,,
2021-11-21,,,,,,,,,,,,,,
2021-11-22,109.2,95.97,95.63,59.68,,109.1,63.1,1.5,4.8,5.0,6.7,3.87,,0.105
2021-11-23,113.8,100.22,99.83,63.53,,113.85,65.35,1.6,4.8,5.0,6.7,3.87,,0.103
2021-11-24,116.9,103.85,102.75,67.37,,117.85,67.35,1.65,4.8,5.0,6.0,3.87,,0.103
2021-11-25,117.9,103.36,102.35,66.41,,116.45,65.6,1.7,4.8,5.0,6.0,3.87,,0.1245
2021-11-26,111.4,97.56,96.67,61.6,,112.65,63.3,1.65,4.8,5.0,6.0,3.87,,0.1245
2021-11-27,,,,,,,,,,,,,,
2021-11-28,,,,,,,,,,,,,,
2021-11-29,117.9,103.96,103.27,64.02,,115.95,67.25,1.6,4.8,5.0,6.0,3.87,,0.1245
2021-11-30,116.9,103.01,102.39,63.33,,116.1,67.4,1.65,4.8,5.0,6.0,3.8,,0.1245
2021-12-01,118.6,104.56,104.49,63.96,,118.4,67.75,1.65,4.8,5.0,6.0,3.8,,0.1335
2021-12-02,115.8,102.13,101.62,62.45,,115.6,65.7,1.7,4.8,5.0,6.0,3.8,,0.1335
2021-12-03,116.3,102.61,102.36,62.28,,115.75,66.05,1.65,4.8,5.0,6.0,3.8,,0.1335
2021-12-04,,,,,,,,,,,,,,
2021-12-05,,,,,,,,,,,,,,
2021-12-06,117.8,103.49,102.83,63.51,,117.9,67.15,1.65,4.8,5.0,6.0,3.87,,0.135
2021-12-07,127.2,112.52,111.34,68.49,,126.75,70.55,1.65,4.8,5.0,6.0,3.8,,0.1405
2021-12-08,127.7,112.51,111.37,69.28,,125.2,73.5,1.8,4.8,5.0,6.0,3.8,,0.1405
2021-12-09,124.8,109.21,108.53,67.38,,124.9,70.35,1.8,4.8,5.0,6.0,3.8,,0.135
2021-12-10,122.5,108.9,108.03,66.7,,122.45,69.5,1.75,5.0,5.0,6.0,3.8,,0.135
2021-12-11,,,,,,,,,,,,,,
2021-12-12,,,,,,,,,,,,,,
2021-12-13,129.7,114.94,114.2,70.13,,130.05,73.7,1.7,5.0,5.0,6.0,3.8,,0.135
2021-12-14,126.9,112.68,111.9,69.44,,128.95,71.7,1.85,5.0,5.0,6.0,3.8,,0.135
2021-12-15,127.3,111.75,111.0,68.41,,128.2,69.8,1.8,5.0,5.0,6.0,3.8,,0.135
2021-12-16,132.4,117.12,116.06,70.32,,133.7,72.1,1.8,5.0,5.0,6.0,3.8,,0.135
2021-12-17,136.7,120.43,119.6,71.12,,137.25,73.55,1.9,5.0,5.0,6.0,3.93,,0.135
2021-12-18,,,,,,,,,,,,,,
2021-12-19,,,,,,,,,,,,,,
2021-12-20,141.8,124.02,123.51,74.03,,142.2,77.0,1.95,5.0,5.0,6.0,3.93,,0.135
2021-12-21,145.6,127.07,126.71,75.68,,143.95,77.75,2.05,5.0,5.0,6.0,3.93,,0.135
2021-12-22,143.0,124.17,123.39,74.71,,143.3,77.0,2.05,5.0,5.0,6.0,3.93,,0.154
2021-12-23,143.2,126.61,126.35,73.69,,144.45,76.05,2.05,5.0,5.0,6.0,3.93,,0.154
2021-12-24,145.5,127.01,126.58,75.03,,145.75,77.7,2.05,5.4,5.0,6.0,3.93,,0.156
2021-12-25,,,,,,,,,,,,,,
2021-12-26,,,,,,,,,,,,,,
2021-12-27,140.5,123.33,123.18,72.27,,,,2.05,,,,,,
2021-12-28,138.7,119.88,119.44,70.45,,138.4,72.95,,5.4,5.0,6.0,4.33,,0.16
2021-12-29,136.9,118.38,118.3,69.29,,138.75,72.05,1.95,5.4,5.0,6.0,4.33,,0.16
2021-12-30,138.1,119.88,119.28,70.55,,138.25,72.45,1.95,5.4,5.0,6.0,4.33,,0.203
2021-12-31,139.5,120.82,120.75,71.54,,140.0,77.45,1.95,5.4,5.0,6.0,4.33,,0.203
2022-01-01,,,,,,,,,,,,,,
2022-01-02,,,,,,,,,,,,,,
2022-01-03,142.0,123.34,122.26,74.57,,140.5,79.2,2.0,5.4,5.0,6.0,4.33,,0.203
2022-01-04,142.7,124.55,123.12,74.69,,143.9,78.75,2.05,6.2,5.0,6.0,4.33,,0.205
2022-01-05,145.0,125.96,124.89,75.59,,146.85,79.75,2.05,6.2,5.0,6.0,4.33,,0.25
2022-01-06,156.0,129.0,127.58,77.21,,152.15,81.6,2.1,6.2,5.0,6.0,4.33,,0.2765
2022-01-07,154.0,129.0,128.03,77.21,,151.2,81.7,2.1,6.2,5.0,6.0,4.33,,0.2765
2022-01-08,,,,,,,,,,,,,,
2022-01-09,,,,,,,,,,,,,,
2022-01-10,151.2,127.08,125.73,76.33,,149.45,81.05,2.05,6.2,5.0,6.0,4.33,,0.2765
2022-01-11,159.2,130.05,129.17,78.41,,157.6,81.85,2.1,6.2,5.0,6.0,4.33,,0.3025
2022-01-12,161.0,136.85,133.68,80.02,,160.6,83.65,2.15,6.2,5.0,6.0,4.33,,0.3025
2022-01-13,157.8,133.29,129.87,77.29,,156.95,80.8,2.1,6.8,5.0,6.0,4.33,,0.3025
2022-01-14,156.6,130.51,128.01,76.33,,155.75,80.4,2.1,6.8,5.0,6.0,4.33,,0.3025
2022-01-15,,,,,,,,,,,,,,
2022-01-16,,,,,,,,,,,,,,
2022-01-17,154.1,128.08,125.65,75.08,,152.45,80.05,2.05,6.8,5.0,6.0,4.33,,0.295
2022-01-18,158.1,130.09,127.65,76.19,,157.55,81.9,2.1,6.8,5.0,6.0,4.33,,0.2475
2022-01-19,159.8,137.0,131.23,78.63,,160.45,84.5,2.15,7.5,5.0,6.0,4.33,,0.2475
2022-01-20,161.9,140.45,134.72,80.4,,163.9,85.75,2.2,7.5,5.0,6.0,4.33,,0.2475
2022-01-21,166.2,143.02,137.36,82.51,,167.65,87.85,2.25,7.5,5.0,6.0,4.33,,0.2475
2022-01-22,,,,,,,,,,,,,,
2022-01-23,,,,,,125.5,95.3,,,,,,,
2022-01-24,164.2,138.39,133.48,80.02,,163.7,85.6,2.2,7.5,5.0,6.0,4.33,,0.2475
2022-01-25,170.8,142.41,138.39,81.87,,167.85,87.7,2.25,7.5,5.0,6.0,4.33,,0.3095
2022-01-26,169.8,146.3,138.5,81.92,,168.95,87.75,2.3,8.0,4.5,5.5,4.33,,0.3095
2022-01-27,170.3,145.9,139.62,82.22,,169.6,88.15,2.3,8.0,4.5,5.5,4.33,,0.3095
2022-01-28,178.6,153.96,147.42,91.99,,177.9,97.7,2.45,8.0,4.5,5.5,4.33,,0.31
2022-01-29,,,,,,,,,,,,,,
2022-01-30,,,,,,,,,,,,,,
2022-01-31,178.3,153.29,146.78,91.99,,171.75,91.4,2.35,8.0,4.5,5.5,4.33,,0.31
2022-02-01,,,,,,,,,,,,,,
2022-02-02,,,,,,,,,,,,,,
2022-02-03,178.3,153.29,146.78,91.55,,175.95,96.5,2.4,8.0,4.5,5.5,4.33,,0.31
2022-02-04,178.3,153.29,146.78,91.55,,176.6,96.65,2.4,8.0,4.5,5.5,4.33,,0.31
2022-02-05,,,,,,,,,,,,,,
2022-02-06,,,,,,,,,,,,,,
2022-02-07,179.5,154.86,148.34,92.63,,179.4,98.85,2.45,8.0,4.5,5.5,4.33,,0.312
2022-02-08,180.4,155.77,149.64,93.29,,179.65,98.35,2.45,8.0,4.5,5.5,4.27,,0.34
2022-02-09,177.2,152.69,146.49,91.75,,176.25,97.15,2.4,8.0,4.0,4.5,4.27,,0.34
2022-02-10,183.6,158.76,152.81,95.86,,183.0,101.1,2.55,8.0,4.0,4.5,4.27,,0.34
2022-02-11,180.0,155.37,149.3,94.66,,178.9,99.35,2.45,8.0,4.0,4.5,4.27,,0.345
2022-02-12,,,,,,,,,,,,,,
2022-02-13,,,,,,,,,,,,,,
2022-02-14,178.4,153.93,148.2,94.16,,178.15,98.75,2.45,8.0,4.0,4.5,4.27,,0.3475
2022-02-15,164.8,140.46,134.88,85.61,,165.85,87.9,2.25,8.0,4.0,4.5,4.27,,0.3475
2022-02-16,168.8,144.7,139.0,88.34,,168.2,91.4,2.3,8.0,4.0,4.5,4.27,,0.3475
2022-02-17,158.0,135.62,130.12,82.89,,159.6,86.4,2.15,8.0,4.0,4.5,4.27,,0.3475
2022-02-18,158.5,136.4,130.94,83.47,,161.55,88.65,2.2,8.0,4.0,4.5,4.27,,0.3475
2022-02-19,,,,,,,,,,,,,,
2022-02-20,,,,,,,,,,,,,,
2022-02-21,165.8,142.84,137.54,87.95,,167.05,92.35,2.3,8.0,4.0,4.5,4.27,,0.3525
2022-02-22,163.8,142.77,135.78,86.87,,164.5,91.05,2.25,8.0,,,,,0.3525
2022-02-23,166.0,142.93,137.03,88.26,,165.8,93.2,2.3,,,,,,0.3525
2022-02-24,165.1,141.94,137.22,88.48,,164.7,92.8,2.25,8.0,4.0,4.5,4.27,,0.3525
2022-02-25,163.4,139.14,134.54,87.24,,161.2,89.75,2.2,8.0,4.0,4.5,4.27,,0.3525
2022-02-26,,,,,,,,,,,,,,
2022-02-27,,,,,,,,,,,,,,
2022-02-28,166.7,143.36,138.09,87.62,,166.85,91.5,2.3,8.0,4.0,4.5,4.27,,0.3525
2022-03-01,174.0,153.0,144.18,90.18,,172.2,95.6,2.4,8.0,4.0,4.5,4.27,,0.3525
2022-03-02,174.7,150.73,144.94,91.22,,172.75,96.6,2.4,8.0,4.0,4.5,4.27,,0.355
2022-03-03,183.2,157.83,153.33,97.84,,181.25,102.05,2.5,8.0,4.0,4.5,4.27,,0.37
2022-03-04,183.1,157.39,152.97,96.24,,181.4,101.7,2.5,8.0,4.0,4.5,4.27,,0.375
2022-03-05,,,,,,,,,,,,,,
2022-03-06,,,,,,,,,,,,,,
2022-03-07,191.7,165.75,161.65,101.56,,192.25,107.7,2.65,8.0,4.0,4.5,4.27,,0.385
2022-03-08,191.3,171.15,161.53,101.41,,191.75,107.65,2.65,8.5,4.0,4.5,4.27,,0.39
2022-03-09,188.4,165.92,158.79,100.45,,187.4,106.8,2.6,8.5,4.0,4.5,4.27,,0.395
2022-03-10,187.2,163.84,157.2,99.42,,186.2,106.5,2.55,8.5,4.0,4.5,4.27,,0.4315
2022-03-11,185.1,161.48,155.06,97.77,,184.35,103.35,2.55,8.5,4.0,4.5,4.27,,0.4315
2022-03-12,,,,,,,,,,,,,,
2022-03-13,,,,,,,,,,,,,,
2022-03-14,174.9,149.07,143.7,90.77,,174.75,97.95,2.4,8.5,4.0,4.5,4.27,,0.453
2022-03-15,167.7,141.44,136.19,86.17,,164.4,92.9,2.25,8.0,4.0,4.5,4.27,,0.453
2022-03-16,172.8,150.18,145.24,92.23,,174.3,98.85,2.4,8.0,4.0,4.5,4.27,,0.453
2022-03-17,172.8,152.82,145.06,92.02,,174.75,100.75,2.4,8.0,4.0,4.5,4.27,,0.45
2022-03-18,178.1,155.74,150.05,94.53,,179.2,102.55,2.4,8.0,4.0,4.5,4.27,,0.45
2022-03-19,,,,,,,,,,,,,,
2022-03-20,,,,,,,,,,,,,,
2022-03-21,175.6,152.55,147.68,93.32,,175.75,100.25,2.45,7.0,4.0,4.5,3.9,,0.45
2022-03-22,171.2,148.0,143.37,90.2,,170.95,97.2,2.35,7.0,4.0,4.5,3.9,,0.44
2022-03-23,172.7,150.1,145.49,91.64,,173.9,100.4,2.4,7.0,4.0,4.5,3.9,,0.43
2022-03-24,172.5,149.9,145.63,91.48,,173.8,101.75,2.4,7.0,4.0,4.5,3.9,,0.377
2022-03-25,177.4,155.0,150.75,94.49,,176.8,105.25,2.5,7.0,4.0,4.5,3.9,,0.377
2022-03-26,,,,,,,,,,,,,,
2022-03-27,,,,,,,,,,,,,,
2022-03-28,177.9,155.49,151.11,95.34,,177.9,107.55,2.5,7.0,4.0,4.5,3.9,,0.377
2022-03-29,178.4,158.43,152.92,95.37,,177.95,107.6,2.5,7.0,4.0,4.5,3.9,,0.377
2022-03-30,182.7,162.1,158.2,98.03,,183.0,111.3,2.6,7.0,4.0,4.5,3.9,,0.377
2022-03-31,184.0,162.37,158.06,105.11,,182.8,112.25,2.6,7.0,4.0,4.5,3.9,,0.3125
2022-04-01,185.0,163.4,159.96,106.41,,184.05,112.8,2.65,7.0,4.0,4.5,3.9,,0.3125
2022-04-02,,,,,,,,,,,,,,
2022-04-03,,,,,,,,,,,,,,
2022-04-04,186.1,164.37,160.59,105.97,,185.0,114.9,2.65,7.0,4.0,4.5,3.9,,0.3125
2022-04-05,186.2,164.91,160.69,108.47,,185.0,113.6,2.65,7.0,4.0,4.5,3.9,,0.3125
2022-04-06,184.7,163.57,159.29,106.94,,184.4,113.0,2.65,7.0,4.0,4.5,3.9,,0.3125
2022-04-07,181.0,160.46,156.44,103.0,,179.25,110.35,2.55,6.5,4.0,4.5,3.9,,0.3125
2022-04-08,178.1,157.65,154.09,102.13,,178.65,109.6,2.55,6.5,4.0,4.5,3.9,,0.3125
2022-04-09,,,,,,,,,,,,,,
2022-04-10,,,,,,,,,,,,,,
2022-04-11,174.9,154.24,150.65,100.4,,174.6,108.2,2.5,6.5,4.0,4.5,3.9,,0.3125
2022-04-12,178.1,158.15,154.67,102.25,,178.35,110.25,2.55,6.5,4.0,4.5,3.9,,0.31
2022-04-13,174.9,154.04,150.65,100.39,,174.9,109.4,2.5,6.5,4.0,4.5,3.9,,0.31
2022-04-14,176.0,155.93,152.25,101.24,,176.3,111.0,2.5,6.5,4.0,4.5,3.9,,0.31
2022-04-15,,,,,,,,2.5,,,,,,
2022-04-16,,,,,,,,,,,,,,
2022-04-17,,,,,,,,,,,,,,
2022-04-18,179.1,156.6,153.03,102.27,,178.4,111.55,2.55,6.5,4.0,4.5,3.9,,0.31
2022-04-19,175.2,152.92,149.55,100.06,,174.4,108.75,2.45,6.5,4.0,4.5,3.9,,0.31
2022-04-20,176.3,156.2,150.05,99.66,,175.25,110.45,2.5,6.5,4.0,4.5,3.9,,0.31
2022-04-21,176.3,155.38,149.76,99.81,,174.6,110.55,2.45,6.5,4.0,4.5,3.9,,0.31
2022-04-22,176.3,155.31,149.93,99.38,,175.05,110.85,2.5,6.5,4.0,4.5,3.9,,0.31
2022-04-23,,,,,,,,,,,,,,
2022-04-24,,,,,,,,,,,,,,
2022-04-25,161.8,141.55,136.48,91.02,,160.3,103.3,2.25,6.5,4.0,4.5,3.9,,0.31
2022-04-26,163.6,143.48,138.32,92.89,,163.45,105.85,2.3,6.5,4.0,4.5,3.9,,0.31
2022-04-27,166.9,145.05,140.82,94.71,,166.15,107.0,2.3,6.5,4.0,4.5,3.73,,0.31
2022-04-28,167.1,146.04,141.85,96.98,,167.7,109.05,2.35,6.5,4.0,4.5,3.73,,0.3075
2022-04-29,169.4,152.3,145.99,109.74,,168.05,109.35,2.35,6.5,4.0,4.5,3.73,,0.3075
2022-04-30,,,,,,,,,,,,,,
2022-05-01,,,,,,,,,,,,,,
2022-05-02,,,,,,,,,,,,,,
2022-05-03,,,,,,,,,,,,,,
2022-05-04,168.7,148.94,143.42,107.16,,168.6,112.0,2.35,6.5,4.0,4.5,3.73,,0.3075
2022-05-05,169.6,150.29,144.55,108.46,,171.5,114.05,2.4,6.5,4.0,4.5,3.73,,0.3075
2022-05-06,163.7,143.85,138.48,104.21,,164.7,109.2,2.3,6.5,4.0,4.5,3.73,,0.2735
2022-05-07,,,,,,,,,,,,,,
2022-05-08,,,,,,,,,,,,,,
2022-05-09,154.9,135.01,129.92,97.59,,156.35,104.7,2.15,6.5,4.0,4.5,3.73,,0.2735
2022-05-10,152.0,131.67,126.88,95.23,,152.1,102.75,2.1,6.5,4.0,4.5,3.73,,0.2735
2022-05-11,157.9,137.66,133.12,98.9,,157.0,104.2,2.2,5.6,4.0,4.5,3.73,,0.27
2022-05-12,150.6,131.42,126.83,95.24,,150.55,99.85,2.1,5.6,4.0,4.5,3.73,,0.27
2022-05-13,153.8,132.92,128.4,96.3,,150.35,100.15,2.1,5.6,4.0,4.5,3.73,,0.27
2022-05-14,,,,,,,,,,,,,,
2022-05-15,,,,,,,,,,,,,,
2022-05-16,,,,,,,,2.1,,,,,,
2022-05-17,153.8,133.94,129.31,96.84,,152.65,101.9,2.15,5.6,4.0,4.5,3.73,,0.27
2022-05-18,151.3,131.25,126.76,94.43,,149.1,99.55,2.1,5.6,4.0,4.5,2.67,,0.2725
2022-05-19,152.0,132.7,127.57,95.81,,151.5,102.6,2.15,5.6,4.0,4.5,2.67,,0.275
2022-05-20,159.7,139.7,134.65,100.17,,159.65,107.65,2.25,5.6,4.0,4.5,2.67,,0.3445
2022-05-21,,,,,,,,,,,,,,
2022-05-22,,,,,,,,,,,,,,
2022-05-23,159.9,140.21,135.73,101.7,,159.35,107.5,2.25,5.6,4.0,4.5,2.67,,0.3445
2022-05-24,156.8,135.21,131.06,99.13,,154.6,103.3,2.15,5.6,4.0,4.5,2.17,,0.37
2022-05-25,157.8,136.79,132.58,99.34,,157.5,105.5,2.2,5.6,4.0,4.5,2.17,,0.35
2022-05-26,156.5,135.44,131.29,97.98,,155.35,104.6,2.15,5.6,4.0,4.5,2.17,,0.35
2022-05-27,159.4,137.82,134.22,100.44,,158.55,108.0,2.2,5.6,4.0,4.5,2.17,,0.3405
2022-05-28,,,,,,,,,,,,,,
2022-05-29,,,,,,,,,,,,,,
2022-05-30,160.8,140.5,135.78,100.87,,159.95,109.3,2.25,5.6,3.5,4.5,2.17,,0.3405
2022-05-31,161.0,140.5,136.15,105.58,,159.85,111.35,2.25,5.6,3.5,4.5,2.17,,0.3355
2022-06-01,160.6,140.16,135.91,106.59,,159.9,112.05,2.25,5.6,3.5,4.5,2.17,,0.323
2022-06-02,166.8,146.64,141.15,112.51,,166.65,117.2,2.35,5.6,3.5,4.5,2.17,,0.2995
2022-06-03,166.9,146.7,141.95,114.39,,166.65,117.2,2.35,5.6,3.5,4.5,2.17,,0.2995
2022-06-04,,,,,,,,,,,,,,
2022-06-05,,,,,,,,,,,,,,
2022-06-06,168.2,149.05,144.55,114.46,,168.55,119.5,2.4,5.6,3.5,4.5,2.17,,0.2995
2022-06-07,169.8,150.35,146.3,116.05,,168.4,119.35,2.4,4.55,3.5,4.5,2.17,,0.2665
2022-06-08,167.8,150.09,145.84,115.97,,167.4,119.55,2.4,4.55,3.5,4.5,2.17,,0.2285
2022-06-09,166.3,148.42,143.99,114.11,,164.35,117.25,2.35,4.55,3.5,4.5,2.17,,0.213
2022-06-10,162.9,144.58,141.19,114.11,,162.05,118.1,2.35,4.55,3.5,4.5,2.17,,0.213
2022-06-11,,,,,,,,,,,,,,
2022-06-12,,,,,,,,,,,,,,
2022-06-13,158.6,139.35,135.87,108.18,,157.1,113.65,2.25,4.55,3.5,4.5,2.17,,0.21
2022-06-14,155.8,137.69,134.18,106.95,,154.7,112.35,2.2,4.55,3.5,4.5,2.17,,0.21
2022-06-15,151.3,133.95,130.67,104.25,,151.35,109.5,2.15,4.55,3.5,4.5,1.77,,0.21
2022-06-16,149.8,132.08,129.08,103.28,,149.3,108.25,2.15,4.55,3.5,4.5,1.77,,0.1555
2022-06-17,141.4,124.47,121.64,97.55,,141.95,103.15,2.0,4.55,3.5,4.5,1.77,,0.1555
2022-06-18,,,,,,,,,,,,,,
2022-06-19,,,,,,,,,,,,,,
2022-06-20,131.7,114.61,111.69,90.33,,131.9,95.55,1.85,4.55,3.5,4.5,1.77,,0.1555
2022-06-21,134.4,117.9,115.41,92.32,,134.95,98.35,1.9,4.55,3.5,4.5,1.77,,0.153
2022-06-22,128.1,111.54,108.98,88.08,,127.9,92.85,1.8,4.55,3.5,4.5,1.77,,0.0935
2022-06-23,129.4,116.95,116.3,91.54,,131.35,100.75,1.9,4.55,3.5,4.5,1.77,,0.0935
2022-06-24,130.9,117.0,115.44,91.62,,130.3,99.4,1.9,4.55,3.5,4.5,1.77,,0.0935
2022-06-25,,,,,,,,,,,,,,
2022-06-26,,,,,,,,,,,,,,
2022-06-27,136.4,123.6,120.25,96.14,,134.9,104.45,2.0,4.55,3.0,4.5,1.77,,0.098
2022-06-28,140.8,127.92,124.82,99.69,,140.3,108.1,2.05,4.55,3.0,4.5,1.77,,0.098
2022-06-29,139.4,126.51,123.65,98.77,,138.5,106.55,2.05,4.55,3.0,4.5,1.77,,0.1
2022-06-30,136.9,123.55,121.17,101.54,,135.4,104.35,2.0,4.55,3.0,4.5,1.77,,0.1
2022-07-01,130.0,117.38,114.96,97.56,,131.45,100.3,1.95,4.55,3.0,4.0,1.77,,0.1
2022-07-02,,,,,,,,,,,,,,
2022-07-03,,,,,,,,,,,,,,
2022-07-04,,,,,,124.9,95.6,1.8,4.55,3.0,4.0,1.77,,0.1
2022-07-05,126.3,115.26,112.98,96.42,,128.35,98.95,1.9,4.2,3.0,4.0,2.1,,0.1
2022-07-06,125.7,113.94,111.54,94.31,,126.4,96.9,1.85,4.2,3.0,4.0,2.1,,0.1
2022-07-07,127.3,116.42,114.31,96.39,,128.65,98.55,1.9,4.2,3.0,4.0,2.1,,0.1
2022-07-08,127.4,115.4,113.68,96.47,,127.85,98.05,1.9,4.2,3.0,4.0,2.1,,0.1
2022-07-09,,,,,,,,,,,,,,
2022-07-10,,,,,,,,,,,,,,
2022-07-11,,,,,,,,1.9,,,,,,
2022-07-12,118.5,107.06,105.0,89.59,,118.8,92.05,1.75,4.2,3.0,4.0,1.97,,0.105
2022-07-13,121.5,110.96,108.91,92.96,,122.15,94.95,1.8,4.2,3.0,4.0,1.97,,0.105
2022-07-14,113.4,102.35,100.29,87.11,,113.0,87.6,1.65,4.0,3.0,4.0,1.97,,0.105
2022-07-15,108.2,98.07,96.04,82.8,,108.6,84.85,1.6,4.0,3.0,4.0,1.97,,0.1
2022-07-16,,,,,,,,,,,,,,
2022-07-17,,,,,,,,,,,,,,
2022-07-18,112.2,102.04,100.38,85.91,,112.9,88.45,1.7,4.0,3.0,4.0,1.97,,0.0975
2022-07-19,108.7,98.86,97.1,84.44,,108.45,85.2,1.6,4.0,3.0,4.0,1.97,,0.0975
2022-07-20,110.2,100.4,98.58,85.63,,109.55,87.35,1.6,4.0,3.0,4.0,1.97,,0.095
2022-07-21,109.0,98.52,96.71,84.04,,108.4,86.15,1.6,4.0,3.0,4.0,1.97,,0.06
2022-07-22,113.5,103.71,101.9,88.46,,111.85,90.4,1.65,4.0,3.0,4.0,1.97,,0.048
2022-07-23,,,,,,,,,,,,,,
2022-07-24,,,,,,,,,,,,,,
2022-07-25,114.6,106.0,103.16,89.59,,115.5,92.5,1.75,4.0,2.2,4.0,1.97,,0.05
2022-07-26,122.7,113.79,112.04,95.21,,122.2,97.6,1.85,4.0,2.2,4.0,1.97,,0.05
2022-07-27,122.6,113.3,112.04,95.59,,121.55,98.0,1.85,4.0,2.2,4.0,1.97,,0.05
2022-07-28,129.7,121.27,119.74,101.44,,128.45,103.65,1.95,4.0,2.2,4.5,1.97,,0.0895
2022-07-29,125.2,116.56,115.0,95.35,,125.0,98.0,1.9,4.0,2.2,4.5,1.97,,0.0895
2022-07-30,,,,,,,,,,,,,,
2022-07-31,,,,,,,,,,,,,,
2022-08-01,124.2,115.32,113.98,95.49,,124.0,96.85,1.85,4.0,2.2,4.5,1.97,,0.0895
2022-08-02,124.7,115.36,114.2,94.86,,124.8,97.3,1.9,4.0,2.2,4.5,1.97,,0.094
2022-08-03,119.9,111.2,109.07,90.96,,119.6,93.45,1.8,4.0,2.2,4.5,1.97,,0.094
2022-08-04,120.7,106.2,105.12,86.99,,115.3,89.5,1.7,4.0,2.2,4.5,1.97,,0.096
2022-08-05,119.8,109.6,107.88,91.17,,118.45,91.65,1.8,4.0,2.8,5.1,1.97,,0.096
2022-08-06,,,,,,,,,,,,,,
2022-08-07,,,,,,,,,,,,,,
2022-08-08,122.2,113.0,110.88,92.01,,120.3,93.35,1.8,4.0,2.8,5.1,1.97,,0.096
2022-08-09,,,,,,,,1.8,,,,,,
2022-08-10,120.8,110.24,108.75,90.71,,119.9,92.7,1.8,4.0,2.8,5.1,1.97,,0.096
2022-08-11,122.9,112.49,110.75,92.69,,122.1,93.85,1.85,4.0,2.8,5.1,1.97,,0.1
2022-08-12,121.3,110.82,109.2,91.19,,120.35,92.65,1.8,4.0,2.8,5.1,1.97,,0.1
2022-08-13,,,,,,,,,,,,,,
2022-08-14,,,,,,,,,,,,,,
2022-08-15,117.3,107.3,105.26,88.02,,116.35,88.95,1.75,4.0,2.8,5.1,1.97,,0.1
2022-08-16,116.7,106.76,104.6,87.43,,116.0,88.65,1.75,4.0,2.8,5.1,1.97,,0.1
2022-08-17,113.1,101.96,100.19,83.9,,112.35,85.85,1.65,4.0,2.8,5.1,1.97,,0.1
2022-08-18,112.9,102.5,100.48,84.05,,112.55,85.85,1.65,4.0,2.05,4.35,1.97,,0.1
2022-08-19,114.0,101.66,99.61,83.29,,112.35,85.1,1.65,4.0,2.05,4.35,1.97,,0.1015
2022-08-20,,,,,,,,,,,,,,
2022-08-21,,,,,,,,,,,,,,
2022-08-22,113.6,102.2,100.37,83.85,,113.3,86.0,1.65,4.0,2.05,4.35,1.97,,0.1
2022-08-23,114.6,104.3,102.18,85.16,,114.95,87.3,1.7,4.0,2.05,4.35,1.97,,0.1
2022-08-24,116.6,104.5,102.7,85.66,,115.15,87.4,1.7,3.7,2.05,4.35,1.97,,0.1
2022-08-25,115.9,103.77,103.0,85.19,,114.9,86.85,1.7,3.7,2.05,4.35,1.97,,0.1
2022-08-26,118.1,107.33,105.98,87.39,,118.25,89.5,1.75,3.7,2.05,4.35,1.97,,0.1
2022-08-27,,,,,,,,,,,,,,
2022-08-28,,,,,,,,,,,,,,
2022-08-29,114.2,103.33,101.71,83.97,,113.9,86.15,1.7,3.55,2.05,4.35,1.97,,0.096
2022-08-30,109.6,99.17,98.63,80.34,,109.75,82.6,1.6,3.55,2.05,4.35,1.97,,0.096
2022-08-31,112.6,102.2,99.76,84.04,,113.1,88.65,1.7,3.55,2.05,4.35,1.97,,0.096
2022-09-01,108.5,97.72,95.89,80.84,,107.75,82.9,1.6,3.55,2.05,4.35,1.97,,0.096
2022-09-02,107.3,96.63,95.02,79.65,,107.15,82.35,1.6,3.55,2.05,4.35,1.97,,0.096
2022-09-03,,,,,,,,,,,,,,
2022-09-04,,,,,,,,,,,,,,
2022-09-05,110.6,98.7,98.33,82.49,,110.0,84.35,1.65,3.55,2.05,4.35,1.97,,0.0945
2022-09-06,108.7,98.21,96.89,81.2,,109.05,83.75,1.6,3.4,2.05,4.35,1.97,,0.0945
2022-09-07,108.0,97.51,96.35,80.48,,108.65,83.6,1.6,3.4,2.05,4.35,1.97,,0.0945
2022-09-08,112.1,101.48,100.62,83.78,,111.55,85.9,1.65,3.2,2.05,4.35,1.53,,0.0945
2022-09-09,114.5,104.04,103.01,86.05,,115.15,88.8,1.7,3.2,2.05,4.35,1.53,,0.0945
2022-09-10,,,,,,,,,,,,,,
2022-09-11,,,,,,,,,,,,,,
2022-09-12,114.2,103.99,102.87,85.71,,113.45,87.85,1.7,3.2,2.05,4.35,1.53,,0.0945
2022-09-13,116.5,105.5,103.85,86.45,,115.95,89.3,1.75,3.2,2.05,4.35,1.53,,0.0925
2022-09-14,113.5,103.03,101.41,84.71,,112.5,87.1,1.7,3.2,2.05,4.35,1.53,,0.0925
2022-09-15,113.0,102.58,101.08,84.59,,112.75,87.1,1.7,3.0,2.05,4.0,1.53,,0.103
2022-09-16,110.0,99.67,98.23,82.33,,110.15,84.75,1.65,3.0,2.05,4.0,1.53,,0.102
2022-09-17,,,,,,,,,,,,,,
2022-09-18,,,,,,,,,,,,,,
2022-09-19,109.5,98.6,97.72,83.84,,110.1,87.95,1.65,2.8,2.05,3.6,1.53,,0.102
2022-09-20,109.1,98.25,97.21,81.09,,108.85,87.25,1.6,2.8,2.05,3.6,1.53,,0.102
2022-09-21,108.4,97.8,96.24,80.6,,108.4,86.8,1.6,2.8,2.05,3.6,1.2,,0.102
2022-09-22,110.6,99.8,98.35,82.74,,110.75,88.65,1.65,2.8,2.05,3.4,1.2,,0.102
2022-09-23,111.2,100.46,98.87,82.84,,111.6,88.65,1.65,2.8,2.05,3.4,1.2,,0.104
2022-09-24,,,,,,,,,,,,,,
2022-09-25,,,,,,,,,,,,,,
2022-09-26,109.3,97.91,96.25,79.63,,108.6,86.8,1.6,2.8,2.05,3.4,1.2,,0.152
2022-09-27,111.2,99.39,97.58,80.98,,110.6,87.65,1.6,2.8,2.05,3.4,1.2,,0.1855
2022-09-28,109.3,97.02,95.41,78.84,,108.5,85.35,1.6,2.8,2.05,3.4,1.2,,0.1855
2022-09-29,110.0,97.0,96.02,79.45,,108.85,85.95,1.6,2.8,2.05,3.4,1.2,,0.1855
2022-09-30,110.0,97.62,96.02,82.31,,109.15,85.25,1.6,2.8,2.05,3.4,1.2,,0.1975
2022-10-01,,,,,,,,,,,,,,
2022-10-02,,,,,,,,,,,,,,
2022-10-03,108.0,95.44,94.04,81.06,,108.5,83.7,1.6,2.8,2.05,3.4,1.2,,0.1975
2022-10-04,108.0,95.44,94.04,82.04,,108.7,85.15,1.6,2.8,2.05,3.4,1.2,,0.1975
2022-10-05,108.5,96.13,94.59,82.7,,108.9,85.55,1.6,2.8,2.05,3.4,1.2,,0.1975
2022-10-06,108.5,96.13,94.59,82.7,,109.0,85.5,1.6,2.8,2.05,3.4,1.2,,0.1975
2022-10-07,108.5,96.13,94.59,82.7,,109.0,85.6,1.6,2.8,2.05,3.4,1.2,,0.1975
2022-10-08,,,,,,,,,,,,,,
2022-10-09,,,,,,,,,,,,,,
2022-10-10,112.7,99.83,98.5,84.75,,112.3,87.25,1.65,2.8,2.05,3.4,1.2,,0.199
2022-10-11,111.0,97.87,96.59,84.11,,110.85,85.7,1.6,2.4,2.05,3.4,1.2,,0.2475
2022-10-12,110.0,97.36,96.0,82.77,,110.3,84.9,1.6,2.4,2.05,3.4,1.2,,0.2475
2022-10-13,108.2,95.5,94.86,81.29,,108.0,83.0,1.55,2.4,2.05,3.4,1.2,,0.2475
2022-10-14,108.7,96.91,95.53,82.42,,109.15,85.0,1.6,2.4,2.05,3.4,1.2,,0.2475
2022-10-15,,,,,,,,,,,,,,
2022-10-16,,,,,,,,,,,,,,
2022-10-17,106.5,95.0,93.68,80.77,,106.75,82.8,1.55,2.4,2.05,3.4,1.2,,0.2375
2022-10-18,106.5,95.25,94.25,81.43,,107.55,83.8,1.6,2.4,2.05,3.4,1.2,,0.235
2022-10-19,105.8,94.25,93.02,81.04,,106.05,83.1,1.55,2.4,2.05,3.4,1.2,,0.23
2022-10-20,103.0,91.37,90.21,78.92,,103.4,81.15,1.5,2.0,2.05,3.4,1.2,,0.158
2022-10-21,104.1,92.47,91.47,80.23,,105.0,82.6,1.55,2.0,2.05,3.4,1.2,,0.158
2022-10-22,,,,,,,,,,,,,,
2022-10-23,,,,,,,,,,,,,,
2022-10-24,,,,,,,,1.55,,,,,,
2022-10-25,101.9,89.98,89.36,78.19,,101.5,79.95,1.5,2.0,2.05,3.4,1.2,,0.158
2022-10-26,100.3,88.53,87.62,77.21,,99.8,77.75,1.45,2.0,2.05,3.4,1.2,,0.158
2022-10-27,94.9,83.47,82.63,72.32,,94.5,73.25,1.4,2.0,2.05,3.4,1.2,,0.156
2022-10-28,93.1,82.2,81.31,69.58,,93.85,72.95,1.35,2.0,2.05,3.4,1.2,,0.156
2022-10-29,,,,,,,,,,,,,,
2022-10-30,,,,,,,,,,,,,,
2022-10-31,90.8,80.28,79.06,68.22,,91.0,69.85,1.35,2.0,2.05,3.0,1.2,,0.155
2022-11-01,91.1,81.1,79.87,68.61,,91.35,70.25,1.35,2.0,2.05,3.0,1.2,,0.145
2022-11-02,93.3,83.02,82.32,71.09,,92.55,72.45,1.4,2.0,2.05,3.0,1.2,,0.145
2022-11-03,94.0,84.1,83.38,72.06,,93.5,73.2,1.4,2.0,2.05,3.0,1.2,,0.1305
2022-11-04,98.4,88.42,87.49,75.85,,97.8,76.75,1.45,1.7,2.05,3.0,1.2,,0.1305
2022-11-05,,,,,,,,,,,,,,
2022-11-06,,,,,,,,,,,,,,
2022-11-07,98.0,87.98,86.98,75.29,,97.95,76.85,1.45,1.7,2.05,3.0,1.2,,0.1305
2022-11-08,100.1,90.0,89.24,77.34,,99.05,78.25,1.5,1.7,2.05,3.0,1.2,,0.1065
2022-11-09,100.5,90.57,89.56,77.75,,99.55,78.75,1.5,1.7,2.05,3.0,1.2,,0.105
2022-11-10,98.6,88.44,87.52,76.17,,98.15,77.4,1.45,1.7,2.05,3.0,1.2,,0.113
2022-11-11,103.2,92.75,91.85,80.03,,102.55,79.55,1.55,1.7,2.05,3.0,1.2,,0.113
2022-11-12,,,,,,,,,,,,,,
2022-11-13,,,,,,,,,,,,,,
2022-11-14,106.1,95.08,94.58,82.54,,105.6,81.6,1.6,1.7,2.05,3.0,1.2,,0.113
2022-11-15,106.8,96.38,95.87,83.57,,106.0,82.1,1.6,1.7,2.05,3.0,1.4,,0.1185
2022-11-16,109.0,98.17,97.53,85.16,,108.4,84.05,1.65,1.7,2.05,3.0,1.4,,0.1485
2022-11-17,108.7,98.2,97.51,85.35,,108.65,84.35,1.65,1.7,2.05,3.0,1.4,,0.1485
2022-11-18,110.7,99.51,98.62,86.7,,109.9,84.4,1.65,1.7,2.05,3.0,1.4,,0.1485
2022-11-19,,,,,,,,,,,,,,
2022-11-20,,,,,,,,,,,,,,
2022-11-21,107.4,97.65,96.25,83.36,,107.05,80.25,1.6,1.7,2.05,3.0,1.4,,0.145
2022-11-22,106.1,95.0,94.24,81.74,,105.0,78.7,1.55,1.7,2.05,3.0,1.4,,0.145
2022-11-23,107.2,96.42,95.41,82.98,,106.5,80.4,1.6,1.7,2.05,3.0,1.4,,0.1485
2022-11-24,107.9,97.14,96.29,83.53,,107.75,80.7,1.6,1.7,2.05,3.0,1.4,,0.1485
2022-11-25,112.1,100.16,99.27,85.6,,111.65,83.55,1.65,1.7,2.05,3.0,1.4,,0.1485
2022-11-26,,,,,,,,,,,,,,
2022-11-27,,,,,,,,,,,,,,
2022-11-28,111.0,99.5,98.77,85.74,,110.9,82.95,1.65,1.7,2.05,3.0,1.4,,0.147
2022-11-29,113.6,102.3,101.6,87.78,,113.25,84.75,1.7,1.7,2.05,3.0,1.4,,0.147
2022-11-30,113.6,102.07,101.37,85.72,,113.15,85.25,1.7,1.7,2.05,3.0,1.4,,0.15
2022-12-01,115.7,104.04,103.3,85.27,,115.1,87.1,1.7,1.7,2.05,3.0,1.4,,0.15
2022-12-02,119.3,107.9,106.93,88.29,,119.3,90.2,1.8,1.7,2.05,3.0,1.4,,0.162
2022-12-03,,,,,,,,,,,,,,
2022-12-04,,,,,,,,,,,,,,
2022-12-05,122.4,111.35,110.61,91.08,,121.6,92.1,1.8,1.7,2.05,3.0,1.4,,0.162
2022-12-06,121.7,110.86,110.21,90.81,,121.7,91.75,1.8,2.0,2.05,3.0,1.4,,0.126
2022-12-07,119.9,108.25,107.6,88.8,,119.45,90.3,1.8,2.0,2.05,3.0,1.4,,0.126
2022-12-08,122.4,112.0,110.4,91.1,,122.7,92.8,1.85,2.3,2.05,3.0,1.4,,0.13
2022-12-09,125.1,113.0,111.87,92.92,,124.4,94.65,1.85,2.3,2.05,3.0,1.4,,0.13
2022-12-10,,,,,,,,,,,,,,
2022-12-11,,,,,,,,,,,,,,
2022-12-12,123.8,111.25,110.04,91.45,,122.25,92.75,1.85,2.3,2.05,3.0,1.4,,0.13
2022-12-13,122.9,111.15,110.13,91.15,,122.3,92.75,1.85,2.3,2.05,3.0,1.4,,0.1335
2022-12-14,122.9,112.3,109.94,90.85,,121.75,91.6,1.8,2.3,2.05,3.0,1.4,,0.1335
2022-12-15,128.0,114.5,112.71,92.95,,125.35,94.55,1.9,2.3,2.05,3.0,1.4,,0.1335
2022-12-16,126.9,114.0,112.42,93.03,,124.9,94.25,1.85,2.3,2.05,3.0,1.4,,0.135
2022-12-17,,,,,,,,,,,,,,
2022-12-18,,,,,,,,,,,,,,
2022-12-19,123.8,110.19,108.79,90.49,,121.4,90.95,1.8,2.3,2.05,3.0,1.4,,0.1365
2022-12-20,124.4,111.5,110.12,91.38,,122.7,93.0,1.85,2.3,2.05,3.0,1.4,,0.127
2022-12-21,129.4,115.15,113.6,93.9,,127.1,97.0,1.9,2.3,2.05,3.0,1.4,,0.1195
2022-12-22,126.6,113.29,111.83,92.95,,124.65,94.5,1.85,2.3,2.05,3.0,1.4,,0.1195
2022-12-23,126.1,112.86,111.4,92.71,,125.5,95.3,1.85,2.5,2.05,3.0,1.4,,0.12
2022-12-24,,,,,,,,,,,,,,
2022-12-25,,,,,,,,,,,,,,
2022-12-26,,,,,,,,1.85,,,,,,
2022-12-27,129.0,115.6,114.31,94.91,,127.3,96.45,1.9,2.5,2.05,3.0,1.4,,0.105
2022-12-28,129.0,115.75,114.47,95.05,,127.4,96.45,1.9,2.5,2.05,3.0,1.4,,0.098
2022-12-29,129.3,117.0,115.02,95.88,,128.2,97.6,1.9,2.5,2.05,3.0,1.4,,0.098
2022-12-30,132.3,119.9,117.82,96.72,,130.9,98.15,1.95,2.9,2.05,3.0,1.4,,0.1
2022-12-31,,,,,,,,,,,,,,
2023-01-01,,,,,,,,,,,,,,
2023-01-02,,,,,,,,,,,,,,
2023-01-03,132.0,119.48,117.51,95.63,,130.9,98.4,1.95,2.9,2.05,3.0,1.4,,0.0875
2023-01-04,131.2,118.63,116.73,95.01,,130.0,97.55,1.95,2.9,2.05,3.0,1.4,,0.0875
2023-01-05,131.1,120.1,116.92,94.76,,130.2,97.6,1.95,3.5,2.05,3.0,1.3,,0.11
2023-01-06,133.5,122.0,119.75,96.75,,132.8,99.35,2.0,3.5,2.05,3.0,1.3,,0.11
2023-01-07,,,,,,,,,,,,,,
2023-01-08,,,,,,,,,,,,,,
2023-01-09,132.5,120.2,118.25,96.18,,131.9,98.85,1.95,3.5,2.05,3.0,1.3,,0.11
2023-01-10,137.2,123.93,121.95,99.44,,136.0,103.45,2.0,3.5,2.05,3.0,1.3,,0.11
2023-01-11,138.3,126.8,123.11,100.01,,137.85,104.3,2.05,3.5,2.05,3.0,1.3,,0.1125
2023-01-12,137.9,126.03,123.07,100.48,,137.5,104.45,2.05,3.5,2.05,3.0,1.3,,0.1125
2023-01-13,140.4,128.7,126.87,103.48,,140.85,107.3,2.1,3.5,2.05,3.0,1.3,,0.1125
2023-01-14,,,,,,,,,,,,,,
2023-01-15,,,,,,,,,,,,,,
2023-01-16,134.5,122.57,120.83,98.69,,134.6,102.0,2.0,3.5,2.05,3.0,1.3,,0.1125
2023-01-17,136.0,123.08,121.4,99.47,,135.35,103.0,2.0,3.5,2.05,3.0,1.3,,0.1125
2023-01-18,136.0,124.47,122.22,100.4,,136.55,103.7,2.05,3.5,2.05,3.0,1.13,,0.115
2023-01-19,138.6,127.55,124.6,102.09,,138.8,105.7,2.05,3.5,2.05,3.0,1.13,,0.115
2023-01-20,140.9,128.98,126.87,104.08,,140.5,107.35,2.1,3.5,2.05,3.0,1.13,,0.115
2023-01-21,,,,,,,,,,,,,,
2023-01-22,,,,,,,,,,,,,,
2023-01-23,,,,,,,,,,,,,,
2023-01-24,,,,,,,,,,,,,,
2023-01-25,140.9,128.59,126.37,103.4,,140.65,107.2,2.1,3.5,2.05,3.0,1.13,,0.115
2023-01-26,141.4,128.54,126.5,103.82,,140.85,107.45,2.1,3.5,2.05,3.0,1.13,,0.115
2023-01-27,141.8,128.84,127.37,104.38,,141.25,107.45,2.1,3.5,2.05,3.0,1.13,,0.115
2023-01-28,,,,,,,,,,,,,,
2023-01-29,,,,,,,,,,,,,,
2023-01-30,144.2,131.83,129.49,105.49,,143.65,109.65,2.15,3.5,2.05,3.0,1.13,,0.12
2023-01-31,143.7,132.22,128.75,105.82,,142.95,108.45,2.15,3.5,2.05,3.0,1.13,,0.137
2023-02-01,143.0,131.0,127.49,104.8,,140.95,108.6,2.1,3.5,2.05,3.0,1.13,,0.137
2023-02-02,140.0,127.39,124.68,102.52,,139.4,105.65,2.05,3.5,2.05,3.0,1.13,,0.137
2023-02-03,141.5,128.99,126.59,104.08,,141.8,106.8,2.1,3.5,1.8,2.75,1.13,,0.137
2023-02-04,,,,,,,,,,,,,,
2023-02-05,,,,,,,,,,,,,,
2023-02-06,139.5,129.0,124.67,102.45,,139.6,106.65,2.05,3.9,1.8,2.75,0.93,,0.1285
2023-02-07,138.2,126.8,122.48,100.92,,137.45,104.6,2.0,3.9,1.8,2.75,0.93,,0.1285
2023-02-08,137.6,126.05,122.42,100.69,,138.45,104.0,2.05,3.9,1.8,2.75,0.93,,0.128
2023-02-09,139.6,128.74,125.08,102.83,,141.05,106.05,2.05,3.9,1.8,2.75,0.93,,0.128
2023-02-10,140.3,129.35,125.68,103.36,,141.3,106.8,2.1,3.9,1.8,2.75,0.93,,0.128
2023-02-11,,,,,,,,,,,,,,
2023-02-12,,,,,,,,,,,,,,
2023-02-13,136.9,125.73,122.13,100.38,,137.05,103.1,2.0,3.9,1.8,2.75,0.93,,0.128
2023-02-14,138.0,126.92,122.7,101.7,,138.95,104.5,2.05,3.9,1.8,2.75,0.93,,0.128
2023-02-15,139.0,128.11,123.87,102.56,,138.8,105.15,2.05,3.9,1.8,2.75,0.93,,0.128
2023-02-16,140.2,130.0,125.76,103.7,,139.95,106.65,2.05,3.9,1.8,2.75,0.93,,0.12
2023-02-17,141.5,130.97,126.91,104.57,,142.2,108.05,2.1,3.9,1.8,2.75,0.93,,0.1135
2023-02-18,,,,,,,,,,,,,,
2023-02-19,,,,,,,,,,,,,,
2023-02-20,143.7,134.3,129.56,106.59,,144.45,109.75,2.15,3.9,1.8,2.75,0.93,,0.1015
2023-02-21,146.9,136.35,131.57,109.15,,146.75,112.3,2.2,3.9,1.8,2.75,0.93,,0.1015
2023-02-22,145.5,134.93,130.26,108.2,,145.7,111.05,2.15,3.9,1.8,2.75,0.93,,0.1015
2023-02-23,145.3,134.59,129.72,108.01,,145.3,111.45,2.15,3.9,1.8,2.75,0.93,,0.0855
2023-02-24,141.8,130.93,126.66,105.56,,141.75,108.4,2.1,3.9,1.8,2.75,0.93,,0.0855
2023-02-25,,,,,,,,,,,,,,
2023-02-26,,,,,,,,,,,,,,
2023-02-27,136.7,126.62,122.5,102.62,,137.45,104.75,2.05,3.9,1.8,2.75,0.93,,0.0855
2023-02-28,137.3,127.6,123.76,104.96,,137.75,108.5,2.05,3.9,1.8,2.75,0.93,,0.0855
2023-03-01,141.3,130.48,126.74,108.63,,140.9,110.85,2.1,3.9,1.8,2.75,0.93,,0.0855
2023-03-02,141.3,130.64,127.01,108.72,,141.35,111.35,2.1,3.9,1.8,2.75,0.93,,0.108
2023-03-03,142.0,131.7,127.7,109.29,,141.55,111.6,2.1,3.9,1.8,2.75,0.93,,0.108
2023-03-04,,,,,,,,,,,,,,
2023-03-05,,,,,,,,,,,,,,
2023-03-06,139.2,129.08,125.06,106.96,,139.45,109.9,2.05,3.9,1.8,2.75,0.93,,0.11
2023-03-07,143.0,131.78,127.77,109.34,,142.7,111.7,2.1,3.9,1.8,2.5,0.93,,0.108
2023-03-08,143.0,132.1,127.86,109.38,,142.4,111.6,2.1,3.9,1.8,2.5,0.93,,0.108
2023-03-09,143.7,132.47,128.26,109.68,,143.5,112.35,2.15,3.9,1.8,2.5,0.93,,0.104
2023-03-10,145.0,133.93,129.59,110.89,,144.45,113.2,2.15,3.9,1.8,2.5,0.93,,0.094
2023-03-11,,,,,,,,,,,,,,
2023-03-12,,,,,,,,,,,,,,
2023-03-13,148.6,136.28,132.51,113.51,,147.85,114.95,2.2,3.9,1.8,2.5,0.93,,0.094
2023-03-14,148.6,136.47,132.69,113.68,,148.5,115.15,2.2,3.9,1.8,2.5,0.93,,0.094
2023-03-15,149.5,136.7,133.22,114.43,,148.6,115.5,2.2,3.9,1.8,2.5,0.93,,0.094
2023-03-16,146.2,133.7,129.88,111.31,,145.95,112.75,2.15,3.9,1.8,2.5,0.93,,0.104
2023-03-17,147.3,134.62,130.97,112.11,,147.5,114.5,2.2,3.9,1.8,2.5,0.93,,0.106
2023-03-18,,,,,,,,,,,,,,
2023-03-19,,,,,,,,,,,,,,
2023-03-20,142.7,130.39,126.75,108.69,,142.0,109.3,2.1,3.9,1.8,2.5,0.93,,0.106
2023-03-21,140.7,128.43,124.71,107.14,,140.7,106.8,2.05,3.9,1.8,2.5,0.93,,0.11
2023-03-22,137.6,125.59,121.81,104.68,,137.4,103.75,2.0,3.9,1.8,2.5,0.93,,0.115
2023-03-23,136.4,123.27,119.42,102.7,,135.45,102.05,2.0,3.6,1.8,2.5,0.93,,0.127
2023-03-24,137.2,124.44,120.9,103.55,,136.25,103.4,2.0,3.6,1.8,2.5,0.93,,0.127
2023-03-25,,,,,,,,,,,,,,
2023-03-26,,,,,,,,,,,,,,
2023-03-27,136.9,124.09,120.4,103.72,,136.8,104.95,2.0,3.6,1.8,2.5,0.93,,0.127
2023-03-28,139.1,126.09,122.43,105.51,,138.55,106.4,2.05,3.6,1.8,2.5,0.93,,0.127
2023-03-29,140.0,127.69,124.0,106.74,,139.95,107.65,2.05,3.6,1.8,2.5,0.93,,0.1305
2023-03-30,143.3,130.94,127.3,108.74,,142.85,109.65,2.1,3.6,1.8,2.5,0.93,,0.1305
2023-03-31,143.5,131.14,127.5,108.37,,142.15,110.2,2.1,3.6,1.8,2.5,0.93,,0.1605
2023-04-01,,,,,,,,,,,,,,
2023-04-02,,,,,,,,,,,,,,
2023-04-03,138.4,126.05,122.45,104.03,,137.25,106.15,2.0,3.6,1.8,2.5,0.93,,0.1465
2023-04-04,136.2,124.49,120.65,102.44,,135.95,104.7,2.0,3.6,1.8,2.5,0.93,,0.165
2023-04-05,135.8,123.84,119.78,102.03,,135.3,103.4,2.0,3.6,1.8,2.5,0.93,,0.165
2023-04-06,135.3,123.28,119.24,101.73,,134.45,103.5,2.0,3.6,1.8,2.5,0.93,,0.155
2023-04-07,,,,,,,,2.0,,,,,,
2023-04-08,,,,,,,,,,,,,,
2023-04-09,,,,,,,,,,,,,,
2023-04-10,134.6,122.42,118.64,101.02,,134.5,103.5,2.0,3.6,1.8,2.5,0.93,,0.1725
2023-04-11,135.9,125.11,121.07,103.24,,136.85,104.8,2.0,3.6,1.8,2.5,0.93,,0.174
2023-04-12,135.5,123.8,120.06,102.13,,135.6,103.65,2.0,3.6,1.8,2.5,0.93,,0.181
2023-04-13,133.8,121.83,118.29,100.27,,133.8,102.05,1.95,3.6,1.8,2.5,0.93,,0.181
2023-04-14,134.1,122.24,118.6,100.69,,133.75,101.9,1.95,3.6,1.8,2.5,0.93,,0.182
2023-04-15,,,,,,,,,,,,,,
2023-04-16,,,,,,,,,,,,,,
2023-04-17,134.2,122.31,118.64,100.74,,134.35,101.85,2.0,3.6,1.8,2.5,0.93,,0.182
2023-04-18,135.1,124.17,119.62,101.67,,135.1,102.9,2.0,3.6,1.8,2.5,0.93,,0.182
2023-04-19,135.3,124.21,119.46,101.64,,135.35,102.35,2.0,3.6,1.8,2.5,0.93,,0.182
2023-04-20,133.3,121.44,117.12,99.29,,133.15,100.5,1.95,3.6,1.8,2.5,0.93,,0.182
2023-04-21,125.9,114.08,110.41,93.64,,127.55,95.25,1.85,3.6,1.8,2.5,0.93,,0.182
2023-04-22,,,,,,,,,,,,,,
2023-04-23,,,,,,,,,,,,,,
2023-04-24,121.3,109.32,105.84,89.74,,121.8,90.65,1.75,3.6,1.8,2.5,0.93,,0.175
2023-04-25,118.8,107.3,103.48,88.6,,118.95,88.8,1.75,3.6,1.8,2.5,0.93,,0.175
2023-04-26,121.6,109.65,106.32,90.06,,121.1,91.15,1.8,3.6,1.8,2.5,0.93,,0.15
2023-04-27,120.5,108.5,105.11,88.93,,119.85,90.1,1.75,3.6,1.8,2.5,0.93,,0.1645
2023-04-28,120.4,108.64,105.2,87.49,,120.3,90.45,1.75,3.6,1.8,2.5,0.93,,0.176
2023-04-29,,,,,,,,,,,,,,
2023-04-30,,,,,,,,,,,,,,
2023-05-01,,,,,,,,,,,,,,
2023-05-02,120.7,108.8,105.52,88.35,,120.2,90.95,1.75,3.6,1.8,2.5,0.93,,0.176
2023-05-03,120.1,108.6,105.07,87.86,,120.0,90.4,1.75,3.6,1.8,2.5,0.93,,0.176
2023-05-04,117.2,105.6,102.3,85.96,,117.4,88.8,1.75,3.6,1.8,2.5,0.93,,0.15
2023-05-05,115.8,104.0,101.58,85.15,,117.0,88.3,1.7,3.6,1.8,2.5,0.93,,0.149
2023-05-06,,,,,,,,,,,,,,
2023-05-07,,,,,,,,,,,,,,
2023-05-08,123.3,111.42,108.92,90.71,,123.3,93.55,1.8,3.6,1.8,2.5,0.93,,0.149
2023-05-09,120.2,108.08,105.51,88.02,,119.35,91.3,1.75,3.6,1.8,2.5,0.93,,0.1425
2023-05-10,121.5,109.41,106.94,89.53,,120.85,92.1,1.8,3.6,1.8,2.5,0.93,,0.1425
2023-05-11,117.0,105.02,102.48,85.81,,116.2,89.3,1.7,3.6,1.8,2.5,0.93,,0.1425
2023-05-12,117.1,105.14,102.58,85.66,,116.4,89.8,1.7,3.4,1.8,2.5,0.93,,
2023-05-13,,,,,,,,,,,,,,
2023-05-14,,,,,,,,,,,,,,
2023-05-15,122.6,110.17,108.08,90.24,,122.15,93.15,1.8,3.4,1.8,2.5,0.93,,0.1415
2023-05-16,122.6,110.3,108.08,90.65,,122.4,93.0,1.8,3.2,1.8,2.5,0.93,,0.157
2023-05-17,124.5,111.05,109.25,92.96,,125.0,95.65,1.85,3.2,1.8,2.5,0.93,,0.157
2023-05-18,123.8,110.71,108.74,92.84,,124.3,94.6,1.85,3.2,1.8,2.5,0.93,,0.157
2023-05-19,122.7,109.58,107.45,91.22,,122.4,93.0,1.8,3.2,1.8,2.5,0.93,,0.14
2023-05-20,,,,,,,,,,,,,,
2023-05-21,,,,,,,,,,,,,,
2023-05-22,118.7,106.33,104.24,88.58,,118.85,89.95,1.75,3.2,1.8,2.5,0.93,,0.14
2023-05-23,115.3,103.23,101.09,86.18,,116.4,87.85,1.7,3.2,1.8,2.5,0.93,,0.14
2023-05-24,110.2,100.01,97.83,82.7,,110.35,83.9,1.6,3.2,1.8,2.5,0.93,,0.1195
2023-05-25,110.8,99.0,96.98,82.62,,110.6,83.6,1.65,3.2,1.8,2.5,0.88,,0.1195
2023-05-26,114.9,103.78,101.39,86.65,,113.75,87.7,1.7,3.2,1.8,2.5,0.88,,0.133
2023-05-27,,,,,,,,,,,,,,
2023-05-28,,,,,,,,,,,,,,
2023-05-29,116.9,106.07,103.89,88.74,,115.75,89.6,1.75,3.2,1.8,2.5,0.88,,0.133
2023-05-30,115.5,104.07,102.0,86.39,,114.45,88.05,1.7,3.2,1.8,2.5,0.88,,0.138
2023-05-31,115.5,104.63,102.67,86.92,,115.0,88.15,1.7,3.2,1.8,2.5,0.88,,0.14
2023-06-01,117.5,106.55,105.63,86.65,,116.35,89.15,1.75,3.2,1.8,2.5,0.88,,0.142
2023-06-02,,,,,,,,1.75,,,,,,
2023-06-03,,,,,,,,,,,,,,
2023-06-04,,,,,,,,,,,,,,
2023-06-05,119.9,109.71,108.21,89.01,,121.0,91.75,1.8,3.2,1.8,2.5,0.88,,0.141
2023-06-06,120.8,110.43,109.04,89.61,,121.9,92.35,1.8,3.2,1.8,2.5,0.88,,0.141
2023-06-07,122.6,111.87,110.45,91.22,,123.05,93.6,1.85,3.2,1.8,2.5,0.88,,0.122
2023-06-08,125.0,114.59,113.37,93.47,,125.5,96.15,1.9,2.6,1.8,2.5,0.88,,0.1215
2023-06-09,127.4,117.4,116.09,95.56,,126.6,98.8,1.95,2.6,1.8,2.5,0.88,,0.1215
2023-06-10,,,,,,,,,,,,,,
2023-06-11,,,,,,,,,,,,,,
2023-06-12,122.8,112.9,111.72,92.27,,122.35,96.5,1.85,2.6,1.8,2.5,0.88,,0.1205
2023-06-13,125.3,115.13,113.88,94.44,,124.0,97.9,1.85,2.6,1.8,2.5,0.88,,0.1165
2023-06-14,126.4,116.21,114.8,95.49,,125.4,97.85,1.9,2.6,1.8,2.5,0.88,,0.1165
2023-06-15,126.9,117.0,115.62,96.06,,126.5,98.15,1.9,2.6,1.8,2.5,0.88,,0.1035
2023-06-16,126.9,116.93,115.35,96.2,,126.6,98.35,1.9,2.6,1.8,2.5,1.15,,0.1035
2023-06-17,,,,,,,,,,,,,,
2023-06-18,,,,,,,,,,,,,,
2023-06-19,127.0,116.9,115.64,96.43,,126.6,98.5,1.9,2.6,1.8,2.5,1.15,,0.1025
2023-06-20,126.5,116.31,115.06,95.91,,126.2,98.3,1.9,2.6,1.8,2.5,1.15,,0.0885
2023-06-21,123.8,113.45,112.35,93.82,,123.6,96.4,1.85,2.6,1.8,2.5,1.15,,0.0885
2023-06-22,125.0,114.66,113.62,95.0,,123.6,96.55,1.85,2.6,1.8,2.5,1.15,,0.0885
2023-06-23,122.5,111.99,111.02,92.6,,123.35,94.65,1.85,2.6,1.8,2.5,1.15,,0.0885
2023-06-24,,,,,,,,,,,,,,
2023-06-25,,,,,,,,,,,,,,
2023-06-26,122.2,112.05,110.8,92.5,,120.65,94.45,1.8,2.6,1.8,2.5,1.15,,0.0875
2023-06-27,125.4,115.28,114.21,95.54,,125.15,97.05,1.9,2.3,1.8,2.5,1.42,,0.088
2023-06-28,127.1,115.33,114.25,95.3,,124.7,96.7,1.9,2.3,1.8,2.5,1.42,,0.088
2023-06-29,,,,,,,,1.9,,,,,,
2023-06-30,124.6,113.24,112.32,92.48,,123.8,95.1,1.85,2.3,1.8,2.5,1.42,,0.091
2023-07-01,,,,,,,,,,,,,,
2023-07-02,,,,,,,,,,,,,,
2023-07-03,122.9,111.75,110.69,92.22,,122.75,95.05,1.85,2.3,1.8,2.5,1.42,,0.107
2023-07-04,123.5,113.4,111.15,92.82,,122.7,95.55,1.85,2.3,1.8,2.5,1.42,,0.107
2023-07-05,125.5,113.79,111.74,93.38,,124.45,95.95,1.85,2.3,1.8,2.5,1.42,,0.112
2023-07-06,125.5,113.99,111.93,93.59,,125.25,96.25,1.85,2.3,1.8,2.5,1.42,,0.112
2023-07-07,123.2,111.77,109.64,91.95,,122.85,94.5,1.8,2.3,1.8,2.5,1.42,,0.115
2023-07-08,,,,,,,,,,,,,,
2023-07-09,,,,,,,,,,,,,,
2023-07-10,119.1,107.9,105.71,88.55,,118.8,91.35,1.75,2.3,1.8,2.5,1.42,,0.115
2023-07-11,121.8,109.7,107.53,89.97,,120.9,92.45,1.8,2.3,1.8,2.5,1.42,,0.1345
2023-07-12,125.2,113.6,111.1,93.03,,124.55,94.2,1.85,3.2,1.8,2.5,1.42,,0.142
2023-07-13,125.8,114.25,111.77,93.76,,125.75,94.65,1.85,3.2,1.8,2.5,1.42,,0.142
2023-07-14,130.4,118.86,116.52,97.43,,129.8,100.3,1.9,3.2,1.8,2.5,1.42,,0.15
2023-07-15,,,,,,,,,,,,,,
2023-07-16,,,,,,,,,,,,,,
2023-07-17,128.8,117.29,114.94,95.9,,129.05,98.15,1.9,3.2,1.8,2.5,1.42,,0.15
2023-07-18,129.4,117.94,115.72,96.75,,129.85,99.3,1.9,3.2,1.8,2.5,1.42,,0.15
2023-07-19,128.1,116.69,114.46,95.66,,128.0,98.0,1.9,3.2,1.8,2.5,1.42,,0.1565
2023-07-20,130.3,118.85,116.75,97.65,,129.65,100.0,1.95,3.2,1.8,2.5,1.42,,0.1565
2023-07-21,127.0,117.88,115.74,96.74,,128.15,99.1,1.9,3.2,1.8,2.5,1.42,,0.1395
2023-07-22,,,,,,,,,,,,,,
2023-07-23,,,,,,,,,,,,,,
2023-07-24,126.3,116.42,114.39,95.83,,127.3,97.95,1.9,3.2,1.8,2.5,1.42,,0.1395
2023-07-25,129.1,119.0,117.09,97.8,,129.3,99.85,1.95,3.2,1.8,2.5,1.42,,0.141
2023-07-26,129.8,119.1,117.21,96.4,,129.45,100.1,1.95,3.2,1.8,2.5,1.42,,0.14
2023-07-27,126.8,116.01,114.16,94.96,,126.4,97.25,1.85,3.2,1.8,2.5,1.42,,0.14
2023-07-28,122.7,111.99,110.07,91.18,,122.7,94.05,1.8,3.2,1.8,2.5,1.42,,0.139
2023-07-29,,,,,,,,,,,,,,
2023-07-30,,,,,,,,,,,,,,
2023-07-31,123.3,112.47,110.54,91.44,,123.35,94.15,1.85,3.2,1.8,2.5,1.42,,0.139
2023-08-01,122.2,111.34,109.46,90.74,,122.85,93.45,1.8,3.2,1.8,2.5,1.42,,0.144
2023-08-02,119.3,108.66,106.69,88.61,,120.25,91.1,1.8,3.2,1.8,2.5,1.42,,0.142
2023-08-03,116.0,106.0,102.97,85.22,,115.75,88.9,1.7,3.2,1.8,2.5,1.42,,0.14
2023-08-04,116.6,106.54,104.49,86.99,,117.25,89.9,1.75,3.2,1.8,2.5,1.42,,0.141
2023-08-05,,,,,,,,,,,,,,
2023-08-06,,,,,,,,,,,,,,
2023-08-07,115.9,107.2,103.94,85.88,,116.3,89.2,1.75,3.2,1.8,2.5,1.42,,0.14
2023-08-08,115.0,106.15,103.04,85.74,,116.8,89.55,1.75,3.2,1.8,2.5,1.42,,0.14
2023-08-09,,,,,,,,1.75,,,,,,
2023-08-10,115.9,106.22,103.17,86.03,,115.35,88.55,1.7,3.2,1.8,2.5,1.42,,0.145
2023-08-11,117.4,108.39,105.39,87.73,,117.1,89.6,1.75,3.2,1.8,2.5,1.42,,0.152
2023-08-12,,,,,,,,,,,,,,
2023-08-13,,,,,,,,,,,,,,
2023-08-14,115.2,106.0,103.01,85.64,,115.25,88.25,1.7,3.2,1.8,2.5,1.42,,0.16
2023-08-15,116.5,106.5,103.64,86.17,,116.1,88.4,1.75,3.2,1.8,2.5,1.42,,0.148
2023-08-16,116.1,106.7,103.36,85.87,,116.45,88.5,1.75,3.2,1.8,2.5,1.42,,0.1495
2023-08-17,120.7,111.4,108.14,90.02,,120.5,93.25,1.8,,,,,,0.15
2023-08-18,121.8,112.57,109.33,91.22,,121.2,94.75,1.8,3.0,1.8,2.5,1.42,,0.15
2023-08-19,,,,,,,,,,,,,,
2023-08-20,,,,,,,,,,,,,,
2023-08-21,122.2,113.05,109.83,91.54,,122.2,94.8,1.85,3.0,1.8,2.5,1.42,,0.15
2023-08-22,125.4,116.39,113.14,94.01,,125.15,97.6,1.9,3.0,1.8,2.5,1.42,,0.146
2023-08-23,127.7,118.75,115.59,95.99,,128.0,99.75,1.95,3.0,1.8,2.5,1.42,,0.15
2023-08-24,126.5,117.04,114.41,95.24,,126.0,98.4,1.9,2.8,1.8,2.5,1.42,,0.15
2023-08-25,128.3,118.89,116.26,96.86,,127.6,99.85,1.95,2.8,1.8,2.5,1.42,,0.15
2023-08-26,,,,,,,,,,,,,,
2023-08-27,,,,,,,,,,,,,,
2023-08-28,126.0,116.93,114.31,95.51,,124.95,98.2,1.9,2.8,1.8,2.5,1.42,,0.1475
2023-08-29,125.9,116.9,114.27,94.81,,125.05,98.2,1.9,2.8,1.8,2.5,1.42,,0.1475
2023-08-30,127.7,118.72,116.25,95.56,,125.05,100.0,1.95,2.8,1.8,2.5,1.42,,0.145
2023-08-31,129.3,120.47,118.03,97.92,,126.15,100.85,1.95,2.8,1.8,2.5,1.42,,0.145
2023-09-01,,,,,,,,1.95,,,,,,
2023-09-02,,,,,,,,,,,,,,
2023-09-03,,,,,,,,,,,,,,
2023-09-04,128.0,120.6,118.46,98.75,,126.45,101.9,1.95,2.8,1.8,2.5,1.42,,0.1585
2023-09-05,128.0,120.64,118.49,98.85,,127.05,102.1,1.95,2.8,1.8,2.5,1.42,,0.1615
2023-09-06,129.4,121.9,119.49,99.7,,128.1,103.3,2.0,2.8,1.8,2.5,1.42,,0.146
2023-09-07,127.0,119.74,117.33,98.07,,126.3,101.75,1.95,2.6,1.8,2.5,1.42,,0.1565
2023-09-08,126.1,118.89,116.49,97.44,,125.4,101.2,1.95,2.6,1.8,2.5,1.42,,0.1565
2023-09-09,,,,,,,,,,,,,,
2023-09-10,,,,,,,,,,,,,,
2023-09-11,130.0,123.07,120.75,101.1,,129.25,103.35,2.0,2.6,1.8,2.5,1.22,,0.167
2023-09-12,131.4,124.45,122.16,102.26,,129.4,105.5,2.05,2.6,1.8,2.5,1.22,,0.172
2023-09-13,131.5,124.0,122.22,102.36,,129.5,105.85,2.05,2.4,1.8,2.5,1.22,,0.1715
2023-09-14,132.4,125.01,123.31,103.33,,130.95,106.75,2.05,2.4,1.8,2.5,1.22,,0.17
2023-09-15,135.0,127.83,126.2,106.02,,133.1,108.55,2.1,2.4,1.8,2.5,1.12,,0.17
2023-09-16,,,,,,,,,,,,,,
2023-09-17,,,,,,,,,,,,,,
2023-09-18,133.6,125.94,124.83,104.64,,131.95,107.6,2.05,2.4,1.8,2.5,1.12,,0.17
2023-09-19,131.5,124.1,123.04,103.19,,130.5,106.4,2.05,2.4,1.8,2.5,1.12,,0.17
2023-09-20,133.1,125.17,124.71,104.78,,132.5,107.7,2.05,2.4,1.8,2.5,1.12,,0.17
2023-09-21,128.9,120.72,120.49,103.21,,127.7,103.7,2.0,2.4,1.8,2.5,1.12,,0.1805
2023-09-22,131.7,124.1,123.56,104.32,,131.45,107.25,2.05,2.4,1.8,2.5,1.12,,0.196
2023-09-23,,,,,,,,,,,,,,
2023-09-24,,,,,,,,,,,,,,
2023-09-25,126.6,118.95,118.43,100.31,,126.65,102.6,1.95,2.4,1.8,2.5,1.12,,0.196
2023-09-26,125.2,117.05,117.0,98.79,,125.25,102.1,1.95,2.2,1.8,2.5,1.12,,0.2165
2023-09-27,126.3,118.35,118.29,99.58,,126.15,103.25,1.95,1.8,1.8,2.5,1.12,,0.211
2023-09-28,127.5,119.69,119.49,103.3,,127.55,106.65,2.0,1.8,1.8,2.5,1.12,,0.211
2023-09-29,128.0,120.13,119.99,104.66,,127.65,106.65,2.0,1.8,1.8,2.5,1.12,,0.211
2023-09-30,,,,,,,,,,,,,,
2023-10-01,,,,,,,,,,,,,,
2023-10-02,128.08,122.02,120.74,104.97,,127.75,106.65,2.0,1.8,1.8,2.5,1.12,,0.211
2023-10-03,127.65,119.7,119.59,104.69,,127.65,106.65,2.0,1.8,1.8,2.5,1.12,,0.211
2023-10-04,127.65,119.71,119.59,104.67,,127.55,106.65,2.0,1.8,1.8,2.5,1.12,,0.211
2023-10-05,127.39,119.49,119.34,104.31,,127.35,106.65,2.0,1.8,1.8,2.5,1.12,,0.211
2023-10-06,127.28,119.26,119.2,104.01,,127.3,106.65,2.0,1.8,1.8,2.5,1.12,,0.211
2023-10-07,,,,,,,,,,,,,,
2023-10-08,,,,,,,,,,,,,,
2023-10-09,124.36,116.44,116.28,101.12,,124.2,104.2,1.95,1.8,1.8,2.5,1.12,,0.21
2023-10-10,122.51,115.0,114.49,99.57,,122.05,103.55,1.9,1.8,1.8,2.5,1.12,,0.242
2023-10-11,125.2,116.5,116.36,101.41,,124.75,104.8,1.95,2.0,1.8,2.5,1.12,,0.2455
2023-10-12,127.05,118.4,118.23,102.87,,126.7,105.9,1.95,2.0,1.8,2.5,1.12,,0.245
2023-10-13,128.1,118.17,118.03,102.94,,126.95,105.8,1.95,2.0,1.8,2.5,1.12,,0.24
2023-10-14,,,,,,,,,,,,,,
2023-10-15,,,,,,,,,,,,,,
2023-10-16,129.26,120.5,120.2,105.23,,129.15,107.3,2.0,2.0,1.8,2.5,0.92,,0.24
2023-10-17,129.22,121.2,120.36,105.43,,129.85,107.7,2.0,2.0,1.8,2.5,0.92,,0.24
2023-10-18,127.94,119.76,119.11,104.18,,127.95,106.3,1.95,2.0,1.8,2.5,0.78,,0.248
2023-10-19,128.08,119.55,119.08,104.12,,129.35,107.15,1.95,2.0,1.8,2.5,0.78,,0.245
2023-10-20,125.0,116.45,114.98,100.72,,125.05,103.15,1.9,2.0,1.8,2.5,0.78,,0.2485
2023-10-21,,,,,,,,,,,,,,
2023-10-22,,,,,,,,,,,,,,
2023-10-23,125.04,116.45,115.18,101.02,,125.35,103.0,1.9,2.0,1.8,2.5,0.78,,0.236
2023-10-24,128.07,119.64,118.45,104.24,,128.55,105.6,1.95,2.0,1.8,2.5,0.78,,0.236
2023-10-25,129.07,120.55,119.46,105.36,,130.0,106.5,2.0,2.0,1.8,2.5,0.78,,0.236
2023-10-26,128.85,119.92,119.33,103.61,,129.0,106.45,1.95,2.0,1.8,2.2,0.78,,0.236
2023-10-27,131.25,121.97,121.8,106.06,,131.6,108.75,2.0,2.0,1.8,2.2,0.78,,0.236
2023-10-28,,,,,,,,,,,,,,
2023-10-29,,,,,,,,,,,,,,
2023-10-30,133.53,124.33,123.92,108.18,,132.9,110.45,2.05,2.0,1.8,2.2,0.78,,0.236
2023-10-31,132.73,123.48,123.02,107.46,,133.15,109.6,2.05,2.0,1.8,2.2,0.78,,0.236
2023-11-01,134.96,126.3,125.32,109.72,,135.35,111.35,2.05,2.2,1.8,2.2,0.78,,0.236
2023-11-02,135.97,127.21,126.33,110.57,,136.6,112.1,2.1,2.2,1.8,2.2,0.78,,0.244
2023-11-03,136.07,126.97,126.61,110.72,,136.8,112.75,2.1,2.2,1.8,2.2,0.78,,0.244
2023-11-04,,,,,,,,,,,,,,
2023-11-05,,,,,,,,,,,,,,
2023-11-06,136.44,127.29,126.89,110.9,,137.1,114.15,2.1,2.2,1.8,2.2,0.78,,0.24
2023-11-07,135.69,126.0,126.01,110.02,,136.1,113.55,2.1,2.2,1.8,2.2,0.78,,0.24
2023-11-08,137.9,127.02,127.42,111.55,,137.7,115.0,2.1,2.2,1.8,2.2,0.78,,0.251
2023-11-09,138.1,127.24,127.62,111.79,,138.15,115.2,2.1,2.15,1.8,2.2,0.78,,0.2485
2023-11-10,140.02,129.0,129.39,113.58,,139.8,116.35,2.15,2.15,1.8,2.2,0.78,,0.245
2023-11-11,,,,,,,,,,,,,,
2023-11-12,,,,,,,,,,,,,,
2023-11-13,,,,,,,,2.15,,,,,,
2023-11-14,140.39,129.35,129.74,113.95,,140.7,116.75,2.15,2.15,1.8,2.2,0.68,,0.2425
2023-11-15,142.16,131.0,131.53,115.76,,142.5,119.0,2.2,2.15,1.8,2.2,0.68,,0.252
2023-11-16,144.7,132.16,132.68,116.65,,143.4,119.4,2.2,2.15,1.8,2.2,0.68,,0.213
2023-11-17,142.32,129.92,130.38,114.3,,141.0,116.8,2.15,2.15,1.8,2.2,0.68,,0.21
2023-11-18,,,,,,,,,,,,,,
2023-11-19,,,,,,,,,,,,,,
2023-11-20,145.48,131.94,132.3,116.16,,144.0,118.5,2.2,2.15,1.8,2.2,0.68,,0.21
2023-11-21,146.96,133.66,134.03,117.85,,146.45,120.3,2.2,2.15,1.8,2.2,0.68,,0.21
2023-11-22,148.29,135.05,135.49,119.26,,148.5,121.55,2.25,2.15,1.8,2.2,0.68,,0.1995
2023-11-23,147.22,134.4,134.26,118.16,,147.3,119.9,2.2,2.15,1.8,2.2,0.68,,0.194
2023-11-24,147.67,134.96,134.75,118.56,,148.1,120.8,2.25,2.15,1.8,2.2,0.68,,0.194
2023-11-25,,,,,,,,,,,,,,
2023-11-26,,,,,,,,,,,,,,
2023-11-27,146.48,133.84,133.48,117.35,,145.95,120.55,2.2,2.15,1.8,2.2,0.68,,0.171
2023-11-28,142.43,129.82,129.41,113.28,,141.95,116.95,2.15,2.15,1.8,2.2,0.83,,0.171
2023-11-29,143.07,130.89,130.45,114.3,,142.95,118.05,2.15,2.15,1.8,2.2,0.83,,0.175
2023-11-30,144.56,132.28,131.8,115.05,,144.55,118.65,2.2,2.15,1.8,2.2,0.83,,0.174
2023-12-01,146.01,133.64,133.28,116.44,,145.75,120.35,2.2,2.4,1.8,2.2,0.83,,0.174
2023-12-02,,,,,,,,,,,,,,
2023-12-03,,,,,,,,,,,,,,
2023-12-04,143.71,131.4,131.17,114.38,,143.55,118.65,2.15,2.5,1.8,2.2,0.7,,0.172
2023-12-05,143.54,131.4,131.22,114.44,,143.7,118.55,2.15,2.5,1.8,2.2,0.7,,0.17
2023-12-06,145.84,133.7,133.65,116.84,,145.45,120.45,2.2,2.5,1.8,2.2,0.7,,0.17
2023-12-07,148.01,135.85,135.81,118.98,,147.55,121.9,2.25,2.5,1.8,2.2,0.7,,0.1765
2023-12-08,149.21,137.15,137.13,120.26,,148.4,123.25,2.25,2.5,1.8,2.2,0.7,,0.174
2023-12-09,,,,,,,,,,,,,,
2023-12-10,,,,,,,,,,,,,,
2023-12-11,148.87,137.2,137.09,120.21,,147.85,123.0,2.25,2.5,1.8,2.2,0.7,,0.174
2023-12-12,149.0,137.7,137.6,120.67,,149.05,123.7,2.3,2.5,1.8,2.2,0.7,,0.174
2023-12-13,146.76,135.46,135.43,118.64,,146.9,121.3,2.25,2.5,1.8,2.2,0.7,,0.165
2023-12-14,147.04,135.89,135.81,119.01,,146.25,121.3,2.25,2.5,1.8,2.2,0.7,,0.165
2023-12-15,147.11,135.75,135.66,118.88,,146.4,121.65,2.25,2.5,1.8,2.2,0.7,,0.173
2023-12-16,,,,,,,,,,,,,,
2023-12-17,,,,,,,,,,,,,,
2023-12-18,145.28,133.75,134.16,117.32,,144.75,120.05,2.2,1.9,1.8,2.2,0.7,,0.173
2023-12-19,144.98,133.47,133.83,117.06,,144.4,119.6,2.2,1.9,1.8,2.2,0.7,,0.173
2023-12-20,145.89,134.48,134.79,117.96,,145.55,120.85,2.25,1.9,1.8,2.2,0.7,,0.181
2023-12-21,148.62,137.61,137.7,120.95,,148.6,123.95,2.3,1.9,1.8,2.2,0.7,,0.174
2023-12-22,150.86,139.79,139.95,123.17,,150.3,125.3,2.3,1.9,1.8,2.2,0.7,,0.174
2023-12-23,,,,,,,,,,,,,,
2023-12-24,,,,,,,,,,,,,,
2023-12-25,,,,,,,,,,,,,,
2023-12-26,151.84,140.87,141.12,124.27,,151.55,126.2,2.35,1.9,1.8,2.2,0.7,,0.1775
2023-12-27,152.51,141.75,141.92,124.86,,151.5,127.0,2.35,1.9,1.8,2.2,0.7,,0.181
2023-12-28,150.11,139.34,139.52,122.46,,149.0,124.6,2.3,1.9,1.8,2.2,0.7,,0.181
2023-12-29,151.56,140.84,140.98,123.94,,150.6,125.8,2.3,1.9,1.8,2.2,0.7,,0.181
2023-12-30,,,,,,,,,,,,,,
2023-12-31,,,,,,,,,,,,,,
2024-01-01,,,,,,,,,,,,,,
2024-01-02,153.5,142.71,142.92,125.82,,153.3,127.8,2.35,1.9,1.8,2.2,0.7,,0.2035
2024-01-03,154.41,143.67,143.88,126.4,,154.05,128.55,2.35,1.9,1.8,2.2,0.7,,0.203
2024-01-04,153.7,142.87,143.25,125.5,,153.3,127.05,2.35,1.9,1.8,2.2,0.63,,0.2
2024-01-05,150.74,139.87,140.26,122.53,,150.9,124.6,2.3,1.9,1.8,2.2,0.63,,0.2
2024-01-06,,,,,,,,,,,,,,
2024-01-07,,,,,,,,,,,,,,
2024-01-08,149.71,139.1,139.4,122.09,,150.0,124.2,2.3,1.7,1.8,2.2,0.63,,0.2
2024-01-09,149.38,138.6,138.71,121.65,,149.9,123.9,2.3,1.7,1.8,2.2,0.63,,0.2
2024-01-10,145.8,133.82,134.0,117.29,,145.85,119.35,2.2,1.7,1.7,2.1,0.6,,0.198
2024-01-11,146.99,135.19,135.38,118.52,,147.25,120.75,2.25,,,,,,0.19
2024-01-12,143.4,130.83,130.87,114.34,,143.2,116.7,2.15,1.7,1.7,2.1,0.6,,0.185
2024-01-13,,,,,,,,,,,,,,
2024-01-14,,,,,,,,,,,,,,
2024-01-15,140.87,128.8,128.54,112.54,,140.95,114.7,2.15,1.85,1.65,2.1,0.6,,0.18
2024-01-16,142.12,130.09,129.82,113.87,,141.95,116.05,2.15,1.85,1.65,2.1,0.6,,0.175
2024-01-17,138.74,127.02,126.6,110.98,,139.9,113.35,2.1,1.85,1.7,2.1,0.6,,0.175
2024-01-18,142.5,130.65,130.2,114.3,,143.05,116.4,2.15,1.85,1.7,2.1,0.68,,0.175
2024-01-19,143.13,131.36,131.0,114.96,,142.55,116.8,2.15,1.85,1.7,2.1,0.68,,0.1565
2024-01-20,,,,,,,,,,,,,,
2024-01-21,,,,,,,,,,,,,,
2024-01-22,142.1,130.21,129.79,113.87,,142.05,115.9,2.15,1.85,1.7,2.1,0.68,,0.1565
2024-01-23,144.38,132.5,132.12,116.42,,144.95,118.2,2.2,2.0,1.5,2.1,0.68,,0.153
2024-01-24,148.08,136.37,136.02,120.08,,148.55,121.2,2.25,2.0,1.5,2.1,0.68,,0.153
2024-01-25,148.7,136.45,136.73,120.53,,148.85,121.4,2.25,2.0,1.5,2.1,0.82,,0.1495
2024-01-26,147.96,135.88,135.98,119.41,,148.4,121.35,2.25,2.0,1.5,2.1,0.82,,0.1495
2024-01-27,,,,,,,,,,,,,,
2024-01-28,,,,,,,,,,,,,,
2024-01-29,149.9,137.84,137.85,120.56,,149.8,122.8,2.25,1.9,1.5,2.1,0.82,,0.1475
2024-01-30,147.22,135.17,135.23,117.94,,147.15,120.75,2.2,1.9,1.5,2.1,0.82,,0.1465
2024-01-31,144.28,132.24,132.21,115.17,,144.15,118.3,2.2,1.9,1.5,2.1,0.82,,0.13
2024-02-01,145.7,132.9,133.0,115.9,,145.5,119.55,2.2,1.9,1.5,2.1,0.82,,0.1305
2024-02-02,139.25,128.69,128.78,111.7,,140.7,115.75,2.1,1.9,1.5,2.1,0.82,,0.1305
2024-02-03,,,,,,,,,,,,,,
2024-02-04,,,,,,,,,,,,,,
2024-02-05,140.95,128.26,128.23,111.19,,140.6,115.45,2.1,1.9,1.5,2.1,0.82,,0.1325
2024-02-06,138.68,127.05,126.17,109.21,,138.9,114.55,2.05,1.9,1.5,2.1,0.82,,0.1325
2024-02-07,139.2,127.14,126.38,109.4,,139.2,114.4,2.1,1.9,1.5,2.1,0.82,,0.1325
2024-02-08,142.16,130.0,129.45,112.56,,143.0,116.85,2.15,1.9,1.5,2.1,0.82,,0.1325
2024-02-09,139.54,127.27,126.85,110.12,,142.2,115.85,2.15,1.9,1.5,2.1,0.82,,0.1325
2024-02-10,,,,,,,,,,,,,,
2024-02-11,,,,,,,,,,,,,,
2024-02-12,,,,,,,,,,,,,,
2024-02-13,139.77,127.5,127.08,110.35,,142.4,115.85,2.15,1.9,1.5,2.1,0.82,,0.1325
2024-02-14,142.17,129.71,129.22,112.61,,142.7,115.95,2.15,1.9,1.5,2.1,0.82,,0.1325
2024-02-15,143.29,130.68,130.23,113.62,,142.7,115.95,2.15,1.9,1.5,2.1,0.82,,0.1325
2024-02-16,144.98,132.31,131.92,115.18,,143.2,116.45,2.15,1.9,1.5,2.1,0.82,,0.1325
2024-02-17,,,,,,,,,,,,,,
2024-02-18,,,,,,,,,,,,,,
2024-02-19,141.37,129.3,128.9,112.18,,141.8,115.05,2.15,1.9,1.5,2.1,0.82,,0.1325
2024-02-20,134.65,122.67,122.38,106.03,,134.85,109.0,2.0,1.9,1.5,2.1,0.82,,0.13
2024-02-21,133.05,121.65,120.79,104.63,,132.75,107.65,2.0,2.3,1.5,2.1,0.82,,0.13
2024-02-22,133.26,121.82,121.15,104.78,,133.35,108.2,2.0,2.3,1.5,2.1,0.82,,0.13
2024-02-23,133.59,122.15,121.53,105.4,,133.85,108.4,2.0,2.6,1.5,2.1,0.82,,0.13
2024-02-24,,,,,,,,,,,,,,
2024-02-25,,,,,,,,,,,,,,
2024-02-26,128.5,116.9,116.29,100.37,,128.75,104.15,1.9,2.6,1.5,2.1,0.82,,0.13
2024-02-27,130.56,118.92,118.55,102.35,,131.2,105.9,1.95,2.6,1.5,2.1,0.82,,0.13
2024-02-28,129.28,117.68,117.17,101.01,,129.9,104.5,1.95,2.6,1.5,2.1,0.82,,0.128
2024-02-29,129.6,117.97,117.46,101.5,,130.1,104.45,1.95,2.6,1.5,2.1,0.82,,0.128
2024-03-01,127.73,116.21,115.64,100.37,,128.15,103.05,1.9,2.6,1.5,2.1,0.82,,0.128
2024-03-02,,,,,,,,,,,,,,
2024-03-03,,,,,,,,,,,,,,
2024-03-04,129.64,118.2,117.54,102.55,,130.5,104.95,1.95,2.6,1.5,2.1,0.82,,0.128
2024-03-05,128.75,116.93,116.48,101.51,,129.75,103.8,1.95,2.6,1.5,2.1,0.82,,0.138
2024-03-06,129.75,117.78,117.34,102.39,,129.65,104.1,1.95,2.6,1.5,2.1,0.9,,0.138
2024-03-07,130.98,119.4,118.61,102.38,,130.95,105.2,1.95,2.35,1.5,2.1,0.9,,0.138
2024-03-08,129.23,117.58,116.93,100.7,,128.95,103.85,1.95,2.35,1.5,2.1,0.9,,0.139
2024-03-09,,,,,,,,,,,,,,
2024-03-10,,,,,,,,,,,,,,
2024-03-11,121.25,109.41,108.9,92.9,,121.25,97.0,1.8,2.35,1.5,2.1,0.9,,0.139
2024-03-12,122.63,110.75,110.33,94.07,,123.15,98.6,1.85,2.35,1.5,2.1,0.9,,0.1365
2024-03-13,119.55,108.5,107.19,91.12,,120.0,95.05,1.8,2.5,1.0,2.1,0.9,,0.1365
2024-03-14,116.49,105.35,104.18,88.24,,117.2,92.15,1.75,2.5,1.0,2.1,0.9,,0.149
2024-03-15,112.7,101.65,100.5,84.59,,113.05,89.0,1.65,2.5,1.0,2.1,0.9,,0.143
2024-03-16,,,,,,,,,,,,,,
2024-03-17,,,,,,,,,,,,,,
2024-03-18,117.6,105.56,104.47,88.59,,117.45,92.65,1.75,2.5,1.0,2.1,0.9,,0.143
2024-03-19,120.59,108.25,107.61,91.92,,120.1,93.85,1.8,2.5,1.5,2.1,0.9,,0.123
2024-03-20,119.56,107.35,106.8,90.97,,118.7,92.85,1.75,2.5,1.5,2.1,0.9,,0.123
2024-03-21,123.45,111.44,110.81,94.63,,122.85,95.1,1.85,2.5,1.5,2.1,0.9,,0.125
2024-03-22,122.13,110.25,109.59,93.27,,121.3,92.75,1.8,2.5,1.5,2.1,0.9,,0.117
2024-03-23,,,,,,,,,,,,,,
2024-03-24,,,,,,,,,,,,,,
2024-03-25,121.42,109.54,108.89,91.91,,121.0,92.55,1.8,2.5,1.5,2.1,0.9,,0.117
2024-03-26,117.24,105.5,104.67,87.53,,116.4,88.55,1.75,2.8,1.5,2.1,1.03,,0.1025
2024-03-27,113.76,102.0,101.16,83.94,,113.5,86.1,1.7,2.8,1.5,2.1,1.03,,0.061
2024-03-28,114.34,102.56,101.76,83.93,,114.8,87.05,1.7,2.8,1.5,2.1,1.03,,0.061
2024-03-29,,,,,,,,,,,,,,
2024-03-30,,,,,,,,,,,,,,
2024-03-31,,,,,,,,,,,,,,
2024-04-01,114.25,103.11,102.29,84.07,,114.0,86.9,1.7,3.1,2.0,2.6,1.37,,0.065
2024-04-02,114.84,103.5,103.03,84.31,,113.75,86.65,1.7,3.3,2.0,2.6,1.57,,0.0515
2024-04-03,111.16,100.0,99.07,80.93,,111.25,84.65,1.65,3.3,2.0,2.6,1.57,,0.051
2024-04-04,110.82,99.63,98.74,80.55,,110.3,82.35,1.65,3.3,2.0,2.6,1.57,,0.051
2024-04-05,110.72,99.55,98.68,80.46,,110.5,82.8,1.65,3.3,2.0,2.6,1.57,,0.051
2024-04-06,,,,,,,,,,,,,,
2024-04-07,,,,,,,,,,,,,,
2024-04-08,116.44,105.16,104.0,85.78,,116.45,87.1,1.75,3.3,2.0,2.6,1.57,,0.047
2024-04-09,119.72,109.34,107.54,89.16,,119.55,89.85,1.8,3.5,2.0,2.3,1.55,,0.047
2024-04-10,,,,,,,,,,,,,,
2024-04-11,121.2,109.69,107.96,89.64,,120.65,90.85,1.8,3.5,2.0,2.3,1.55,,0.053
2024-04-12,124.79,113.29,111.99,93.27,,124.0,93.25,1.85,3.5,2.0,2.3,1.55,,0.053
2024-04-13,,,,,,,,,,,,,,
2024-04-14,,,,,,,,,,,,,,
2024-04-15,125.29,113.82,112.88,93.98,,125.05,94.0,1.85,3.5,2.0,2.3,1.55,,0.0685
2024-04-16,122.43,110.89,110.07,90.83,,122.4,92.25,1.85,3.5,2.0,2.3,1.55,,0.0685
2024-04-17,129.0,116.75,115.98,96.06,,128.85,97.7,1.95,3.5,2.0,2.3,1.55,,0.074
2024-04-18,130.07,118.11,117.14,95.54,,130.05,99.55,1.95,3.5,2.0,2.3,1.22,,0.0745
2024-04-19,129.94,118.02,117.09,95.42,,129.75,99.1,1.95,3.5,2.0,2.3,1.22,,0.0775
2024-04-20,,,,,,,,,,,,,,
2024-04-21,,,,,,,,,,,,,,
2024-04-22,129.5,117.35,116.59,94.99,,129.9,98.65,1.95,3.5,2.0,2.3,1.22,,0.0785
2024-04-23,126.53,114.27,113.66,92.07,,126.7,95.9,1.9,3.5,2.0,2.3,1.22,,0.08
2024-04-24,131.49,119.49,118.79,97.28,,131.65,99.9,1.95,3.3,2.0,2.3,1.22,,0.0805
2024-04-25,131.3,119.29,118.61,97.11,,131.7,99.7,1.95,3.3,2.0,2.3,1.22,,0.0745
2024-04-26,131.36,119.3,118.6,96.95,,130.95,99.6,1.95,3.3,2.0,2.3,1.22,,0.0825
2024-04-27,,,,,,,,,,,,,,
2024-04-28,,,,,,,,,,,,,,
2024-04-29,130.56,118.48,117.77,96.17,,129.9,98.95,1.95,3.3,2.0,2.3,1.23,,0.0905
2024-04-30,131.5,117.25,116.58,95.49,,130.9,97.85,1.95,3.3,2.0,2.3,1.23,,0.094
2024-05-01,,,,,,,,,,,,,,
2024-05-02,132.02,117.8,117.17,96.04,,131.3,98.25,1.95,3.3,2.0,2.3,1.23,,0.094
2024-05-03,131.85,117.67,117.03,95.85,,131.2,98.15,1.95,3.3,2.0,2.3,1.23,,0.094
2024-05-04,,,,,,,,,,,,,,
2024-05-05,,,,,,,,,,,,,,
2024-05-06,134.6,120.65,119.99,98.74,,134.35,101.15,2.0,3.3,2.0,2.3,1.23,,0.094
2024-05-07,135.15,119.42,118.88,97.83,,135.35,100.6,1.95,3.3,2.0,2.3,1.23,,0.094
2024-05-08,131.43,115.82,115.3,94.37,,131.95,97.6,1.9,3.3,2.0,2.3,1.23,,0.094
2024-05-09,132.38,116.78,116.39,95.32,,132.5,98.65,1.95,3.3,2.0,2.3,1.23,,0.093
2024-05-10,132.43,117.15,116.58,95.37,,132.6,98.65,1.95,3.3,2.0,3.0,1.23,,0.093
2024-05-11,,,,,,,,,,,,,,
2024-05-12,,,,,,,,,,,,,,
2024-05-13,133.4,118.08,117.58,96.6,,133.25,99.35,1.95,3.3,2.0,3.0,1.23,,0.1105
2024-05-14,130.82,115.63,115.15,94.17,,131.05,97.5,1.9,3.3,2.0,3.0,1.23,,0.112
2024-05-15,129.63,115.01,114.07,93.56,,129.95,97.35,1.9,3.3,2.0,3.0,1.23,,0.12
2024-05-16,132.3,117.91,117.1,96.42,,132.15,99.55,1.95,3.3,2.0,3.0,1.43,,0.12
2024-05-17,133.59,119.16,118.39,97.59,,133.2,100.35,1.95,3.3,2.0,3.0,1.43,,0.12
2024-05-18,,,,,,,,,,,,,,
2024-05-19,,,,,,,,,,,,,,
2024-05-20,133.92,119.95,119.15,98.56,,133.7,101.25,1.95,3.3,2.0,3.5,1.43,,0.12
2024-05-21,134.85,121.62,120.78,100.01,,135.0,102.95,2.0,3.3,2.0,3.5,1.43,,0.127
2024-05-22,,,,,,,,,,,,,,
2024-05-23,133.85,120.6,119.77,98.9,,133.8,102.0,2.0,3.3,2.0,3.5,1.43,,0.131
2024-05-24,135.0,121.45,120.92,99.98,,134.85,102.95,2.0,3.3,2.0,3.5,1.43,,0.131
2024-05-25,,,,,,,,,,,,,,
2024-05-26,,,,,,,,,,,,,,
2024-05-27,133.63,120.21,119.54,98.5,,133.3,101.5,1.95,3.3,2.0,3.5,1.43,,0.131
2024-05-28,131.86,118.61,118.0,96.94,,132.15,100.6,1.95,3.3,2.0,3.5,1.43,,0.131
2024-05-29,132.38,119.8,118.66,97.6,,133.05,101.5,1.95,3.45,2.0,3.5,1.43,,0.1335
2024-05-30,130.9,116.64,115.58,94.44,,130.8,98.8,1.9,3.45,2.0,3.5,1.43,,0.15
2024-05-31,130.52,116.29,115.26,92.69,,130.45,98.4,1.9,3.45,2.0,3.5,1.43,,0.15
2024-06-01,,,,,,,,,,,,,,
2024-06-02,,,,,,,,,,,,,,
2024-06-03,125.5,110.85,109.96,87.49,,125.4,93.4,1.8,3.45,2.0,3.5,1.43,,0.15
2024-06-04,122.65,108.15,107.36,84.77,,122.55,91.2,1.75,3.45,2.0,3.5,1.43,,0.15
2024-06-05,121.37,107.7,106.28,83.9,,122.1,90.8,1.75,3.45,2.0,3.5,1.43,,0.16
2024-06-06,123.28,109.39,108.18,85.96,,124.35,92.6,1.8,3.45,2.0,3.5,1.43,,0.165
2024-06-07,124.19,109.94,109.02,87.05,,124.5,92.7,1.8,3.45,2.0,3.5,1.43,,0.19
2024-06-08,,,,,,,,,,,,,,
2024-06-09,,,,,,,,,,,,,,
2024-06-10,122.22,107.94,107.16,85.28,,123.75,91.3,1.8,3.45,2.0,3.5,1.43,,0.19
2024-06-11,118.94,104.65,104.01,83.58,,119.0,87.65,1.7,3.3,2.0,3.8,1.3,,0.1945
2024-06-12,119.48,105.09,104.49,83.99,,120.15,88.4,1.75,3.3,2.0,3.8,1.37,,0.2025
2024-06-13,121.18,107.02,106.32,85.66,,121.6,89.95,1.75,3.2,2.0,3.8,1.17,,0.21
2024-06-14,122.6,108.05,107.32,86.59,,122.65,90.95,1.8,3.2,2.0,3.8,1.17,,0.21
2024-06-15,,,,,,,,,,,,,,
2024-06-16,,,,,,,,,,,,,,
2024-06-17,,,,,,,,,,,,,,
2024-06-18,121.9,107.04,106.26,85.53,,121.7,89.9,1.75,3.2,2.5,3.8,1.17,,0.2255
2024-06-19,122.72,108.05,107.23,86.25,,122.9,90.25,1.8,3.8,2.5,3.8,1.1,,0.2245
2024-06-20,122.19,107.59,106.78,85.73,,122.45,90.0,1.75,4.0,2.5,3.8,1.1,,0.2035
2024-06-21,120.65,106.08,105.21,84.14,,120.85,88.55,1.75,4.0,2.5,3.8,1.1,,0.2035
2024-06-22,,,,,,,,,,,,,,
2024-06-23,,,,,,,,,,,,,,
2024-06-24,118.7,103.94,103.05,82.99,,118.75,86.6,1.7,4.0,2.5,3.8,1.1,,0.2025
2024-06-25,119.16,104.6,103.61,83.59,,119.85,87.0,1.7,4.0,2.5,3.8,1.1,,0.2025
2024-06-26,122.38,107.74,106.89,86.47,,122.35,89.75,1.75,4.0,2.5,3.8,1.1,,0.2
2024-06-27,121.23,106.71,105.82,85.44,,121.35,89.2,1.75,4.0,2.5,4.0,1.1,,0.2
2024-06-28,123.0,107.49,106.58,86.2,,122.4,90.3,1.75,4.0,2.5,4.0,0.93,,0.2
2024-06-29,,,,,,,,,,,,,,
2024-06-30,,,,,,,,,,,,,,
2024-07-01,125.43,110.39,109.37,88.98,,125.75,93.25,1.85,4.0,2.5,4.2,0.93,,0.198
2024-07-02,126.19,111.55,110.35,89.96,,126.25,93.6,1.85,4.0,2.8,4.2,0.93,,0.203
2024-07-03,129.26,114.73,113.72,93.29,,129.2,95.6,1.9,4.0,2.8,4.2,0.93,,0.2055
2024-07-04,130.55,114.89,113.96,93.34,,130.6,96.0,1.9,4.0,2.8,4.2,0.93,,0.207
2024-07-05,126.95,111.51,110.59,89.89,,126.75,93.6,1.85,4.0,2.8,4.2,0.93,,0.207
2024-07-06,,,,,,,,,,,,,,
2024-07-07,,,,,,,,,,,,,,
2024-07-08,124.59,109.75,108.45,87.51,,124.75,91.75,1.8,4.0,2.8,4.2,1.0,,0.1975
2024-07-09,125.45,110.67,109.52,88.44,,125.7,92.35,1.8,4.0,2.8,4.2,1.03,,0.1975
2024-07-10,121.01,106.16,105.18,84.07,,121.5,89.0,1.75,4.0,2.8,4.2,1.03,,0.1975
2024-07-11,124.4,108.99,108.1,86.99,,124.35,90.95,1.8,4.0,2.8,4.2,1.03,,0.1955
2024-07-12,124.12,108.93,108.02,86.92,,124.2,90.7,1.8,4.0,2.8,4.2,1.03,,0.2025
2024-07-13,,,,,,,,,,,,,,
2024-07-14,,,,,,,,,,,,,,
2024-07-15,125.0,109.61,108.74,87.58,,124.85,91.4,1.8,,,,,,0.2025
2024-07-16,123.02,107.73,106.93,85.79,,123.15,89.95,1.8,4.0,2.8,4.2,1.03,,0.2015
2024-07-17,120.93,105.9,105.01,83.96,,120.85,87.9,1.75,4.0,2.8,4.2,1.03,,0.2
2024-07-18,121.28,106.34,105.5,84.45,,121.2,88.45,1.75,4.0,2.8,4.2,1.03,,0.2
2024-07-19,120.14,105.32,104.51,83.55,,120.25,87.85,1.75,,,,,,0.18
2024-07-20,,,,,,,,,,,,,,
2024-07-21,,,,,,,,,,,,,,
2024-07-22,119.5,104.33,103.39,82.48,,119.45,87.0,1.7,4.0,2.8,4.2,1.03,,0.18
2024-07-23,116.16,101.28,100.3,79.42,,116.4,84.7,1.65,4.0,2.8,4.2,1.03,,0.1765
2024-07-24,116.81,101.65,100.99,80.11,,116.85,85.05,1.7,4.0,2.8,4.2,1.03,,0.1735
2024-07-25,115.39,100.5,99.79,78.95,,115.7,84.35,1.65,3.8,2.05,4.2,0.97,,0.1735
2024-07-26,117.63,102.95,102.21,81.4,,117.7,86.05,1.7,,,,,,0.1735
2024-07-27,,,,,,,,,,,,,,
2024-07-28,,,,,,,,,,,,,,
2024-07-29,117.08,102.66,101.9,81.15,,117.2,85.85,1.7,3.8,2.4,4.2,0.9,,0.1735
2024-07-30,114.7,99.78,99.01,78.48,,114.65,83.8,1.65,3.8,2.4,4.2,0.9,,0.1645
2024-07-31,116.42,101.73,100.95,80.87,,116.5,85.7,1.7,3.8,2.4,4.2,0.9,,0.1655
2024-08-01,117.85,103.4,102.56,82.57,,117.85,87.4,1.7,3.8,2.5,4.2,0.9,,0.1675
2024-08-02,118.87,104.65,103.79,83.79,,118.8,88.4,1.7,3.8,2.5,4.2,0.9,,0.1685
2024-08-03,,,,,,,,,,,,,,
2024-08-04,,,,,,,,,,,,,,
2024-08-05,119.02,104.95,104.1,84.09,,119.35,88.5,1.75,3.8,2.5,4.2,0.9,,0.17
2024-08-06,117.6,103.46,102.61,82.7,,117.55,87.3,1.7,3.5,2.5,4.2,0.9,,0.17
2024-08-07,115.73,101.6,100.86,81.09,,115.7,86.1,1.65,3.5,2.5,4.2,1.05,,0.17
2024-08-08,113.98,100.08,99.28,79.51,,114.45,84.85,1.65,3.5,2.5,4.2,1.05,,0.17
2024-08-09,,,,,,,,,,,,,,
2024-08-10,,,,,,,,,,,,,,
2024-08-11,,,,,,,,,,,,,,
2024-08-12,114.05,100.19,99.37,79.66,,113.85,84.9,1.65,3.5,2.5,4.2,1.05,,0.17
2024-08-13,113.06,99.34,98.56,78.78,,113.25,84.3,1.65,3.5,2.5,4.2,1.05,,0.17
2024-08-14,110.11,96.25,95.8,78.31,,110.25,82.0,1.6,3.5,2.5,4.2,1.05,,0.17
2024-08-15,107.32,93.69,93.21,75.67,,107.55,80.35,1.55,3.5,2.5,4.2,1.05,,0.169
2024-08-16,105.99,92.49,91.88,74.36,,106.5,79.25,1.55,3.5,2.5,4.2,1.05,,0.167
2024-08-17,,,,,,,,,,,,,,
2024-08-18,,,,,,,,,,,,,,
2024-08-19,108.38,95.06,94.47,76.93,,108.9,81.6,1.55,3.5,2.5,4.2,1.05,,0.16
2024-08-20,109.2,95.29,94.71,77.36,,108.95,82.2,1.6,3.5,2.5,4.2,1.05,,0.1605
2024-08-21,112.31,99.0,98.15,81.33,,111.75,85.2,1.65,3.5,2.8,4.5,1.05,,0.1605
2024-08-22,110.85,97.67,97.03,79.68,,110.7,84.8,1.6,3.5,2.8,4.5,1.05,,0.156
2024-08-23,109.66,96.62,96.1,78.84,,109.7,83.9,1.6,3.5,2.8,4.5,1.05,,0.155
2024-08-24,,,,,,,,,,,,,,
2024-08-25,,,,,,,,,,,,,,
2024-08-26,113.74,100.88,100.38,83.17,,113.7,87.7,1.65,3.5,2.8,4.5,1.05,,0.155
2024-08-27,114.81,102.05,101.54,84.36,,114.7,88.3,1.7,3.7,2.8,4.5,1.05,,0.155
2024-08-28,114.14,101.65,101.01,83.83,,114.05,87.85,1.65,3.7,2.8,4.5,1.05,,0.155
2024-08-29,114.8,102.34,101.78,84.64,,114.95,88.85,1.7,3.7,2.8,4.5,1.05,,0.155
2024-08-30,113.65,101.23,100.69,83.85,,113.95,87.35,1.65,3.7,2.8,4.5,0.98,,0.154
2024-08-31,,,,,,,,,,,,,,
2024-09-01,,,,,,,,,,,,,,
2024-09-02,109.4,97.02,96.44,79.61,,109.85,84.25,1.6,3.7,2.8,4.5,0.98,,0.1545
2024-09-03,106.0,94.1,92.95,76.25,,106.8,81.95,1.55,3.7,2.8,4.5,0.98,,0.1545
2024-09-04,104.77,92.84,91.9,75.18,,105.65,80.2,1.55,3.7,2.8,4.5,0.98,,0.153
2024-09-05,103.34,91.42,90.68,74.11,,103.7,79.05,1.5,3.7,2.8,4.5,0.92,,0.1505
2024-09-06,103.86,91.86,91.31,74.57,,104.95,79.75,1.55,3.7,2.8,4.5,0.92,,0.14
2024-09-07,,,,,,,,,,,,,,
2024-09-08,,,,,,,,,,,,,,
2024-09-09,103.99,92.03,91.48,74.85,,104.45,79.75,1.55,3.7,2.8,4.5,0.92,,0.1375
2024-09-10,102.48,90.65,90.07,73.45,,103.25,78.95,1.5,3.7,2.8,4.5,0.92,,0.1255
2024-09-11,104.53,93.2,92.25,75.68,,105.05,80.75,1.55,3.6,2.8,4.5,0.92,,0.1225
2024-09-12,107.3,95.14,94.41,77.66,,107.25,82.35,1.6,3.6,2.8,4.5,0.92,,0.1125
2024-09-13,105.15,93.04,92.43,77.3,,105.3,80.55,1.55,3.6,2.8,4.5,0.92,,0.108
2024-09-14,,,,,,,,,,,,,,
2024-09-15,,,,,,,,,,,,,,
2024-09-16,104.66,92.56,91.94,76.61,,103.6,79.35,1.5,3.6,2.8,4.5,0.92,,0.108
2024-09-17,104.24,92.25,91.64,76.38,,104.2,80.15,1.55,3.6,2.8,4.5,0.92,,0.108
2024-09-18,102.48,91.6,90.06,74.8,,103.05,78.8,1.5,3.8,2.8,4.5,0.92,,0.108
2024-09-19,104.32,93.3,91.99,76.69,,105.25,80.6,1.55,3.8,2.5,4.5,0.92,,0.11
2024-09-20,104.2,92.15,91.01,75.7,,103.9,79.75,1.5,3.8,2.5,4.5,0.92,,0.11
2024-09-21,,,,,,,,,,,,,,
2024-09-22,,,,,,,,,,,,,,
2024-09-23,102.38,90.34,89.39,74.07,,101.9,78.0,1.5,3.8,2.5,4.5,0.92,,0.11
2024-09-24,107.19,95.5,94.44,78.88,,107.15,82.5,1.6,3.8,2.5,4.5,0.92,,0.11
2024-09-25,109.5,97.11,96.07,80.48,,109.0,83.8,1.6,3.8,2.5,4.5,0.85,,0.12
2024-09-26,111.79,99.53,98.59,82.77,,110.7,85.35,1.65,3.8,2.5,4.5,0.85,,0.12
2024-09-27,114.73,102.55,101.71,85.7,,114.45,88.55,1.7,3.8,2.5,4.5,0.85,,0.134
2024-09-28,,,,,,,,,,,,,,
2024-09-29,,,,,,,,,,,,,,
2024-09-30,126.3,109.95,108.77,93.09,,124.1,95.15,1.8,3.8,2.5,4.5,0.85,,0.135
2024-10-01,123.11,109.33,108.2,92.55,,123.8,94.25,1.8,3.8,2.5,4.5,0.85,,0.135
2024-10-02,123.14,109.33,108.18,92.54,,123.8,94.25,1.8,3.8,2.5,4.5,0.85,,0.135
2024-10-03,123.67,109.85,108.75,93.12,,123.9,94.25,1.8,3.8,2.5,4.5,0.85,,0.135
2024-10-04,123.49,109.7,108.6,92.95,,123.9,94.25,1.8,3.8,2.5,4.5,0.85,,0.135
2024-10-05,,,,,,,,,,,,,,
2024-10-06,,,,,,,,,,,,,,
2024-10-07,125.05,110.9,109.89,94.16,,124.9,95.25,1.8,3.8,2.5,4.5,0.85,,0.135
2024-10-08,119.39,105.42,104.33,88.75,,120.25,91.3,1.75,3.8,2.5,4.5,0.85,,0.137
2024-10-09,119.33,105.25,104.27,88.66,,120.35,91.0,1.75,3.8,2.5,4.5,0.85,,0.137
2024-10-10,118.92,104.79,103.96,88.44,,119.25,90.75,1.75,3.8,2.7,4.7,0.85,,0.137
2024-10-11,120.72,106.65,105.93,90.32,,121.15,92.35,1.75,3.8,2.7,4.7,0.85,,0.136
2024-10-12,,,,,,,,,,,,,,
2024-10-13,,,,,,,,,,,,,,
2024-10-14,122.02,108.2,107.42,91.61,,122.3,93.5,1.8,3.8,2.7,4.7,0.85,,0.136
2024-10-15,120.18,106.33,105.58,89.71,,120.05,92.05,1.75,3.8,2.7,4.7,0.85,,0.139
2024-10-16,119.6,105.02,104.35,88.45,,119.2,90.9,1.75,3.8,2.7,4.7,0.85,,0.14
2024-10-17,114.05,100.0,99.23,83.2,,114.55,86.55,1.65,3.8,2.7,4.7,0.85,,0.14
2024-10-18,115.77,101.66,101.0,84.81,,115.75,88.3,1.7,3.8,2.7,4.7,0.85,,0.14
2024-10-19,,,,,,,,,,,,,,
2024-10-20,,,,,,,,,,,,,,
2024-10-21,116.55,101.86,101.25,85.83,,116.2,88.6,1.7,3.8,2.7,4.7,0.85,,0.14
2024-10-22,115.06,101.05,100.02,84.4,,114.9,87.7,1.65,3.8,2.7,4.7,0.85,,0.14
2024-10-23,113.22,99.19,98.2,82.54,,113.15,86.1,1.65,3.6,2.7,4.7,0.85,,0.14
2024-10-24,113.71,99.71,98.73,83.05,,114.15,86.55,1.65,3.45,2.7,4.7,0.85,,0.14
2024-10-25,115.6,101.56,100.61,84.9,,115.8,88.25,1.7,3.45,2.7,4.2,0.85,,0.14
2024-10-26,,,,,,,,,,,,,,
2024-10-27,,,,,,,,,,,,,,
2024-10-28,118.55,103.84,102.9,87.17,,118.1,90.2,1.7,3.45,2.7,4.2,0.85,,0.138
2024-10-29,118.59,104.1,103.0,87.19,,118.1,90.35,1.7,3.2,2.7,4.2,0.85,,0.138
2024-10-30,119.68,105.1,104.01,88.11,,118.65,90.9,1.7,3.2,2.7,4.2,0.85,,0.136
2024-10-31,,,,,,,,,3.2,2.7,4.2,0.85,,
2024-11-01,118.1,103.12,102.1,86.19,,117.2,88.25,1.7,3.2,2.7,4.2,0.85,,0.136
2024-11-02,,,,,,,,,,,,,,
2024-11-03,,,,,,,,,,,,,,
2024-11-04,119.82,104.8,103.88,87.9,,119.1,90.65,1.75,3.2,2.7,4.2,0.78,,0.136
2024-11-05,121.4,106.31,105.44,89.39,,120.5,92.0,1.75,3.2,2.7,4.2,0.78,,0.136
2024-11-06,120.35,105.21,104.4,88.32,,119.5,91.05,1.75,3.2,2.7,4.2,0.78,,0.135
2024-11-07,121.86,106.79,106.03,89.96,,120.85,92.15,1.75,3.2,2.7,4.2,0.78,,0.135
2024-11-08,118.77,103.75,102.95,87.12,,117.8,88.55,1.7,3.2,2.7,4.2,0.78,,0.135
2024-11-09,,,,,,,,,,,,,,
2024-11-10,,,,,,,,,,,,,,
2024-11-11,116.74,101.9,101.14,85.26,,116.15,87.1,1.7,3.2,2.7,4.2,0.78,,0.135
2024-11-12,116.19,101.51,100.77,84.89,,115.8,87.7,1.7,3.2,2.5,3.8,0.78,,0.134
2024-11-13,115.93,101.43,100.66,84.74,,115.6,87.9,1.7,3.2,2.5,3.8,0.78,,0.1325
2024-11-14,114.1,99.7,98.83,82.95,,113.35,85.9,1.65,3.2,2.5,3.8,0.78,,0.131
2024-11-15,111.99,97.05,96.95,81.05,,111.3,84.7,1.6,2.7,2.8,3.8,0.78,,0.131
2024-11-16,,,,,,,,,,,,,,
2024-11-17,,,,,,,,,,,,,,
2024-11-18,114.72,99.94,99.75,83.89,,114.4,86.85,1.65,2.7,2.8,3.8,0.78,,0.131
2024-11-19,116.36,101.66,101.55,85.6,,116.2,88.3,1.7,2.7,2.8,3.8,0.78,,0.131
2024-11-20,116.34,101.65,101.53,85.59,,115.8,88.2,1.7,2.7,2.8,3.8,0.78,,0.131
2024-11-21,117.38,102.72,102.64,86.65,,116.6,88.85,1.7,2.7,2.8,3.8,0.78,,0.134
2024-11-22,115.88,101.31,101.21,85.19,,115.2,88.15,1.7,2.7,2.8,3.8,0.78,,0.134
2024-11-23,,,,,,,,,,,,,,
2024-11-24,,,,,,,,,,,,,,
2024-11-25,117.27,102.9,102.74,86.73,,116.8,89.85,1.7,2.7,2.8,3.8,0.78,,0.134
2024-11-26,117.43,103.13,103.02,86.94,,117.2,89.75,1.7,2.7,2.8,3.8,0.78,,0.134
2024-11-27,118.9,104.2,104.2,87.98,,118.5,90.65,1.75,2.7,2.8,3.8,0.78,,0.135
2024-11-28,118.88,104.12,104.24,87.93,,118.5,90.6,1.75,2.7,3.0,4.0,0.78,,0.136
2024-11-29,119.88,105.18,105.32,89.04,,119.35,90.75,1.75,2.7,3.0,4.0,0.78,,0.137
2024-11-30,,,,,,,,,,,,,,
2024-12-01,,,,,,,,,,,,,,
2024-12-02,120.13,105.5,105.64,89.27,,119.7,91.5,1.75,2.35,3.0,4.0,0.78,,0.1375
2024-12-03,120.7,106.09,106.31,89.9,,120.7,91.8,1.75,2.35,3.0,4.0,0.78,,0.135
2024-12-04,120.98,106.35,106.6,90.13,,120.8,91.9,1.75,2.35,3.2,4.0,0.58,,0.135
2024-12-05,119.2,104.68,104.87,88.36,,119.0,90.7,1.75,2.35,3.2,4.0,0.58,,0.135
2024-12-06,118.81,104.15,104.48,88.05,,118.05,90.05,1.7,2.65,3.0,3.8,0.58,,0.135
2024-12-07,,,,,,,,,,,,,,
2024-12-08,,,,,,,,,,,,,,
2024-12-09,120.51,105.96,106.29,89.78,,120.75,91.45,1.75,2.65,3.0,3.8,0.58,,0.135
2024-12-10,120.62,106.5,106.4,89.9,,120.45,91.1,1.75,2.65,2.7,3.5,0.68,,0.135
2024-12-11,120.0,105.93,105.83,89.39,,119.6,90.7,1.75,2.65,2.7,3.5,0.68,,0.135
2024-12-12,121.08,107.04,106.91,90.48,,121.6,92.0,1.8,2.65,2.7,3.5,0.8,,0.135
2024-12-13,118.93,104.88,104.78,88.29,,119.0,90.35,1.75,2.65,2.7,3.5,0.8,,0.135
2024-12-14,,,,,,,,,,,,,,
2024-12-15,,,,,,,,,,,,,,
2024-12-16,119.98,105.96,105.85,89.34,,120.3,91.35,1.75,2.65,2.7,3.5,0.8,,0.135
2024-12-17,119.57,105.3,105.38,88.91,,119.55,90.65,1.75,2.65,2.7,3.5,0.8,,0.135
2024-12-18,117.58,103.36,103.37,86.92,,117.4,89.05,1.7,2.65,2.7,3.5,0.8,,0.134
2024-12-19,116.63,102.85,102.4,85.93,,116.05,88.25,1.7,3.0,2.7,3.5,0.8,,0.134
2024-12-20,115.44,101.56,101.16,84.73,,114.9,87.25,1.7,3.0,2.7,3.5,0.8,,0.134
2024-12-21,,,,,,,,,,,,,,
2024-12-22,,,,,,,,,,,,,,
2024-12-23,116.25,102.3,101.9,85.51,,115.55,88.0,1.7,3.0,2.7,3.5,0.8,,0.137
2024-12-24,115.75,101.68,101.26,84.96,,114.6,87.15,1.65,3.0,2.7,3.5,0.8,,0.137
2024-12-25,,,,,,,,,,,,,,
2024-12-26,115.46,101.38,100.97,84.68,,114.9,87.25,1.7,3.0,2.7,3.5,0.8,,0.138
2024-12-27,113.29,99.26,98.76,82.62,,113.4,85.65,1.65,3.0,2.7,3.5,0.8,,0.138
2024-12-28,,,,,,,,,,,,,,
2024-12-29,,,,,,,,,,,,,,
2024-12-30,114.75,100.62,100.24,84.1,,114.7,87.15,1.65,3.0,2.7,3.5,0.8,,0.138
2024-12-31,114.96,100.5,100.45,84.39,,114.1,86.6,1.65,2.8,2.9,3.5,0.8,,0.138
2025-01-01,,,,,,,,,,,,,,
2025-01-02,115.46,101.0,100.92,84.86,,115.15,87.65,1.7,2.8,2.9,3.5,0.8,,0.149
2025-01-03,112.95,98.61,98.41,82.36,,112.8,85.65,1.65,2.8,2.9,3.5,0.8,,0.149
2025-01-04,,,,,,,,,,,,,,
2025-01-05,,,,,,,,,,,,,,
2025-01-06,111.8,97.44,97.22,82.33,,111.05,84.35,1.6,2.8,2.9,3.5,0.8,,0.146
2025-01-07,111.6,97.35,97.02,82.57,,111.25,84.7,1.6,2.8,3.1,3.5,0.8,,0.1425
2025-01-08,111.5,97.26,96.93,82.42,,111.1,84.5,1.6,2.8,3.1,3.5,0.8,,0.1425
2025-01-09,111.77,97.75,97.3,82.76,,111.5,84.95,1.6,2.8,3.1,3.5,0.8,,0.1425
2025-01-10,111.77,97.75,97.33,82.82,,111.6,84.9,1.6,2.8,3.1,3.5,0.8,,0.142
2025-01-11,,,,,,,,,,,,,,
2025-01-12,,,,,,,,,,,,,,
2025-01-13,113.54,99.15,99.11,84.54,,113.2,86.3,1.65,2.8,3.1,3.5,0.8,,0.142
2025-01-14,114.9,100.5,100.44,85.88,,114.7,87.65,1.65,2.8,3.1,3.5,0.8,,0.142
2025-01-15,115.05,100.73,100.64,86.04,,114.9,87.75,1.7,2.8,3.1,3.5,0.8,,0.143
2025-01-16,117.01,102.7,102.62,87.82,,116.95,89.55,1.7,2.8,3.1,3.5,0.8,,0.143
2025-01-17,118.06,103.89,103.8,88.84,,118.05,90.5,1.75,2.8,3.1,3.5,0.8,,0.143
2025-01-18,,,,,,,,,,,,,,
2025-01-19,,,,,,,,,,,,,,
2025-01-20,118.03,103.92,103.83,88.87,,118.0,90.4,1.75,2.8,3.1,3.5,0.8,,0.143
2025-01-21,118.95,104.8,104.76,89.74,,118.6,91.2,1.75,2.5,3.1,3.5,0.8,,0.143
2025-01-22,117.82,103.5,103.61,88.59,,117.45,90.1,1.7,2.5,3.1,3.5,0.8,,0.143
2025-01-23,118.26,104.02,104.1,89.09,,117.65,89.95,1.75,2.5,3.1,3.5,0.8,,0.143
2025-01-24,119.31,105.08,105.12,89.74,,118.95,90.9,1.75,2.5,3.1,3.5,0.8,,0.1575
2025-01-25,,,,,,,,,,,,,,
2025-01-26,,,,,,,,,,,,,,
2025-01-27,119.31,105.13,105.16,89.74,,118.45,90.4,1.75,2.5,3.1,3.5,0.8,,0.1575
2025-01-28,119.21,105.05,105.06,89.68,,118.45,90.4,1.75,2.5,3.1,3.5,0.8,,0.1575
2025-01-29,,,,,,,,,,,,,,
2025-01-30,,,,,,,,,,,,,,
2025-01-31,119.72,105.54,105.58,89.74,,119.7,91.35,1.75,2.5,3.1,3.5,0.8,,0.155
2025-02-01,,,,,,,,,,,,,,
2025-02-02,,,,,,,,,,,,,,
2025-02-03,119.07,104.95,105.0,89.24,,118.7,90.3,1.75,2.5,3.1,3.5,0.8,,0.155
2025-02-04,119.62,105.51,105.55,89.71,,119.15,91.0,1.75,2.5,3.1,3.5,0.8,,0.155
2025-02-05,118.33,104.45,104.28,88.34,,118.0,90.35,1.75,2.5,3.1,3.5,0.8,,0.154
2025-02-06,119.98,106.2,106.06,90.13,,120.05,92.65,1.75,2.5,3.1,3.5,0.8,,0.154
2025-02-07,120.34,106.65,106.5,90.53,,120.3,92.85,1.75,2.5,3.1,3.5,0.8,,0.154
2025-02-08,,,,,,,,,,,,,,
2025-02-09,,,,,,,,,,,,,,
2025-02-10,121.12,107.51,107.3,91.28,,120.9,93.5,1.8,2.5,3.1,3.5,0.8,,0.154
2025-02-11,119.76,106.2,106.0,89.96,,119.75,92.35,1.75,2.5,3.1,3.5,0.73,,0.154
2025-02-12,121.7,108.07,108.07,92.0,,121.8,93.9,1.8,2.5,3.1,3.15,0.73,,0.158
2025-02-13,120.48,106.81,106.8,90.75,,120.35,92.75,1.8,2.5,3.1,3.15,0.73,,0.158
2025-02-14,120.48,106.45,106.9,90.79,,120.0,92.25,1.75,2.5,3.1,3.15,0.73,,0.158
2025-02-15,,,,,,,,,,,,,,
2025-02-16,,,,,,,,,,,,,,
2025-02-17,119.86,105.85,106.3,90.18,,119.55,91.8,1.75,2.5,3.1,3.15,0.73,,0.158
2025-02-18,120.78,106.81,107.22,91.12,,120.8,92.55,1.8,2.5,3.1,3.15,0.8,,0.158
2025-02-19,120.76,106.81,107.22,91.09,,120.8,92.7,1.8,2.5,3.1,3.15,0.8,,0.157
2025-02-20,122.1,108.56,109.0,92.7,,122.5,94.25,1.8,2.5,3.1,3.15,0.8,,0.156
2025-02-21,122.3,108.85,109.26,92.95,,122.2,94.15,1.8,2.5,3.1,3.15,0.8,,0.154
2025-02-22,,,,,,,,,,,,,,
2025-02-23,,,,,,,,,,,,,,
2025-02-24,121.84,108.1,108.81,92.52,,121.95,94.0,1.8,2.5,3.1,3.15,0.93,,0.154
2025-02-25,119.26,105.52,106.23,89.96,,119.6,92.1,1.75,2.5,3.1,3.15,0.93,,0.154
2025-02-26,119.4,105.69,106.4,90.1,,119.6,92.0,1.75,2.5,3.1,3.15,0.93,,0.152
2025-02-27,118.54,104.79,105.48,89.18,,118.6,90.9,1.75,2.5,3.1,3.15,0.93,,0.151
2025-02-28,116.91,103.18,103.85,87.03,,116.65,88.8,1.75,2.5,3.1,3.15,0.93,,0.15
2025-03-01,,,,,,,,,,,,,,
2025-03-02,,,,,,,,,,,,,,
2025-03-03,113.94,100.7,100.91,84.07,,113.8,86.8,1.7,2.5,3.1,3.15,0.93,,0.148
2025-03-04,114.51,101.24,101.43,84.61,,114.7,87.75,1.7,2.5,3.1,3.15,0.93,,0.148
2025-03-05,113.75,100.31,100.47,83.66,,113.4,86.7,1.65,2.5,3.1,3.15,0.93,,0.145
2025-03-06,114.38,100.92,101.12,84.28,,114.3,87.2,1.7,2.7,3.1,3.15,0.93,,0.143
2025-03-07,114.56,101.2,101.42,84.57,,114.9,87.45,1.7,2.7,3.1,3.15,0.93,,0.152
2025-03-08,,,,,,,,,,,,,,
2025-03-09,,,,,,,,,,,,,,
2025-03-10,113.89,100.59,100.85,84.45,,114.0,87.0,1.7,2.7,3.1,3.15,0.93,,0.1515
2025-03-11,114.54,101.35,101.57,85.09,,114.95,87.6,1.7,2.7,3.1,3.15,0.93,,0.1505
2025-03-12,114.48,101.27,101.53,84.99,,114.85,87.45,1.7,2.7,3.1,3.15,0.93,,0.15
2025-03-13,116.07,102.95,103.13,86.52,,116.5,88.9,1.7,2.7,3.1,3.15,0.93,,0.149
2025-03-14,118.15,105.12,105.3,88.63,,118.0,90.1,1.75,2.7,3.1,3.15,0.93,,0.149
2025-03-15,,,,,,,,,,,,,,
2025-03-16,,,,,,,,,,,,,,
2025-03-17,116.04,102.94,103.19,86.43,,116.15,88.3,1.7,2.7,3.1,3.15,0.93,,0.1486
2025-03-18,116.28,103.14,103.4,86.61,,115.7,88.25,1.7,2.7,3.1,3.15,0.93,,0.147
2025-03-19,114.48,101.35,101.63,84.84,,113.85,86.6,1.7,2.7,3.1,3.15,0.93,,0.1465
2025-03-20,114.7,101.05,101.68,84.87,,113.95,86.8,1.7,2.7,3.1,3.15,0.93,,0.1465
2025-03-21,113.97,100.33,100.96,84.16,,113.45,86.3,1.7,2.7,3.1,3.15,0.93,,0.1475
2025-03-22,,,,,,,,,,,,,,
2025-03-23,,,,,,,,,,,,,,
2025-03-24,116.19,102.81,103.21,86.43,,115.55,88.2,1.7,2.7,3.1,3.15,0.93,,0.1475
2025-03-25,115.51,102.13,102.53,85.8,,114.95,87.45,1.7,2.7,3.1,3.15,0.93,,0.1475
2025-03-26,116.08,102.63,103.07,86.11,,115.7,87.9,1.7,2.7,3.1,3.15,0.93,,0.1475
2025-03-27,117.26,103.87,104.31,87.54,,116.95,88.9,1.75,2.7,3.1,3.15,0.93,,0.147
2025-03-28,117.19,103.8,104.24,87.47,,116.25,88.2,1.7,2.7,3.1,3.15,0.93,,0.1465
2025-03-29,,,,,,,,,,,,,,
2025-03-30,,,,,,,,,,,,,,
2025-03-31,,,,,,,,,,,,,,
2025-04-01,117.51,104.22,104.6,85.23,,116.5,87.55,1.75,2.7,3.1,3.15,0.93,,0.1465
2025-04-02,117.31,104.0,104.44,85.08,,116.15,87.35,1.75,2.7,3.1,3.15,0.93,,0.1465
2025-04-03,115.85,102.41,102.87,83.7,,115.2,86.6,1.7,2.7,3.1,3.15,0.93,,0.145
2025-04-04,115.49,102.1,102.57,83.35,,114.05,85.55,1.7,2.7,3.1,3.15,0.93,,0.145
2025-04-05,,,,,,,,,,,,,,
2025-04-06,,,,,,,,,,,,,,
2025-04-07,111.69,98.25,98.9,79.71,,111.1,83.45,1.65,2.7,3.1,3.15,0.93,,0.1455
2025-04-08,108.53,95.11,95.59,76.76,,107.9,81.65,1.6,2.7,3.1,3.15,0.93,,0.1455
2025-04-09,108.35,94.93,95.4,76.47,,108.0,81.45,1.6,2.7,3.1,3.15,0.93,,0.1455
2025-04-10,110.66,97.28,97.74,78.87,,110.6,82.85,1.65,2.7,3.1,3.15,0.93,,0.145
2025-04-11,110.73,97.36,97.81,78.93,,110.6,83.0,1.65,2.7,3.1,3.15,0.93,,0.145
2025-04-12,,,,,,,,,,,,,,
2025-04-13,,,,,,,,,,,,,,
2025-04-14,111.83,98.42,98.87,79.97,,111.7,83.35,1.65,2.7,3.1,3.15,0.93,,0.1445
2025-04-15,112.32,98.94,99.39,80.59,,112.2,83.05,1.65,2.7,3.1,3.15,1.07,,0.1445
2025-04-16,111.84,98.47,98.91,80.12,,111.2,82.5,1.65,2.7,3.1,3.15,1.07,,0.1445
2025-04-17,111.61,98.24,98.68,80.07,,111.9,83.25,1.65,2.7,3.1,3.15,1.07,,0.1445
2025-04-18,,,,,,,,,,,,,,
2025-04-19,,,,,,,,,,,,,,
2025-04-20,,,,,,,,,,,,,,
2025-04-21,112.97,99.63,100.07,81.46,,112.1,83.4,1.65,2.7,3.1,3.15,1.07,,0.145
2025-04-22,111.99,98.67,99.08,80.45,,111.3,82.75,1.65,2.7,3.1,3.15,1.07,,0.145
2025-04-23,113.48,100.21,100.62,81.93,,113.1,84.15,1.7,2.7,3.1,3.15,1.07,,0.1495
2025-04-24,112.61,99.35,99.79,81.12,,112.45,83.55,1.65,2.7,3.1,3.15,1.13,,0.15
2025-04-25,111.52,98.29,98.74,80.04,,111.2,82.7,1.65,2.7,3.1,3.15,1.13,,0.15
2025-04-26,,,,,,,,,,,,,,
2025-04-27,,,,,,,,,,,,,,
2025-04-28,111.71,98.53,99.0,80.29,,111.4,81.4,1.65,2.7,3.1,3.15,1.13,,0.15
2025-04-29,111.4,98.27,98.72,79.96,,111.3,82.6,1.65,2.7,3.1,3.15,1.13,,0.1535
2025-04-30,109.2,97.19,97.64,78.92,,109.85,81.9,1.65,2.7,3.1,3.15,1.13,,0.1535
2025-05-01,107.0,96.11,96.56,77.88,,,,,,,,,,
2025-05-02,107.0,96.11,96.56,77.88,,108.6,81.35,1.6,2.7,3.1,3.15,1.13,,0.1535
2025-05-03,108.75,96.74,97.2,78.5,,,,,,,,,,
2025-05-04,108.75,96.74,97.2,78.5,,,,,,,,,,
2025-05-05,109.39,97.39,97.85,79.19,,109.85,82.15,1.65,2.7,3.1,3.15,1.13,,0.1535
2025-05-06,110.21,98.2,98.65,80.35,,110.85,82.95,1.65,2.7,3.1,3.15,1.13,,0.1535
2025-05-07,111.01,98.59,99.44,81.14,,111.45,83.45,1.65,2.7,3.1,3.15,1.13,,0.1575
2025-05-08,109.38,96.96,97.82,79.97,,109.1,82.5,1.65,2.7,3.1,3.15,1.13,,0.1575
2025-05-09,109.72,97.31,98.17,80.16,,109.6,83.0,1.65,2.7,3.1,3.15,1.13,,0.1575
2025-05-10,,,,,,,,,,,,,,
2025-05-11,,,,,,,,,,,,,,
2025-05-12,,,,,,,,1.65,2.7,3.1,3.15,1.13,,
2025-05-13,111.92,99.51,100.37,82.39,,112.25,85.6,1.7,2.7,3.1,3.15,1.13,,0.1575
2025-05-14,114.24,101.88,102.74,84.71,,113.8,87.4,1.7,2.7,3.1,3.15,1.13,,0.157
2025-05-15,113.68,101.35,102.21,84.19,,113.2,86.85,1.7,2.7,3.1,3.15,1.13,,0.157
2025-05-16,112.41,100.13,100.98,82.99,,112.1,86.05,1.7,2.5,3.1,3.15,1.13,,0.156
2025-05-17,,,,,,,,,,,,,,
2025-05-18,,,,,,,,,,,,,,
2025-05-19,110.85,99.21,100.07,82.11,,111.25,85.65,1.65,2.5,3.1,3.15,1.13,,0.156
2025-05-20,110.98,99.17,99.96,82.64,,110.6,85.65,1.65,2.5,3.1,3.15,1.13,,0.156
2025-05-21,111.01,99.22,99.98,82.67,,110.0,85.95,1.65,2.5,2.8,3.15,1.13,,0.156
2025-05-22,110.61,98.84,99.58,82.28,,108.1,85.3,1.65,2.5,2.8,3.15,1.13,,0.156
2025-05-23,109.52,97.77,98.49,81.19,,107.15,84.65,1.65,2.5,2.8,3.15,1.13,,0.156
2025-05-24,,,,,,,,,,,,,,
2025-05-25,,,,,,,,,,,,,,
2025-05-26,108.26,96.53,97.27,80.0,,105.85,83.65,1.65,2.5,2.8,3.15,1.13,,0.154
2025-05-27,107.11,95.7,96.41,79.17,,104.65,82.8,1.6,2.5,2.8,3.15,1.13,,0.154
2025-05-28,106.73,95.71,96.42,79.15,,105.1,82.8,1.6,2.5,2.8,3.15,1.13,,0.154
2025-05-29,107.23,96.13,96.9,79.78,,105.5,83.4,1.6,2.5,2.8,3.15,1.13,,0.154
2025-05-30,106.73,95.66,96.41,79.51,,105.1,83.2,1.6,2.5,2.8,3.15,1.13,,0.154
2025-05-31,,,,,,,,,,,,,,
2025-06-01,,,,,,,,,,,,,,
2025-06-02,105.85,93.61,93.65,78.38,,104.6,82.75,1.6,2.5,2.8,3.15,1.13,,0.154
2025-06-03,104.69,94.5,93.54,78.29,,103.65,82.25,1.6,2.2,2.8,3.15,0.97,,0.154
2025-06-04,105.2,95.9,94.88,79.87,,105.95,83.15,1.6,2.2,2.8,3.15,0.97,,0.1545
2025-06-05,104.56,95.17,94.15,79.48,,105.25,82.85,1.6,2.2,2.5,2.85,0.97,,0.1645
2025-06-06,105.26,95.81,94.86,80.27,,105.7,83.2,1.6,2.2,2.5,2.85,0.97,,0.1645
2025-06-07,,,,,,,,,,,,,,
2025-06-08,,,,,,,,,,,,,,
2025-06-09,104.5,94.8,94.05,79.99,,104.8,82.35,1.6,2.2,2.5,2.85,0.97,,0.1645
2025-06-10,104.34,94.85,93.87,80.02,,104.55,82.05,1.6,2.2,2.5,2.85,0.93,,0.1615
2025-06-11,105.25,95.8,94.7,80.86,93.44,105.35,82.6,1.6,2.2,2.5,2.85,0.93,,0.1615
2025-06-12,104.54,95.04,93.93,80.18,92.66,104.55,82.3,1.6,2.2,2.5,2.85,1.02,,0.16
2025-06-13,104.39,94.79,93.67,79.96,92.31,104.2,82.1,1.6,2.2,2.5,2.85,1.02,,0.16
2025-06-14,,,,,,,,,,,,,,
2025-06-15,,,,,,,,,,,,,,
2025-06-16,104.0,94.65,93.33,79.63,91.97,103.85,82.0,1.55,2.2,2.5,2.85,1.02,,0.157
2025-06-17,102.82,93.14,91.79,78.12,90.84,102.7,80.75,1.55,2.2,2.5,2.85,1.02,,0.155
2025-06-18,102.26,92.67,91.17,77.57,90.49,102.35,80.9,1.55,2.2,2.5,2.85,1.02,,0.154
2025-06-19,102.79,94.15,91.82,78.54,90.79,102.6,81.0,1.55,2.2,2.5,2.85,1.02,,0.1525
2025-06-20,104.0,94.39,92.69,79.49,91.52,103.8,81.65,1.55,2.2,2.5,2.85,1.02,,0.1525
2025-06-21,,,,,,,,,,,,,,
2025-06-22,,,,,,,,,,,,,,
2025-06-23,104.34,94.56,93.05,79.88,91.87,104.15,81.85,1.55,2.2,2.5,2.85,1.02,,0.15
2025-06-24,103.65,93.62,92.19,79.15,90.69,102.95,81.0,1.55,2.2,2.5,2.85,0.9,,0.15
2025-06-25,103.47,93.21,91.77,78.74,90.49,102.75,80.85,1.55,2.2,2.5,2.85,0.9,,0.151
2025-06-26,103.84,93.64,92.32,79.27,91.08,103.3,80.95,1.55,2.2,2.3,2.85,0.9,,0.159
2025-06-27,105.24,95.0,93.8,80.78,92.09,104.4,81.85,1.55,2.5,2.0,2.85,0.9,,0.159
2025-06-28,,,,,,,,,,,,,,
2025-06-29,,,,,,,,,,,,,,
2025-06-30,105.02,94.76,93.46,80.53,91.84,104.15,81.75,1.55,2.5,2.0,2.85,0.85,,0.159
2025-07-01,104.01,93.62,92.22,79.28,90.85,103.15,80.95,1.55,2.5,2.0,2.85,0.85,89.8,0.1605
2025-07-02,106.03,95.44,94.13,81.19,92.8,105.1,82.55,1.6,2.5,2.0,2.85,0.85,91.45,0.163
2025-07-03,107.65,97.0,95.44,82.5,93.96,106.3,83.55,1.6,2.5,2.0,2.85,0.85,92.55,0.163
2025-07-04,108.4,96.69,95.16,82.19,93.4,106.2,83.1,1.6,2.6,2.0,2.85,0.8,92.4,0.166
2025-07-05,,,,,,,,,,,,,,
2025-07-06,,,,,,,,,,,,,,
2025-07-07,108.2,96.0,94.42,81.52,92.45,105.9,82.65,1.6,3.0,1.75,2.85,0.73,91.95,0.166
2025-07-08,108.29,96.42,94.86,81.78,92.8,106.2,82.35,1.6,3.0,1.75,2.85,0.5,92.25,0.167
2025-07-09,109.8,96.57,94.98,82.03,92.9,107.3,82.6,1.6,3.0,1.75,2.85,0.42,92.35,0.168
2025-07-10,113.0,99.95,98.13,85.05,96.2,110.55,85.4,1.65,2.5,1.75,2.85,0.42,95.45,0.168
2025-07-11,113.04,99.97,98.14,85.06,95.9,110.3,85.75,1.65,2.5,1.4,2.85,0.42,95.75,0.168
2025-07-12,,,,,,,,,,,,,,
2025-07-13,,,,,,,,,,,,,,
2025-07-14,114.3,100.35,98.38,85.23,96.15,111.1,85.95,1.65,2.5,1.4,2.85,0.42,96.0,0.168
2025-07-15,113.88,100.5,97.79,84.6,95.7,111.15,85.7,1.65,2.5,1.4,2.85,0.42,95.4,0.169
2025-07-16,114.37,101.13,98.85,85.17,96.65,112.1,86.55,1.65,2.5,1.15,2.85,0.35,96.45,0.169
2025-07-17,115.37,102.45,99.85,86.08,97.6,113.45,87.6,1.65,2.9,1.15,2.85,0.35,97.4,0.17
2025-07-18,115.3,102.19,99.79,86.05,97.65,113.7,87.45,1.65,2.9,1.15,2.85,0.35,97.4,0.17
2025-07-19,,,,,,,,,,,,,,
2025-07-20,,,,,,,,,,,,,,
2025-07-21,118.14,104.95,102.51,88.75,100.35,116.45,89.65,1.7,2.9,1.15,2.85,0.33,100.1,0.17
2025-07-22,120.4,106.52,104.09,90.27,102.2,118.35,91.3,1.75,2.9,1.15,2.85,0.33,102.05,0.17
2025-07-23,119.36,105.59,103.35,89.35,101.35,118.0,90.65,1.75,2.9,1.15,2.55,0.33,101.15,0.1825
2025-07-24,119.85,106.2,104.0,89.83,101.85,118.5,91.25,1.75,2.9,1.15,2.55,0.23,101.65,0.1825
2025-07-25,118.19,104.16,102.01,87.86,100.0,116.8,89.45,1.7,2.9,1.15,2.55,0.23,99.8,0.1825
2025-07-26,,,,,,,,,,,,,,
2025-07-27,,,,,,,,,,,,,,
2025-07-28,115.81,102.5,99.74,85.47,97.55,114.6,87.35,1.65,2.9,1.0,2.4,0.23,97.1,0.1825
2025-07-29,118.33,104.25,101.87,88.29,99.3,116.7,89.35,1.7,2.9,1.0,2.4,0.2,98.95,0.1825
2025-07-30,115.73,103.8,101.0,87.34,98.4,115.95,88.4,1.7,2.9,0.7,2.1,0.1,98.35,0.183
2025-07-31,115.53,101.61,99.05,85.67,96.5,114.05,86.95,1.65,2.9,0.7,2.1,0.1,96.0,0.183
2025-08-01,116.72,101.77,99.14,85.72,96.75,116.65,87.3,1.65,2.9,0.7,2.1,0.1,96.8,0.183
2025-08-02,,,,,,,,,,,,,,
2025-08-03,,,,,,,,,,,,,,
2025-08-04,117.66,103.11,100.4,86.87,98.0,117.95,88.45,1.65,2.9,0.7,2.1,0.1,98.2,0.182
2025-08-05,118.88,104.65,101.29,87.63,99.05,119.0,89.05,1.7,2.9,0.7,2.1,0.07,99.05,0.182
2025-08-06,119.62,104.04,100.84,87.17,98.5,119.0,88.95,1.7,2.9,0.8,2.1,0.07,98.35,0.182
2025-08-07,119.8,104.19,101.18,87.5,98.8,119.3,89.15,1.7,2.9,0.8,2.1,0.07,98.8,0.1835
2025-08-08,119.72,104.06,101.0,87.35,98.8,119.3,89.35,1.7,2.9,0.8,2.1,0.07,98.8,0.179
2025-08-09,,,,,,,,,,,,,,
2025-08-10,,,,,,,,,,,,,,
2025-08-11,121.06,105.37,102.35,88.7,100.2,120.7,90.2,1.7,2.9,0.8,2.1,0.07,99.95,0.179
2025-08-12,121.75,106.39,103.3,89.6,101.25,121.8,90.7,1.75,2.9,0.8,1.8,0.07,101.05,0.179
2025-08-13,121.46,105.32,102.14,89.34,100.6,121.3,90.7,1.7,2.9,0.8,1.8,0.07,100.0,0.179
2025-08-14,119.06,104.35,100.81,88.09,99.1,119.8,89.9,1.7,2.9,0.8,1.8,0.07,98.9,0.181
2025-08-15,118.99,103.98,100.73,87.74,99.1,119.6,89.6,1.7,2.9,0.8,1.8,0.07,98.7,0.181
2025-08-16,,,,,,,,,,,,,,
2025-08-17,,,,,,,,,,,,,,
2025-08-18,118.54,103.5,101.19,87.66,98.35,118.55,89.15,1.7,2.9,0.8,1.8,0.1,98.15,0.18
2025-08-19,118.11,103.23,100.7,87.09,98.05,118.25,88.75,1.7,2.9,0.8,1.8,0.1,97.6,0.18
2025-08-20,117.77,102.89,100.35,86.75,97.9,118.1,88.45,1.65,2.9,0.8,1.8,0.1,97.5,0.181
2025-08-21,118.29,103.5,100.85,87.25,98.1,118.3,88.7,1.7,3.0,0.8,1.8,0.1,98.1,0.182
2025-08-22,117.7,102.9,100.27,86.67,97.65,117.85,88.5,1.65,3.0,0.8,1.8,0.1,97.55,0.182
2025-08-23,,,,,,,,,,,,,,
2025-08-24,,,,,,,,,,,,,,
2025-08-25,120.4,105.64,102.95,89.26,100.25,120.5,90.95,1.7,3.0,0.8,1.8,0.1,100.3,0.18
2025-08-26,119.6,104.87,102.18,88.4,99.2,119.45,90.2,1.7,3.0,0.8,1.8,0.1,99.2,0.1845
2025-08-27,119.65,105.1,102.23,88.43,99.7,119.95,90.25,1.7,3.0,1.0,1.8,0.07,99.35,0.1845
2025-08-28,122.45,106.62,103.76,90.02,101.15,122.5,91.5,1.75,3.0,1.0,1.8,0.07,101.2,0.1845
2025-08-29,121.89,106.0,103.23,89.52,100.85,122.2,91.0,1.7,3.0,1.0,1.8,0.07,100.85,0.1825
2025-08-30,,,,,,,,,,,,,,
2025-08-31,,,,,,,,,,,,,,
2025-09-01,119.72,104.05,101.13,87.26,99.1,120.45,89.35,1.7,3.0,1.0,1.8,0.07,99.15,0.184
2025-09-02,120.29,104.67,101.77,87.92,99.95,120.8,89.95,1.7,3.0,1.0,1.8,0.07,99.8,0.184
2025-09-03,121.15,105.59,102.72,88.99,100.9,121.6,90.7,1.7,3.0,1.0,1.8,0.07,100.65,0.185
2025-09-04,122.69,107.26,104.32,90.52,102.35,122.55,92.15,1.75,3.0,1.0,1.8,0.07,102.2,0.185
2025-09-05,122.81,107.42,104.49,90.68,102.4,122.6,92.15,1.75,3.0,1.0,1.8,0.07,102.35,0.185
2025-09-06,,,,,,,,,,,,,,
2025-09-07,,,,,,,,,,,,,,
2025-09-08,122.88,108.08,105.29,91.36,102.95,123.0,92.7,1.75,3.0,1.0,1.8,0.07,103.0,0.184
2025-09-09,124.9,110.08,107.31,93.33,104.85,124.55,94.35,1.8,3.0,1.0,1.8,0.07,104.8,0.184
2025-09-10,124.46,109.63,106.87,92.87,104.25,123.95,94.05,1.8,3.0,1.0,1.8,0.07,104.0,0.184
2025-09-11,123.09,107.75,105.59,91.98,102.95,122.55,92.6,1.75,2.8,1.0,1.8,0.07,102.55,0.184
2025-09-12,123.39,108.19,106.02,92.56,103.65,123.1,93.9,1.75,2.8,1.0,1.8,0.07,103.0,0.184
2025-09-13,,,,,,,,,,,,,,
2025-09-14,,,,,,,,,,,,,,
2025-09-15,123.0,108.23,105.61,92.09,102.85,122.25,93.45,1.75,2.8,1.0,1.8,0.07,102.65,0.184
2025-09-16,123.63,109.04,106.44,92.91,103.2,122.65,93.75,1.75,2.8,1.0,1.8,0.07,103.45,0.18
2025-09-17,122.54,108.1,105.47,91.9,102.9,122.1,93.65,1.75,2.8,1.0,1.8,0.07,103.2,0.175
2025-09-18,119.6,107.5,104.89,91.28,102.5,120.8,93.25,1.75,2.8,1.0,1.8,0.13,102.6,0.1675
2025-09-19,122.69,109.05,106.5,92.88,103.85,120.75,94.55,1.75,2.8,1.0,1.8,0.13,104.3,0.165
2025-09-20,,,,,,,,,,,,,,
2025-09-21,,,,,,,,,,,,,,
2025-09-22,122.08,108.69,105.93,92.4,104.05,120.95,95.15,1.75,2.8,1.0,1.8,0.13,104.2,0.1625
2025-09-23,121.49,108.11,105.41,93.15,103.5,120.15,95.3,1.75,2.8,1.0,1.8,0.13,103.5,0.16
2025-09-24,121.78,108.8,105.76,93.24,103.8,120.15,95.35,1.75,2.8,1.0,1.8,0.13,103.7,0.16
2025-09-25,121.88,108.94,105.93,93.25,103.4,119.75,95.15,1.75,2.8,1.2,1.9,0.13,103.65,0.16
2025-09-26,119.5,106.62,103.63,90.92,101.2,117.55,93.15,1.75,2.8,1.2,1.9,0.13,101.3,0.1645
2025-09-27,,,,,,,,,,,,,,
2025-09-28,,,,,,,,,,,,,,
2025-09-29,118.62,105.88,102.93,90.28,100.8,117.1,92.65,1.7,2.8,1.2,1.9,0.13,100.9,0.154
2025-09-30,119.46,106.93,103.93,92.61,101.25,117.55,93.9,,,,,,101.25,0.1495
2025-10-01,119.22,106.68,103.71,92.81,101.35,117.65,93.95,,,,,,101.25,0.1495
2025-10-02,119.5,106.99,104.01,93.11,101.35,117.65,93.95,,,,,,101.25,0.1495
2025-10-03,119.37,106.92,103.94,92.95,101.45,117.75,94.0,,,,,,101.25,0.1495
2025-10-04,,,,,,,,,,,,,,
2025-10-05,,,,,,,,,,,,,,
2025-10-06,119.18,106.74,103.8,92.81,101.45,117.75,94.0,,,,,,101.25,0.1495
2025-10-07,119.06,106.71,103.76,92.74,101.45,117.75,94.0,,,,,,101.25,0.1495
2025-10-08,119.3,107.02,104.07,93.02,101.55,117.85,94.1,1.75,2.8,1.2,1.9,0.13,101.25,0.1495
2025-10-09,120.21,107.95,105.14,93.89,103.15,119.5,94.55,1.75,2.8,1.2,1.9,0.1,102.1,0.152
2025-10-10,122.21,109.59,106.78,94.97,104.7,121.3,95.85,1.8,2.8,1.2,1.9,0.1,104.1,0.1465
2025-10-11,,,,,,,,,,,,,,
2025-10-12,,,,,,,,,,,,,,
2025-10-13,123.66,111.09,108.33,96.33,106.45,122.8,97.4,1.8,2.8,1.2,1.9,0.1,105.55,0.1465
2025-10-14,120.7,108.11,105.22,93.29,103.5,119.8,95.2,1.75,2.8,1.2,1.9,0.1,102.95,0.145
2025-10-15,120.26,107.66,104.74,92.83,103.5,119.8,94.8,1.75,2.8,1.2,1.9,0.1,102.8,0.1365
2025-10-16,119.61,107.14,104.11,92.57,103.25,119.55,94.9,1.75,2.8,1.2,1.9,0.1,102.7,0.1365
2025-10-17,118.86,106.34,103.35,91.89,102.6,118.9,94.75,1.75,2.8,1.2,1.9,0.1,101.75,0.1365
2025-10-18,,,,,,,,,,,,,,
2025-10-19,118.86,106.34,103.35,91.89,,,,,,,,,,
2025-10-20,,,,,,,,,,,,,,
2025-10-21,118.86,106.08,103.0,91.54,101.8,117.9,94.0,1.75,2.8,1.2,1.9,0.1,101.4,0.128
2025-10-22,119.61,107.82,104.86,93.14,102.4,118.5,94.0,1.75,2.8,1.2,1.9,0.1,101.75,0.128
2025-10-23,119.74,107.84,104.99,93.22,102.95,119.15,94.35,1.75,2.8,1.2,1.9,0.1,102.3,0.128
2025-10-24,118.57,106.59,103.81,92.12,102.45,118.65,93.85,1.75,2.8,1.2,1.9,0.1,101.9,0.128
2025-10-25,,,,,,,,,,,,,,
2025-10-26,,,,,,,,,,,,,,
2025-10-27,119.82,107.9,105.13,93.19,103.8,120.0,95.1,1.75,2.8,1.2,1.9,0.1,103.4,0.128
2025-10-28,120.89,108.91,106.38,94.07,104.45,120.65,95.7,1.8,2.8,1.2,1.9,0.1,104.0,0.125
2025-10-29,121.66,109.62,107.15,94.63,105.6,121.9,96.8,1.8,2.8,1.4,2.1,0.1,105.55,0.127
2025-10-30,121.0,109.0,106.5,93.97,104.95,121.2,96.25,1.8,2.8,1.4,2.1,0.1,104.75,0.127
2025-10-31,119.94,108.76,106.37,93.68,104.65,120.7,95.65,1.8,2.8,1.4,2.1,0.1,104.65,0.127
2025-11-01,,,,,,,,,,,,,,
2025-11-02,,,,,,,,,,,,,,
2025-11-03,117.47,107.3,105.17,92.43,103.15,118.85,94.5,1.75,2.8,1.4,2.1,0.1,102.8,0.127
2025-11-04,116.83,106.26,104.1,91.35,101.9,117.6,93.35,1.75,2.8,1.4,2.1,0.1,101.75,0.127
2025-11-05,116.73,106.16,103.9,91.11,102.2,117.4,93.45,1.75,2.8,1.4,2.1,0.1,101.55,0.127
2025-11-06,116.95,106.3,104.13,91.24,102.0,117.2,93.55,1.75,2.8,1.4,2.1,0.1,101.9,0.125
2025-11-07,114.31,103.85,101.66,88.95,99.35,114.25,91.2,1.7,2.8,1.4,2.1,0.1,99.4,0.122
2025-11-08,,,,,,,,,,,,,,
2025-11-09,,,,,,,,,,,,,,
2025-11-10,114.98,104.69,102.49,90.65,100.3,115.0,92.1,1.75,2.8,1.4,2.1,0.1,100.1,0.12
2025-11-11,114.7,103.95,101.81,89.93,99.65,114.5,91.45,1.7,2.8,1.4,2.1,0.1,99.45,0.12
2025-11-12,116.01,105.26,103.12,91.19,100.9,115.6,92.45,1.75,2.8,1.4,2.1,0.1,100.55,0.115
2025-11-13,115.82,105.21,103.07,91.18,100.9,115.6,92.55,1.75,2.8,1.4,2.1,0.1,100.5,0.114
2025-11-14,115.54,105.15,102.81,90.92,100.9,115.6,92.35,1.75,2.8,1.4,2.1,0.1,100.3,0.112
2025-11-15,,,,,,,,,,,,,,
2025-11-16,,,,,,,,,,,,,,
2025-11-17,116.81,106.63,104.28,92.24,102.6,117.3,93.9,1.75,2.8,1.4,2.1,0.1,102.1,0.11
2025-11-18,116.68,106.6,104.15,92.07,102.45,117.2,94.05,1.75,2.95,1.4,2.1,0.1,102.2,0.11
2025-11-19,117.08,106.6,104.12,91.94,102.35,117.1,93.9,1.75,2.95,1.4,2.1,0.1,102.3,0.108
2025-11-20,116.67,106.19,103.71,91.51,102.0,116.75,93.3,1.75,2.95,1.4,2.1,0.1,101.85,0.107
2025-11-21,116.71,106.19,103.85,91.43,102.05,116.8,93.25,1.75,2.95,1.4,2.1,0.1,101.7,0.097
2025-11-22,,,,,,,,,,,,,,
2025-11-23,,,,,,,,,,,,,,
2025-11-24,117.69,107.06,104.68,92.14,103.25,117.55,94.2,1.8,2.95,1.4,2.1,0.1,102.5,0.095
2025-11-25,118.5,107.83,105.46,92.76,103.8,118.65,94.45,1.8,2.95,1.4,2.1,0.1,102.4,0.092
2025-11-26,119.14,108.49,106.13,93.25,104.55,119.4,95.2,1.8,2.95,1.4,2.1,0.1,103.85,0.087
2025-11-27,119.2,108.58,106.22,93.37,104.65,119.5,95.4,1.8,2.95,1.4,2.1,0.1,104.2,0.087
2025-11-28,117.92,107.3,104.95,91.92,103.2,118.05,93.9,1.8,2.95,1.4,2.1,0.1,103.2,0.087
2025-11-29,,,,,,,,,,,,,,
2025-11-30,,,,,,,,,,,,,,
2025-12-01,119.33,108.71,106.39,93.24,104.55,119.4,95.3,1.8,2.95,1.4,2.1,0.1,104.15,0.087
2025-12-02,119.71,109.35,106.88,93.62,105.0,119.8,95.65,1.8,2.95,1.4,2.1,0.1,104.4,0.085
2025-12-03,119.83,109.5,107.03,93.89,105.15,120.0,96.05,1.8,3.05,1.4,2.1,0.1,104.5,0.08
2025-12-04,119.82,109.5,107.04,93.79,105.15,120.0,96.0,1.8,3.05,1.4,2.1,0.1,104.3,0.075
2025-12-05,118.86,108.56,106.18,92.87,104.3,119.1,95.35,1.8,3.05,1.4,2.1,0.1,103.35,0.07
2025-12-06,,,,,,,,,,,,,,
2025-12-07,,,,,,,,,,,,,,
2025-12-08,117.7,107.5,105.1,91.7,102.95,117.75,94.4,1.8,3.05,1.4,2.1,0.1,102.4,0.06
2025-12-09,117.42,107.18,104.79,91.4,102.7,117.5,93.55,1.75,3.05,1.4,2.1,0.1,102.05,0.06
2025-12-10,118.25,107.95,105.57,92.07,103.6,118.4,93.85,1.8,3.05,1.4,2.1,0.1,102.65,0.06
2025-12-11,117.45,106.71,104.33,90.99,102.2,117.5,91.9,1.75,3.05,1.4,2.1,0.1,101.35,0.06
2025-12-12,118.03,107.27,104.94,91.2,102.4,117.7,91.8,1.75,3.05,1.4,2.4,0.1,101.6,0.055
2025-12-13,,,,,,,,,,,,,,
2025-12-14,,,,,,,,,,,,,,
2025-12-15,117.25,106.49,104.16,89.83,102.35,117.7,91.8,1.75,3.15,1.6,2.4,0.1,101.05,0.055
2025-12-16,118.48,107.74,105.41,90.9,103.35,118.7,92.65,1.8,3.15,1.6,2.4,0.1,101.85,0.054
2025-12-17,119.49,108.73,106.4,91.85,104.25,119.6,93.65,1.8,3.15,1.6,2.5,0.1,102.95,0.045
2025-12-18,121.1,109.69,107.43,92.73,105.5,121.35,94.4,1.8,3.15,1.6,2.5,0.1,103.95,0.045
2025-12-19,120.97,109.6,107.32,92.56,105.3,121.15,94.0,1.8,3.15,1.6,2.5,0.1,103.75,0.045
2025-12-20,,,,,,,,,,,,,,
2025-12-21,,,,,,,,,,,,,,
2025-12-22,120.95,109.55,107.29,92.35,105.4,121.25,93.95,1.8,3.15,1.6,2.5,0.1,103.8,0.045
2025-12-23,120.6,109.22,106.96,91.89,104.95,120.8,93.4,1.8,3.15,1.6,2.5,0.1,103.8,0.04
2025-12-24,120.44,109.06,106.8,91.53,104.45,120.3,92.95,1.8,3.15,1.6,2.5,0.1,103.7,0.04
2025-12-25,,,,,,,,,,,,,,
2025-12-26,120.77,109.43,107.18,91.77,105.0,120.85,93.6,1.8,3.15,1.6,2.5,0.1,104.05,0.0375
2025-12-27,,,,,,,,,,,,,,
2025-12-28,,,,,,,,,,,,,,
2025-12-29,121.71,110.44,108.23,92.69,105.95,121.85,94.65,1.85,3.15,1.6,2.5,0.1,105.25,0.035
2025-12-30,121.43,110.21,108.0,92.4,105.6,121.5,94.15,1.8,3.15,1.6,2.5,0.1,105.1,0.035
2025-12-31,121.39,110.17,107.96,92.33,105.6,121.5,94.15,1.8,3.15,1.6,2.5,0.1,105.0,0.035
2026-01-01,,,,,,,,,,,,,,
2026-01-02,121.34,110.12,107.92,92.28,105.5,121.4,94.6,1.8,3.15,1.6,2.5,0.1,105.0,0.055
2026-01-03,,,,,,,,,,,,,,
2026-01-04,,,,,,,,,,,,,,
2026-01-05,121.49,110.33,108.12,92.44,105.8,121.7,95.05,1.85,3.15,1.6,2.5,0.1,105.15,0.05
2026-01-06,121.95,110.77,108.57,92.89,106.65,122.55,95.55,1.85,3.15,1.6,2.5,0.1,105.95,0.05
2026-01-07,124.39,113.26,111.01,95.28,109.25,125.15,97.5,1.9,3.15,1.6,2.5,0.1,108.15,0.0465
2026-01-08,123.19,112.0,109.81,94.06,108.2,123.9,96.65,1.85,3.15,1.6,2.5,0.1,107.05,0.05
2026-01-09,123.63,112.44,110.25,94.48,108.5,124.2,97.05,1.85,3.15,1.6,2.5,0.1,107.75,0.05
2026-01-10,,,,,,,,,,,,,,
2026-01-11,,,,,,,,,,,,,,
2026-01-12,124.1,112.93,110.72,94.97,109.25,124.75,97.45,1.9,3.15,1.6,2.5,0.1,108.5,0.045
2026-01-13,123.25,111.99,109.88,94.16,108.2,123.7,96.85,1.85,3.15,1.6,2.5,0.1,107.45,0.045
2026-01-14,123.03,111.9,109.61,93.97,107.8,123.3,96.65,1.85,3.15,1.6,2.5,0.1,107.2,0.045
2026-01-15,122.09,110.95,108.65,93.02,106.7,122.2,96.0,1.85,3.15,1.6,2.5,0.1,106.35,0.045
2026-01-16,121.35,110.21,107.92,92.3,106.15,121.65,95.5,1.85,3.15,1.6,2.5,0.1,105.4,0.045
2026-01-17,,,,,,,,,,,,,,
2026-01-18,,,,,,,,,,,,,,
2026-01-19,119.53,108.42,106.14,90.66,104.45,119.95,94.05,1.8,3.15,1.6,2.5,0.1,103.75,0.045
2026-01-20,119.0,107.9,105.62,90.23,103.55,119.05,93.4,1.8,3.15,1.7,2.6,0.1,103.25,0.045
2026-01-21,118.5,107.25,104.51,89.32,103.2,118.7,92.95,1.8,3.15,1.7,2.6,0.1,102.35,0.045
2026-01-22,119.01,107.76,105.02,89.79,103.45,118.95,93.2,1.8,3.15,1.7,2.6,0.1,102.6,0.045
2026-01-23,119.95,108.68,105.95,90.7,104.65,120.15,94.05,1.8,3.15,1.7,2.6,0.07,103.6,0.045
2026-01-24,,,,,,,,,,,,,,
2026-01-25,,,,,,,,,,,,,,
2026-01-26,119.2,107.65,105.1,90.08,103.35,118.85,93.2,1.8,3.15,1.85,2.6,0.07,102.6,0.045
2026-01-27,119.22,107.75,105.12,90.21,103.35,118.85,93.4,1.8,3.15,1.85,2.6,0.07,102.8,0.045
2026-01-28,118.39,107.1,104.26,89.5,102.7,118.2,92.7,1.8,3.15,1.85,2.6,0.07,102.1,0.046
2026-01-29,120.34,109.07,106.22,91.44,104.15,119.65,94.15,1.8,3.15,1.85,2.6,0.07,103.9,0.046
2026-01-30,118.74,107.51,104.63,90.16,103.2,118.7,95.2,1.8,3.15,1.85,2.6,0.07,102.5,0.046
2026-01-31,,,,,,,,,,,,,,
2026-02-01,,,,,,,,,,,,,,
2026-02-02,119.45,106.62,103.73,89.99,102.4,118.4,94.1,1.8,3.15,1.85,2.6,0.07,101.6,0.045
2026-02-03,118.75,105.95,103.04,89.5,102.0,118.0,93.35,1.75,3.15,1.85,2.6,0.07,101.25,0.045
2026-02-04,119.5,106.7,103.79,90.55,102.25,118.5,94.0,1.8,3.15,,2.6,0.07,101.9,0.045
2026-02-05,117.86,104.45,102.18,89.45,100.3,116.55,92.45,1.75,3.15,1.85,2.6,0.07,100.05,0.045
2026-02-06,116.51,103.13,100.83,88.56,98.7,114.95,91.3,1.7,3.15,1.85,2.6,0.07,98.65,0.045
2026-02-07,,,,,,,,,,,,,,
2026-02-08,,,,,,,,,,,,,,
2026-02-09,117.09,103.69,101.3,89.34,100.2,116.45,91.85,1.75,3.15,1.85,2.6,0.07,99.35,0.048
2026-02-10,117.98,104.58,102.27,90.23,100.2,116.45,92.2,1.75,3.15,1.85,2.6,0.07,99.6,0.0545
2026-02-11,117.53,104.22,101.92,89.86,99.95,116.45,91.95,1.75,3.15,1.85,2.6,0.07,99.4,0.06
2026-02-12,117.1,103.88,101.58,89.43,99.6,116.1,91.9,1.75,3.15,1.85,2.6,0.07,99.3,0.06
2026-02-13,114.41,101.26,98.96,86.73,96.75,113.4,90.6,1.7,3.15,1.85,2.6,0.07,96.95,0.06
2026-02-14,,,,,,,,,,,,,,
2026-02-15,,,,,,,,,,,,,,
2026-02-16,114.34,101.2,98.91,86.7,96.5,113.4,90.6,1.7,3.15,1.85,2.6,0.07,96.95,0.06
2026-02-17,,,,,,,,,,,,,96.95,
2026-02-18,,,,,,,,,,,,,96.95,
2026-02-19,114.19,101.05,98.75,86.52,96.5,113.4,90.6,1.7,3.15,1.85,2.6,0.07,96.95,0.061
2026-02-20,113.99,100.87,98.56,86.32,96.4,113.4,90.6,1.7,3.15,1.85,2.6,0.07,96.95,0.061
2026-02-21,,,,,,,,,,,,,,
2026-02-22,,,,,,,,,,,,,,
2026-02-23,114.19,101.07,98.77,86.56,96.4,113.4,90.6,1.7,3.15,1.85,2.6,0.07,96.95,0.061
2026-02-24,114.93,101.8,99.56,87.31,96.9,114.1,89.15,1.7,3.15,1.85,2.6,0.07,96.5,0.061
2026-02-25,116.7,103.76,101.57,89.28,99.0,116.75,90.95,1.7,3.15,1.85,2.6,0.07,98.75,0.07
2026-02-26,116.7,103.74,101.58,89.28,99.3,117.05,91.3,1.75,3.15,1.85,2.6,0.07,98.85,0.145
2026-02-27,116.74,103.79,101.63,89.5,99.75,117.5,90.95,1.75,3.15,1.85,2.6,0.07,99.35,0.145
2026-02-28,,,,,,,,,,,,,,
2026-03-01,,,,,,,,,,,,,,
2026-03-02,118.6,105.1,102.53,90.49,100.35,118.6,91.85,1.75,3.25,1.65,2.4,0.07,100.0,0.1475
2026-03-03,118.26,104.82,102.19,90.14,100.55,118.8,91.55,1.75,3.25,1.65,2.4,0.07,100.0,0.15
2026-03-04,117.87,104.41,101.77,89.75,100.2,118.45,91.55,1.75,3.25,1.65,2.4,0.07,99.9,0.177
2026-03-05,120.45,105.61,102.99,90.79,101.35,120.0,92.6,1.75,3.25,1.65,2.4,0.07,101.0,0.177
2026-03-06,122.27,107.4,104.83,91.81,102.65,121.3,93.4,1.8,3.25,1.65,2.4,0.07,103.2,0.18
2026-03-07,,,,,,,,,,,,,,
2026-03-08,,,,,,,,,,,,,,
2026-03-09,123.67,109.1,106.23,93.16,104.55,123.2,94.5,1.8,3.25,1.65,2.4,0.07,105.2,0.1905
2026-03-10,124.3,109.69,106.79,93.3,104.85,124.25,95.55,1.8,3.25,1.65,2.4,0.07,105.2,0.189
2026-03-11,124.67,110.06,107.16,93.47,105.1,124.5,95.55,1.85,3.25,1.65,2.4,0.07,105.2,0.189
2026-03-12,127.97,113.35,110.46,96.71,109.1,128.3,99.1,1.9,3.25,1.65,2.4,0.07,107.85,0.189
2026-03-13,128.34,113.72,110.83,96.99,109.0,127.5,99.05,1.9,3.25,1.65,2.4,0.07,108.05,0.189
2026-03-14,,,,,,,,,,,,,,
2026-03-15,,,,,,,,,,,,,,
2026-03-16,128.01,113.46,110.57,96.71,108.8,126.8,98.95,1.9,3.25,1.65,2.4,0.07,107.95,0.188
2026-03-17,129.12,114.73,111.87,97.9,110.0,127.65,99.75,1.9,3.25,1.65,2.4,0.07,109.35,0.187
2026-03-18,127.77,113.45,110.59,96.59,108.5,126.15,98.3,1.9,3.25,1.65,2.4,0.07,108.35,0.19
2026-03-19,127.47,113.18,110.32,96.31,108.4,126.05,98.1,1.9,3.25,1.65,2.4,0.07,108.0,0.19
2026-03-20,128.41,114.17,111.31,97.26,109.55,127.2,99.05,1.9,3.25,1.65,2.4,0.07,109.05,0.19
2026-03-21,,,,,,,,,,,,,,
2026-03-22,,,,,,,,,,,,,,
2026-03-23,128.15,114.11,111.25,97.09,109.45,127.1,98.9,1.9,3.25,1.65,2.4,0.07,109.05,0.19
2026-03-24,127.4,113.38,110.5,96.26,108.7,126.35,98.15,1.9,3.25,1.65,2.4,0.07,108.55,0.19
2026-03-25,124.7,110.68,107.81,93.55,106.5,124.15,96.05,1.85,3.25,1.65,2.4,0.07,106.15,0.19
2026-03-26,126.68,112.7,109.84,95.44,108.5,126.15,97.9,1.9,3.25,1.65,2.4,0.07,108.25,0.19
2026-03-27,126.54,112.56,109.8,95.36,108.1,125.75,97.6,1.9,3.25,1.65,2.4,0.07,107.64999999999999,0.185
2026-03-28,,,,,,,,,,,,,,
2026-03-29,,,,,,,,,,,,,,
2026-03-30,126.84,112.94,110.19,95.67,108.5,126.15,97.7,1.9,3.25,1.65,2.4,0.07,108.05,0.15
2026-03-31,125.92,112.04,109.31,93.21,107.65,125.3,93.85,1.85,3.25,1.65,2.4,0.07,107.25,0.15
2026-04-01,126.92,113.03,110.32,94.12,108.2,125.5,95.15,1.9,3.25,1.65,2.4,0.07,108.05,0.155
2026-04-02,126.91,113.01,110.33,93.69,108.2,125.5,95.2,1.9,3.25,1.65,2.4,0.07,107.95,0.155
2026-04-03,,,,,,,,,,,,,,
2026-04-04,,,,,,,,,,,,,,
2026-04-05,,,,,,,,,,,,,,
2026-04-06,127.25,113.35,110.68,93.95,108.35,125.65,95.6,1.9,3.25,1.65,2.4,0.07,107.95,0.155
2026-04-07,127.18,113.3,110.7,93.64,108.4,125.7,95.65,1.9,3.25,1.65,2.2,0.07,108.35,0.155
2026-04-08,125.7,111.94,109.36,92.29,107.35,124.65,94.95,1.85,3.25,1.65,2.2,0.07,107.05,0.167
2026-04-09,122.72,108.97,106.48,89.43,104.7,122.0,93.1,1.8,3.25,1.65,2.2,0.07,103.9,0.167
2026-04-10,123.35,109.64,107.18,89.97,104.8,122.1,93.45,1.8,3.25,1.65,2.2,0.07,104.45,0.167
2026-04-11,,,,,,,,,,,,,,
2026-04-12,,,,,,,,,,,,,,
2026-04-13,124.28,110.61,108.21,90.94,106.05,123.35,94.25,1.85,3.25,1.65,2.2,0.07,105.45,0.167
2026-04-14,122.92,109.3,106.92,89.57,104.75,122.05,92.35,1.8,3.25,1.65,2.2,0.07,104.4,0.167
2026-04-15,123.15,109.64,107.32,90.01,105.55,122.85,93.05,1.85,3.25,1.65,2.2,0.07,105.05,0.167
2026-04-16,125.01,111.52,109.25,91.97,107.45,124.45,94.65,1.85,3.25,1.65,2.2,0.07,107.0,0.167
2026-04-17,124.42,111.08,108.75,91.55,107.0,124.0,94.2,1.85,3.25,1.65,2.2,0.07,106.5,0.168
2026-04-18,,,,,,,,,,,,,,
2026-04-19,,,,,,,,,,,,,,
2026-04-20,125.25,111.94,109.67,92.48,107.95,124.75,95.3,1.85,3.25,1.65,2.2,0.13,107.4,0.17
2026-04-21,124.29,111.94,109.67,92.49,107.9,124.7,95.1,1.85,3.25,1.65,2.2,0.17,107.65,0.17
2026-04-22,124.56,112.13,109.83,92.66,108.0,124.3,95.35,1.85,2.65,1.75,2.3,0.17,107.85,0.1795
2026-04-23,123.88,111.41,109.1,91.98,107.6,123.8,94.8,1.85,2.65,1.75,2.3,0.17,107.2,0.1795
2026-04-24,124.67,111.45,109.13,92.0,107.6,123.6,94.7,1.85,2.65,1.75,2.3,0.17,107.25,0.182
2026-04-25,,,,,,,,,,,,,,
2026-04-26,,,,,,,,,,,,,,
2026-04-27,124.53,111.32,108.97,91.89,107.8,123.7,95.0,1.85,2.65,1.75,2.3,0.25,107.1,
2026-04-28,124.03,110.82,108.47,91.45,107.25,123.15,94.5,1.85,2.65,1.75,2.3,0.25,106.95,0.18
2026-04-29,124.72,111.43,109.15,92.12,107.9,123.6,95.05,1.85,2.65,1.75,2.3,0.25,107.2,0.1795
2026-04-30,125.4,112.16,109.87,92.61,108.05,123.75,93.8,1.85,2.65,1.75,2.3,0.25,107.35,0.178
2026-05-01,,,,,,,,,,,,,107.35,0.178
2026-05-02,,,,,,,,,,,,,,
2026-05-03,,,,,,,,,,,,,,
2026-05-04,125.6,112.35,110.06,92.82,108.55,124.25,94.3,1.85,2.65,1.75,2.3,0.25,107.35,0.175
2026-05-05,125.67,112.43,110.14,92.9,108.55,124.25,94.3,1.85,2.65,1.75,2.3,0.25,107.35,0.175
2026-05-06,127.95,115.74,113.09,94.66,112.05,128.25,95.65,1.9,2.35,1.75,2.3,0.25,110.5,0.1725
2026-05-07,128.06,115.85,113.19,94.49,111.65,127.85,95.75,1.9,2.35,1.75,2.3,0.25,110.55,0.1725
2026-05-08,127.65,115.62,112.97,94.1,111.5,128.2,95.45,1.9,2.35,1.75,2.3,0.25,110.3,0.177
2026-05-09,,,,,,,,,,,,,,
2026-05-10,,,,,,,,,,,,,,
2026-05-11,128.97,116.9,114.01,94.73,112.35,129.05,96.25,1.95,2.35,1.75,2.3,0.25,111.45,0.177
2026-05-12,127.67,115.61,112.73,93.9,111.05,127.75,97.25,1.9,2.35,1.75,2.5,0.25,110.25,0.18
2026-05-13,128.53,116.6,113.64,94.64,112.05,128.75,98.1,1.9,2.35,1.75,2.65,0.25,111.2,0.18
2026-05-14,128.04,116.1,113.14,94.15,111.5,128.2,97.5,1.9,2.35,1.75,2.65,0.25,110.6,0.18
2026-05-15,126.65,114.68,111.75,92.81,109.95,126.65,96.25,1.9,2.35,1.75,2.65,0.25,109.25,0.18
2026-05-16,,,,,,,,,,,,,,
2026-05-17,,,,,,,,,,,,,,
2026-05-18,125.53,113.63,110.69,91.79,108.45,125.15,95.0,1.85,2.35,1.75,2.65,0.25,108.05,0.184
2026-05-19,125.02,113.5,110.18,91.27,108.0,124.7,95.1,1.85,2.65,1.75,2.65,0.17,107.7,0.184
2026-05-20,124.49,113.03,109.71,90.81,107.25,124.3,94.6,1.85,2.65,1.75,2.65,0.17,107.3,0.184
2026-05-21,122.68,111.21,107.9,90.06,105.8,122.85,93.4,1.85,2.65,1.75,2.65,0.17,105.75,0.1825
2026-05-22,122.99,111.51,108.21,90.28,106.25,123.3,93.5,1.85,2.65,1.75,2.65,0.17,106.15,0.1825
2026-05-23,,,,,,,,,,,,,,
2026-05-24,,,,,,,,,,,,,,
2026-05-25,123.27,111.85,108.55,90.69,106.8,123.85,93.55,1.85,2.65,1.75,2.65,0.17,,0.185
2026-05-26,121.71,110.6,107.17,89.04,105.1,122.1,90.8,1.8,2.65,1.75,2.65,0.17,,0.185
2026-05-27,,,,,,,,,,,,,,
2026-05-28,121.9,110.83,107.4,89.17,105.35,122.35,91.25,1.8,2.65,1.95,2.85,0.17,,0.1825
2026-05-29,121.89,110.83,107.37,88.58,105.3,121.8,91.3,1.8,2.65,1.95,2.85,0.17,,0.1825
2026-05-30,,,,,,,,,,,,,,
2026-05-31,,,,,,,,,,,,,,
2026-06-01,,,,,,,,,,,,,,
2026-06-02,121.71,110.87,107.37,88.53,104.7,121.2,89.85,1.8,2.65,1.95,2.85,0.17,,0.18
2026-06-03,119.9,109.35,105.84,86.79,103.35,120.15,88.5,1.8,2.85,1.95,2.85,0.17,,0.18
2026-06-04,117.75,107.23,103.69,84.61,101.1,118.2,86.35,1.75,2.85,1.95,2.85,0.17,,0.1765
2026-06-05,117.58,106.98,103.46,84.34,101.5,118.0,86.55,1.75,2.85,1.95,2.85,0.17,,0.1765
2026-06-06,,,,,,,,,,,,,,
2026-06-07,,,,,,,,,,,,,,
2026-06-08,116.4,105.95,101.99,82.92,100.3,116.7,85.4,1.75,2.85,1.95,2.85,0.17,,0.1765
2026-06-09,116.73,106.27,102.32,82.65,100.6,116.9,85.65,1.75,2.85,1.95,2.85,0.17,,0.178
2026-06-10,117.66,107.19,103.24,83.54,101.5,117.6,86.05,1.75,2.85,1.95,2.85,0.17,,0.182
2026-06-11,117.31,106.86,102.92,83.13,101.35,117.45,85.45,1.75,2.85,1.95,2.85,0.17,,0.182
2026-06-12,117.5,107.06,103.12,83.27,101.5,117.6,85.45,1.75,2.85,1.95,2.85,0.17,,0.182
2026-06-13,,,,,,,,,,,,,,
2026-06-14,,,,,,,,,,,,,,
2026-06-15,118.2,107.95,103.83,83.9,102.2,117.9,85.85,1.75,2.85,1.95,2.85,0.17,,0.182
2026-06-16,117.41,107.17,103.05,83.06,101.35,117.05,85.45,1.75,2.85,1.95,2.85,0.17,,0.182
2026-06-17,115.16,104.87,100.79,80.89,99.25,114.95,84.6,1.7,2.85,1.95,2.85,0.17,,0.195
2026-06-18,115.7,105.49,101.37,81.42,99.7,116.0,84.85,1.75,2.85,1.95,2.85,0.23,,0.199
2026-06-19,115.42,105.22,101.11,81.18,98.85,115.15,85.0,1.7,2.85,1.95,2.85,0.23,,0.199
2026-06-20,,,,,,,,,,,,,,
2026-06-21,,,,,,,,,,,,,,
2026-06-22,114.96,104.76,100.65,80.74,97.6,113.9,83.0,1.7,2.85,1.95,2.85,0.23,,0.2
2026-06-23,113.44,103.2,99.12,79.33,96.85,113.75,82.45,1.7,2.85,1.95,2.85,0.23,,0.2
2026-06-24,114.12,103.76,99.76,79.99,98.45,115.35,83.25,1.7,2.85,1.95,2.85,0.3,,0.2
2026-06-25,113.44,103.3,99.16,79.32,97.55,114.45,82.35,1.7,2.85,1.95,2.85,0.3,,0.199
2026-06-26,114.45,104.34,100.2,80.43,98.7,115.4,83.15,1.7,2.85,1.95,2.85,0.3,,0.185
2026-06-27,,,,,,,,,,,,,,
2026-06-28,,,,,,,,,,,,,,
2026-06-29,114.07,103.97,99.86,80.15,98.9,115.4,83.3,1.7,2.85,1.95,2.85,0.3,,0.2
2026-06-30,114.85,104.76,100.65,80.81,99.0,115.5,83.55,1.7,2.85,1.95,2.85,0.3,,0.2
2026-07-01,113.24,103.21,99.1,79.24,97.5,113.5,82.5,1.7,2.85,1.95,2.85,0.3,96.8,0.2
2026-07-02,114.18,104.14,100.04,80.13,98.4,114.4,83.65,1.7,2.85,1.95,2.85,0.3,97.65,0.2
2026-07-03,113.74,104.31,99.67,79.74,97.9,113.9,83.1,1.7,2.85,1.95,2.85,0.3,97.2,0.2
2026-07-04,,,,,,,,,,,,,,
2026-07-05,,,,,,,,,,,,,,
2026-07-06,114.13,104.7,100.06,80.11,98.35,114.35,83.45,1.7,2.85,1.95,2.85,0.3,97.6,0.2
2026-07-07,113.76,104.33,99.71,79.79,97.95,113.95,83.5,1.7,2.85,1.95,2.85,0.3,97.3,0.2
2026-07-08,115.05,105.62,100.99,81.06,99.1,115.1,84.2,1.7,2.85,1.95,2.85,0.3,98.45,0.2045
2026-07-09,114.37,104.88,100.3,80.32,98.45,114.45,83.95,1.7,2.85,1.95,2.85,0.3,97.9,0.2045
2026-07-10,114.97,105.44,100.93,80.91,99.05,114.75,84.15,1.7,2.85,1.95,2.85,0.3,98.45,0.2045
2026-07-11,,,,,,,,,,,,,,
2026-07-12,,,,,,,,,,,,,,
2026-07-13,114.06,104.48,100.03,80.07,98.1,113.8,83.85,1.7,2.85,1.95,2.85,0.3,97.5,0.2045
2026-07-14,115.8,106.24,101.76,81.89,99.95,115.65,85.3,1.75,2.85,1.95,2.85,0.3,99.25,0.2305
2026-07-15,115.99,106.42,101.94,82.18,100.0,115.7,85.4,1.75,2.85,1.95,2.85,0.3,99.55,0.2305
2026-07-16,115.43,105.83,101.35,81.55,99.6,115.3,84.9,1.75,2.85,1.95,2.85,0.3,99.05,0.2305
2026-07-17,115.54,105.94,101.46,81.77,99.8,115.5,85.35,1.75,2.85,1.95,2.85,0.3,99.2,0.2305
2026-07-18,,,,,,,,,,,,,,
2026-07-19,,,,,,,,,,,,,,
2026-07-20,115.05,105.36,100.96,81.37,98.9,114.6,84.8,1.7,2.85,1.95,2.85,0.3,98.85,0.2305
2026-07-21,114.4,103.32,99.42,79.93,97.7,114.55,83.7,1.7,2.85,1.95,2.85,0.3,97.65,0.23
2026-07-22,113.35,102.3,98.37,78.91,96.2,113.05,82.85,1.65,2.85,1.95,2.85,0.3,96.15,0.23
2026-07-23,114.26,103.23,99.3,79.85,97.5,114.35,83.45,1.7,2.85,1.7,2.85,0.3,97.1,0.23
2026-07-24,114.24,103.22,99.29,79.85,97.5,114.55,83.6,1.7,2.85,1.7,2.85,0.3,97.05,0.23
2026-07-25,,,,,,,,,,,,,,
2026-07-26,,,,,,,,,,,,,,
2026-07-27,114.12,103.06,99.17,79.8,97.1,114.15,83.35,1.7,2.85,1.4,2.85,0.3,96.8,0.23
2026-07-28,114.1,103.4,99.16,79.8,97.2,114.25,83.4,1.7,2.85,1.4,2.85,0.3,97.1,0.231
2026-07-29,114.1,103.4,99.15,79.86,97.3,114.35,83.35,1.7,2.85,1.4,2.85,0.3,96.95,0.231
2026-07-30,112.09,101.38,97.15,77.83,95.05,112.1,81.65,1.65,2.85,1.4,2.85,0.3,94.6,0.2385
2026-07-31,112.22,101.57,97.35,78.01,95.3,112.35,81.05,1.65,2.7,1.4,2.85,0.3,94.6,0.2385
2026-08-01,,,,,,,,,,,,,,
2026-08-02,,,,,,,,,,,,,,
2026-08-03,110.22,99.55,95.43,76.03,93.7,110.75,79.65,1.65,2.7,1.4,2.85,0.3,,0.2385
2026-08-04,110.21,99.52,95.43,76.01,93.2,110.25,80.05,1.6,2.7,1.4,2.85,0.3,,0.24
2026-08-05,110.68,100.05,95.91,76.85,93.75,110.8,81.3,1.65,2.7,1.4,2.85,0.3,,0.2405
2026-08-06,112.61,102.4,98.01,79.24,95.95,112.8,82.6,1.65,2.7,1.4,2.85,0.3,,0.2405
2026-08-07,111.45,100.59,96.84,78.07,95.15,112.0,82.0,1.65,2.7,1.4,2.85,0.3,,0.2405
2026-08-08,,,,,,,,,,,,,,
2026-08-09,,,,,,,,,,,,,,
2026-08-10,,,,,,,,,,,,,,
2026-08-11,112.23,101.39,97.63,79.0,95.65,112.5,82.4,1.65,2.7,1.4,2.85,0.3,,0.245
2026-08-12,112.01,101.19,97.42,78.88,95.6,112.15,82.0,1.65,2.7,1.4,2.85,0.3,,0.245
2026-08-13,111.65,100.76,97.36,79.03,95.35,111.9,81.85,1.65,2.7,1.4,2.85,0.3,,0.271
2026-08-14,112.01,100.87,97.72,79.4,95.8,112.35,82.2,1.65,2.7,1.4,2.85,0.3,,0.271
2026-08-15,,,,,,,,,,,,,,
2026-08-16,,,,,,,,,,,,,,
2026-08-17,111.45,100.17,97.17,78.99,95.3,111.85,82.3,1.65,2.6,1.4,2.85,0.3,,0.271
2026-08-18,112.28,101.27,98.03,79.91,96.05,112.6,82.95,1.65,2.6,1.4,2.85,0.3,,0.271
2026-08-19,112.14,100.82,97.9,79.79,95.95,112.3,82.7,1.65,2.6,1.4,2.85,0.3,,0.271
2026-08-20,111.6,100.34,97.3,79.09,95.65,112.0,82.6,1.65,2.6,1.4,2.85,0.3,,0.281
2026-08-21,112.0,100.61,97.7,79.49,95.45,111.8,82.65,1.65,2.6,1.4,2.85,0.3,,0.281
2026-08-22,,,,,,,,,,,,,,
2026-08-23,,,,,,,,,,,,,,
2026-08-24,113.31,102.02,99.01,80.83,97.15,113.2,84.2,1.7,2.6,1.4,2.85,0.3,,0.281
2026-08-25,112.99,101.45,98.73,80.56,97.05,113.1,83.9,1.7,2.5,1.4,2.85,0.3,,0.286
2026-08-26,114.05,102.41,99.79,81.61,98.15,114.2,84.85,1.7,2.5,1.4,2.85,0.3,,0.286
2026-08-27,113.66,102.13,99.5,81.31,97.75,113.65,84.55,1.7,2.5,1.4,2.85,0.3,,0.286
2026-08-28,114.33,102.88,100.25,82.04,98.6,114.2,85.65,1.7,2.5,1.4,3.15,0.3,,0.286
2026-08-29,,,,,,,,,,,,,,
2026-08-30,,,,,,,,,,,,,,
2026-08-31,115.6,104.21,101.6,83.31,99.7,115.2,87.15,1.7,2.5,1.4,3.15,0.3,,0.286
2026-09-01,115.2,104.05,101.44,83.24,99.55,115.05,87.05,1.7,2.5,1.6,3.35,0.3,,0.26
2026-09-02,113.18,102.11,99.53,81.43,97.7,113.2,87.15,1.7,2.5,1.6,3.35,0.3,,0.26
2026-09-03,114.51,103.89,101.31,83.21,99.4,114.7,89.1,1.7,2.5,1.6,3.35,0.3,,0.255
2026-09-04,114.68,104.26,101.54,83.5,99.6,114.7,89.5,1.7,2.4,1.6,3.35,0.3,,0.2475
2026-09-05,,,,,,,,,,,,,,
2026-09-06,,,,,,,,,,,,,,
2026-09-07,115.3,104.9,102.19,84.11,100.05,114.95,90.0,1.7,2.4,1.6,3.35,0.3,,0.2475
2026-09-08,115.61,105.13,102.63,85.12,100.6,115.5,90.3,1.75,2.4,1.6,3.35,0.3,,0.245
2026-09-09,,,,,99.05,113.95,89.35,1.7,2.4,1.6,3.35,0.3,,0.245
